amplitude_kw,minimum_duration_hours,family,weekly_score_cutoff,minimum_evidence_weeks,score_floor,flagged,new_positive_overrides,accuracy,balanced_accuracy,pr_auc,precision,recall,f1,brier
1.5,1.5,block,0.85,1,0.7,56,34,0.31343283582089554,0.5660377358490566,0.4875717148343849,0.23333333333333334,1.0,0.3783783783783784,0.36445970103564956
1.5,1.5,block,0.85,1,0.9,56,34,0.31343283582089554,0.5660377358490566,0.1885189721402111,0.23333333333333334,1.0,0.3783783783783784,0.5708525817292395
1.5,1.5,block,0.85,2,0.7,55,33,0.29850746268656714,0.5303234501347709,0.4813203437009811,0.22033898305084745,0.9285714285714286,0.3561643835616438,0.37250166952344077
1.5,1.5,block,0.85,2,0.9,55,33,0.29850746268656714,0.5303234501347709,0.17763580768561807,0.22033898305084745,0.9285714285714286,0.3561643835616438,0.580088580067777
1.5,1.5,block,0.85,3,0.7,54,32,0.31343283582089554,0.5397574123989218,0.4833221060656566,0.22413793103448276,0.9285714285714286,0.3611111111111111,0.3655971842321133
1.5,1.5,block,0.85,3,0.9,54,32,0.31343283582089554,0.5397574123989218,0.18083292857647926,0.22413793103448276,0.9285714285714286,0.3611111111111111,0.5684079753734645
1.5,1.5,block,0.85,4,0.7,53,31,0.3283582089552239,0.5491913746630728,0.48514701933404936,0.22807017543859648,0.9285714285714286,0.36619718309859156,0.36019170689617996
1.5,1.5,block,0.85,4,0.9,53,31,0.3283582089552239,0.5491913746630728,0.1838994972644249,0.22807017543859648,0.9285714285714286,0.36619718309859156,0.558226378634546
1.5,1.5,block,0.9,1,0.7,55,33,0.3283582089552239,0.5754716981132075,0.48968116730835176,0.23728813559322035,1.0,0.3835616438356164,0.35755521574432214
1.5,1.5,block,0.9,1,0.9,55,33,0.3283582089552239,0.5754716981132075,0.1918973408591119,0.23728813559322035,1.0,0.3835616438356164,0.559171977034927
1.5,1.5,block,0.9,2,0.7,54,32,0.31343283582089554,0.5397574123989218,0.4833221060656566,0.22413793103448276,0.9285714285714286,0.3611111111111111,0.3655971842321133
1.5,1.5,block,0.9,2,0.9,54,32,0.31343283582089554,0.5397574123989218,0.18083292857647926,0.22413793103448276,0.9285714285714286,0.3611111111111111,0.5684079753734645
1.5,1.5,block,0.9,3,0.7,53,31,0.3283582089552239,0.5491913746630728,0.48514701933404936,0.22807017543859648,0.9285714285714286,0.36619718309859156,0.36019170689617996
1.5,1.5,block,0.9,3,0.9,53,31,0.3283582089552239,0.5491913746630728,0.1838994972644249,0.22807017543859648,0.9285714285714286,0.36619718309859156,0.558226378634546
1.5,1.5,block,0.9,4,0.7,52,31,0.3283582089552239,0.5491913746630728,0.4867480637922367,0.22807017543859648,0.9285714285714286,0.36619718309859156,0.35813233334667055
1.5,1.5,block,0.9,4,0.9,52,31,0.3283582089552239,0.5491913746630728,0.1867912321642461,0.22807017543859648,0.9285714285714286,0.36619718309859156,0.5513908856820515
1.5,1.5,block,0.95,1,0.7,48,29,0.3582089552238806,0.5680592991913747,0.49494353296874294,0.23636363636363636,0.9285714285714286,0.37681159420289856,0.33656686651327367
1.5,1.5,block,0.95,1,0.9,48,29,0.3582089552238806,0.5680592991913747,0.20070276523307737,0.23636363636363636,0.9285714285714286,0.37681159420289856,0.5107209412367143
1.5,1.5,block,0.95,2,0.7,43,26,0.373134328358209,0.5512129380053908,0.49722441375717275,0.23076923076923078,0.8571428571428571,0.36363636363636365,0.32067589668867386
1.5,1.5,block,0.95,2,0.9,43,26,0.373134328358209,0.5512129380053908,0.2040314494678629,0.23076923076923078,0.8571428571428571,0.36363636363636365,0.4769195236509205
1.5,1.5,block,0.95,3,0.7,38,23,0.417910447761194,0.5795148247978437,0.5089752630925862,0.24489795918367346,0.8571428571428571,0.38095238095238093,0.2955004706234289
1.5,1.5,block,0.95,3,0.9,38,23,0.417910447761194,0.5795148247978437,0.22569150424491768,0.24489795918367346,0.8571428571428571,0.38095238095238093,0.42786350057075007
1.5,1.5,block,0.95,4,0.7,26,16,0.4925373134328358,0.6004043126684636,0.5107703154994524,0.2619047619047619,0.7857142857142857,0.39285714285714285,0.2701604045690687
1.5,1.5,block,0.95,4,0.9,26,16,0.4925373134328358,0.6004043126684636,0.22825069032529052,0.2619047619047619,0.7857142857142857,0.39285714285714285,0.3646708540651785
1.5,1.5,plateau,0.85,1,0.7,17,13,0.5671641791044776,0.6738544474393531,0.5269875333583316,0.3076923076923077,0.8571428571428571,0.4528301886792453,0.23563002700855926
1.5,1.5,plateau,0.85,1,0.9,17,13,0.5671641791044776,0.6738544474393531,0.2533623857054837,0.3076923076923077,0.8571428571428571,0.4528301886792453,0.3001019002771474
1.5,1.5,plateau,0.85,2,0.7,4,3,0.6865671641791045,0.7230458221024259,0.5637846008412017,0.3793103448275862,0.7857142857142857,0.5116279069767442,0.18681103784652395
1.5,1.5,plateau,0.85,2,0.9,4,3,0.6865671641791045,0.7230458221024259,0.3858522157659595,0.3793103448275862,0.7857142857142857,0.5116279069767442,0.20061061305345565
1.5,1.5,plateau,0.85,3,0.7,0,0,0.7313432835820896,0.7513477088948787,0.5883972887660776,0.4230769230769231,0.7857142857142857,0.55,0.1698718441082243
1.5,1.5,plateau,0.85,3,0.9,0,0,0.7313432835820896,0.7513477088948787,0.5883972887660776,0.4230769230769231,0.7857142857142857,0.55,0.1698718441082243
1.5,1.5,plateau,0.85,4,0.7,0,0,0.7313432835820896,0.7513477088948787,0.5883972887660776,0.4230769230769231,0.7857142857142857,0.55,0.1698718441082243
1.5,1.5,plateau,0.85,4,0.9,0,0,0.7313432835820896,0.7513477088948787,0.5883972887660776,0.4230769230769231,0.7857142857142857,0.55,0.1698718441082243
1.5,1.5,plateau,0.9,1,0.7,6,6,0.6417910447761194,0.694743935309973,0.5462571806065873,0.34375,0.7857142857142857,0.4782608695652174,0.2027250643598992
1.5,1.5,plateau,0.9,1,0.9,6,6,0.6417910447761194,0.694743935309973,0.3135256264464618,0.34375,0.7857142857142857,0.4782608695652174,0.23138178077780966
1.5,1.5,plateau,0.9,2,0.7,0,0,0.7313432835820896,0.7513477088948787,0.5883972887660776,0.4230769230769231,0.7857142857142857,0.55,0.1698718441082243
1.5,1.5,plateau,0.9,2,0.9,0,0,0.7313432835820896,0.7513477088948787,0.5883972887660776,0.4230769230769231,0.7857142857142857,0.55,0.1698718441082243
1.5,1.5,plateau,0.9,3,0.7,0,0,0.7313432835820896,0.7513477088948787,0.5883972887660776,0.4230769230769231,0.7857142857142857,0.55,0.1698718441082243
1.5,1.5,plateau,0.9,3,0.9,0,0,0.7313432835820896,0.7513477088948787,0.5883972887660776,0.4230769230769231,0.7857142857142857,0.55,0.1698718441082243
1.5,1.5,plateau,0.9,4,0.7,0,0,0.7313432835820896,0.7513477088948787,0.5883972887660776,0.4230769230769231,0.7857142857142857,0.55,0.1698718441082243
1.5,1.5,plateau,0.9,4,0.9,0,0,0.7313432835820896,0.7513477088948787,0.5883972887660776,0.4230769230769231,0.7857142857142857,0.55,0.1698718441082243
1.5,1.5,plateau,0.95,1,0.7,0,0,0.7313432835820896,0.7513477088948787,0.5883972887660776,0.4230769230769231,0.7857142857142857,0.55,0.1698718441082243
1.5,1.5,plateau,0.95,1,0.9,0,0,0.7313432835820896,0.7513477088948787,0.5883972887660776,0.4230769230769231,0.7857142857142857,0.55,0.1698718441082243
1.5,1.5,plateau,0.95,2,0.7,0,0,0.7313432835820896,0.7513477088948787,0.5883972887660776,0.4230769230769231,0.7857142857142857,0.55,0.1698718441082243
1.5,1.5,plateau,0.95,2,0.9,0,0,0.7313432835820896,0.7513477088948787,0.5883972887660776,0.4230769230769231,0.7857142857142857,0.55,0.1698718441082243
1.5,1.5,plateau,0.95,3,0.7,0,0,0.7313432835820896,0.7513477088948787,0.5883972887660776,0.4230769230769231,0.7857142857142857,0.55,0.1698718441082243
1.5,1.5,plateau,0.95,3,0.9,0,0,0.7313432835820896,0.7513477088948787,0.5883972887660776,0.4230769230769231,0.7857142857142857,0.55,0.1698718441082243
1.5,1.5,plateau,0.95,4,0.7,0,0,0.7313432835820896,0.7513477088948787,0.5883972887660776,0.4230769230769231,0.7857142857142857,0.55,0.1698718441082243
1.5,1.5,plateau,0.95,4,0.9,0,0,0.7313432835820896,0.7513477088948787,0.5883972887660776,0.4230769230769231,0.7857142857142857,0.55,0.1698718441082243
1.5,1.5,repeat,0.85,1,0.7,56,34,0.31343283582089554,0.5660377358490566,0.4875717148343849,0.23333333333333334,1.0,0.3783783783783784,0.36445970103564956
1.5,1.5,repeat,0.85,1,0.9,56,34,0.31343283582089554,0.5660377358490566,0.1885189721402111,0.23333333333333334,1.0,0.3783783783783784,0.5708525817292395
1.5,1.5,repeat,0.85,2,0.7,55,33,0.29850746268656714,0.5303234501347709,0.4813203437009811,0.22033898305084745,0.9285714285714286,0.3561643835616438,0.37250166952344077
1.5,1.5,repeat,0.85,2,0.9,55,33,0.29850746268656714,0.5303234501347709,0.17763580768561807,0.22033898305084745,0.9285714285714286,0.3561643835616438,0.580088580067777
1.5,1.5,repeat,0.85,3,0.7,51,29,0.3283582089552239,0.522911051212938,0.48190313335863044,0.21818181818181817,0.8571428571428571,0.34782608695652173,0.3596688599620572
1.5,1.5,repeat,0.85,3,0.9,51,29,0.3283582089552239,0.522911051212938,0.1769737595771875,0.21818181818181817,0.8571428571428571,0.34782608695652173,0.5541214421481845
1.5,1.5,repeat,0.85,4,0.7,50,28,0.34328358208955223,0.532345013477089,0.48350296609053867,0.2222222222222222,0.8571428571428571,0.35294117647058826,0.3542633826261239
1.5,1.5,repeat,0.85,4,0.9,50,28,0.34328358208955223,0.532345013477089,0.17983118968766976,0.2222222222222222,0.8571428571428571,0.35294117647058826,0.5439398454092661
1.5,1.5,repeat,0.9,1,0.7,55,33,0.3283582089552239,0.5754716981132075,0.48968116730835176,0.23728813559322035,1.0,0.3835616438356164,0.35755521574432214
1.5,1.5,repeat,0.9,1,0.9,55,33,0.3283582089552239,0.5754716981132075,0.1918973408591119,0.23728813559322035,1.0,0.3835616438356164,0.559171977034927
1.5,1.5,repeat,0.9,2,0.7,54,32,0.31343283582089554,0.5397574123989218,0.4833221060656566,0.22413793103448276,0.9285714285714286,0.3611111111111111,0.3655971842321133
1.5,1.5,repeat,0.9,2,0.9,54,32,0.31343283582089554,0.5397574123989218,0.18083292857647926,0.22413793103448276,0.9285714285714286,0.3611111111111111,0.5684079753734645
1.5,1.5,repeat,0.9,3,0.7,50,28,0.34328358208955223,0.532345013477089,0.48350296609053867,0.2222222222222222,0.8571428571428571,0.35294117647058826,0.3542633826261239
1.5,1.5,repeat,0.9,3,0.9,50,28,0.34328358208955223,0.532345013477089,0.17983118968766976,0.2222222222222222,0.8571428571428571,0.35294117647058826,0.5439398454092661
1.5,1.5,repeat,0.9,4,0.7,48,28,0.34328358208955223,0.532345013477089,0.48658162377518954,0.2222222222222222,0.8571428571428571,0.35294117647058826,0.347283646402019
1.5,1.5,repeat,0.9,4,0.9,48,28,0.34328358208955223,0.532345013477089,0.18558551104438303,0.2222222222222222,0.8571428571428571,0.35294117647058826,0.527407870379191
1.5,1.5,repeat,0.95,1,0.7,46,27,0.3582089552238806,0.5417789757412399,0.4912495749806479,0.22641509433962265,0.8571428571428571,0.3582089552238806,0.3353773460779435
1.5,1.5,repeat,0.95,1,0.9,46,27,0.3582089552238806,0.5417789757412399,0.19316681273606473,0.22641509433962265,0.8571428571428571,0.3582089552238806,0.5059493312491453
1.5,1.5,repeat,0.95,2,0.7,38,22,0.43283582089552236,0.5889487870619946,0.5099730589869936,0.25,0.8571428571428571,0.3870967741935484,0.2909398452060238
1.5,1.5,repeat,0.95,2,0.9,38,22,0.43283582089552236,0.5889487870619946,0.22668930013932517,0.25,0.8571428571428571,0.3870967741935484,0.42330287515334497
1.5,1.5,repeat,0.95,3,0.7,31,18,0.4925373134328358,0.6266846361185984,0.5124301366797309,0.2727272727272727,0.8571428571428571,0.41379310344827586,0.2707870921668935
1.5,1.5,repeat,0.95,3,0.9,31,18,0.4925373134328358,0.6266846361185984,0.2271918294800182,0.2727272727272727,0.8571428571428571,0.41379310344827586,0.3816575848007819
1.5,1.5,repeat,0.95,4,0.7,20,12,0.5522388059701493,0.6381401617250674,0.5187149834145269,0.2894736842105263,0.7857142857142857,0.4230769230769231,0.24927635269391002
1.5,1.5,repeat,0.95,4,0.9,20,12,0.5522388059701493,0.6381401617250674,0.23212100803173177,0.2894736842105263,0.7857142857142857,0.4230769230769231,0.3265473399492589
1.5,2.0,block,0.85,1,0.7,55,33,0.3283582089552239,0.5754716981132075,0.48968116730835176,0.23728813559322035,1.0,0.3835616438356164,0.3590542236997162
1.5,2.0,block,0.85,1,0.9,55,33,0.3283582089552239,0.5754716981132075,0.1918973408591119,0.23728813559322035,1.0,0.3835616438356164,0.560670984990321
1.5,2.0,block,0.85,2,0.7,54,32,0.31343283582089554,0.5397574123989218,0.48308172145027206,0.22413793103448276,0.9285714285714286,0.3611111111111111,0.36709619218750744
1.5,2.0,block,0.85,2,0.9,54,32,0.31343283582089554,0.5397574123989218,0.18059254396109464,0.22413793103448276,0.9285714285714286,0.3611111111111111,0.5699069833288586
1.5,2.0,block,0.85,3,0.7,53,31,0.3283582089552239,0.5491913746630728,0.48514701933404936,0.22807017543859648,0.9285714285714286,0.36619718309859156,0.36019170689617996
1.5,2.0,block,0.85,3,0.9,53,31,0.3283582089552239,0.5491913746630728,0.1838994972644249,0.22807017543859648,0.9285714285714286,0.36619718309859156,0.558226378634546
1.5,2.0,block,0.85,4,0.7,52,30,0.34328358208955223,0.5586253369272237,0.4870389696282552,0.23214285714285715,0.9285714285714286,0.37142857142857144,0.3539967006260567
1.5,2.0,block,0.85,4,0.9,52,30,0.34328358208955223,0.5586253369272237,0.18708213800026469,0.23214285714285715,0.9285714285714286,0.37142857142857144,0.5472552529614377
1.5,2.0,block,0.9,1,0.7,53,31,0.3283582089552239,0.5491913746630728,0.48514701933404936,0.22807017543859648,0.9285714285714286,0.36619718309859156,0.36019170689617996
1.5,2.0,block,0.9,1,0.9,53,31,0.3283582089552239,0.5491913746630728,0.1838994972644249,0.22807017543859648,0.9285714285714286,0.36619718309859156,0.558226378634546
1.5,2.0,block,0.9,2,0.7,53,31,0.3283582089552239,0.5491913746630728,0.48514701933404936,0.22807017543859648,0.9285714285714286,0.36619718309859156,0.36019170689617996
1.5,2.0,block,0.9,2,0.9,53,31,0.3283582089552239,0.5491913746630728,0.1838994972644249,0.22807017543859648,0.9285714285714286,0.36619718309859156,0.558226378634546
1.5,2.0,block,0.9,3,0.7,52,30,0.34328358208955223,0.5586253369272237,0.4870389696282552,0.23214285714285715,0.9285714285714286,0.37142857142857144,0.3539967006260567
1.5,2.0,block,0.9,3,0.9,52,30,0.34328358208955223,0.5586253369272237,0.18708213800026469,0.23214285714285715,0.9285714285714286,0.37142857142857144,0.5472552529614377
1.5,2.0,block,0.9,4,0.7,51,30,0.34328358208955223,0.5586253369272237,0.4887002363838617,0.23214285714285715,0.9285714285714286,0.37142857142857144,0.35193732707654724
1.5,2.0,block,0.9,4,0.9,51,30,0.34328358208955223,0.5586253369272237,0.1900860882572671,0.23214285714285715,0.9285714285714286,0.37142857142857144,0.5404197600089432
1.5,2.0,block,0.95,1,0.7,43,24,0.40298507462686567,0.5700808625336927,0.4976309019121796,0.24,0.8571428571428571,0.375,0.31803662355542095
1.5,2.0,block,0.95,1,0.9,43,24,0.40298507462686567,0.5700808625336927,0.20443793762286983,0.24,0.8571428571428571,0.375,0.4742802505176675
1.5,2.0,block,0.95,2,0.7,33,19,0.47761194029850745,0.6172506738544474,0.5110230522490633,0.26666666666666666,0.8571428571428571,0.4067796610169492,0.28060999380847895
1.5,2.0,block,0.95,2,0.9,33,19,0.47761194029850745,0.6172506738544474,0.21921453523046228,0.26666666666666666,0.8571428571428571,0.4067796610169492,0.4009883182768368
1.5,2.0,block,0.95,3,0.7,21,11,0.5671641791044776,0.6475741239892183,0.5291157956557668,0.2972972972972973,0.7857142857142857,0.43137254901960786,0.23858465438183332
1.5,2.0,block,0.95,3,0.9,21,11,0.5671641791044776,0.6475741239892183,0.266868162336705,0.2972972972972973,0.7857142857142857,0.43137254901960786,0.30921450686301777
1.5,2.0,block,0.95,4,0.7,17,9,0.5970149253731343,0.6664420485175202,0.5349629576744633,0.3142857142857143,0.7857142857142857,0.4489795918367347,0.22411435070896876
1.5,2.0,block,0.95,4,0.9,17,9,0.5970149253731343,0.6664420485175202,0.2780453421434025,0.3142857142857143,0.7857142857142857,0.4489795918367347,0.2816098748319442
1.5,2.0,plateau,0.85,1,0.7,10,7,0.6567164179104478,0.7304582210242587,0.5602885485666886,0.36363636363636365,0.8571428571428571,0.5106382978723404,0.19997916636664223
1.5,2.0,plateau,0.85,1,0.9,10,7,0.6567164179104478,0.7304582210242587,0.3442232588144242,0.36363636363636365,0.8571428571428571,0.5106382978723404,0.23101820381433485
1.5,2.0,plateau,0.85,2,0.7,2,1,0.7164179104477612,0.7419137466307277,0.5788345209162877,0.4074074074074074,0.7857142857142857,0.5365853658536586,0.17645172774612983
1.5,2.0,plateau,0.85,2,0.9,2,1,0.7164179104477612,0.7419137466307277,0.48232091547411093,0.4074074074074074,0.7857142857142857,0.5365853658536586,0.1806990641470914
1.5,2.0,plateau,0.85,3,0.7,0,0,0.7313432835820896,0.7513477088948787,0.5883972887660776,0.4230769230769231,0.7857142857142857,0.55,0.1698718441082243
1.5,2.0,plateau,0.85,3,0.9,0,0,0.7313432835820896,0.7513477088948787,0.5883972887660776,0.4230769230769231,0.7857142857142857,0.55,0.1698718441082243
1.5,2.0,plateau,0.85,4,0.7,0,0,0.7313432835820896,0.7513477088948787,0.5883972887660776,0.4230769230769231,0.7857142857142857,0.55,0.1698718441082243
1.5,2.0,plateau,0.85,4,0.9,0,0,0.7313432835820896,0.7513477088948787,0.5883972887660776,0.4230769230769231,0.7857142857142857,0.55,0.1698718441082243
1.5,2.0,plateau,0.9,1,0.7,3,3,0.6865671641791045,0.7230458221024259,0.5637846008412017,0.3793103448275862,0.7857142857142857,0.5116279069767442,0.18672551905294968
1.5,2.0,plateau,0.9,1,0.9,3,3,0.6865671641791045,0.7230458221024259,0.3858522157659595,0.3793103448275862,0.7857142857142857,0.5116279069767442,0.2010538772619049
1.5,2.0,plateau,0.9,2,0.7,0,0,0.7313432835820896,0.7513477088948787,0.5883972887660776,0.4230769230769231,0.7857142857142857,0.55,0.1698718441082243
1.5,2.0,plateau,0.9,2,0.9,0,0,0.7313432835820896,0.7513477088948787,0.5883972887660776,0.4230769230769231,0.7857142857142857,0.55,0.1698718441082243
1.5,2.0,plateau,0.9,3,0.7,0,0,0.7313432835820896,0.7513477088948787,0.5883972887660776,0.4230769230769231,0.7857142857142857,0.55,0.1698718441082243
1.5,2.0,plateau,0.9,3,0.9,0,0,0.7313432835820896,0.7513477088948787,0.5883972887660776,0.4230769230769231,0.7857142857142857,0.55,0.1698718441082243
1.5,2.0,plateau,0.9,4,0.7,0,0,0.7313432835820896,0.7513477088948787,0.5883972887660776,0.4230769230769231,0.7857142857142857,0.55,0.1698718441082243
1.5,2.0,plateau,0.9,4,0.9,0,0,0.7313432835820896,0.7513477088948787,0.5883972887660776,0.4230769230769231,0.7857142857142857,0.55,0.1698718441082243
1.5,2.0,plateau,0.95,1,0.7,0,0,0.7313432835820896,0.7513477088948787,0.5883972887660776,0.4230769230769231,0.7857142857142857,0.55,0.1698718441082243
1.5,2.0,plateau,0.95,1,0.9,0,0,0.7313432835820896,0.7513477088948787,0.5883972887660776,0.4230769230769231,0.7857142857142857,0.55,0.1698718441082243
1.5,2.0,plateau,0.95,2,0.7,0,0,0.7313432835820896,0.7513477088948787,0.5883972887660776,0.4230769230769231,0.7857142857142857,0.55,0.1698718441082243
1.5,2.0,plateau,0.95,2,0.9,0,0,0.7313432835820896,0.7513477088948787,0.5883972887660776,0.4230769230769231,0.7857142857142857,0.55,0.1698718441082243
1.5,2.0,plateau,0.95,3,0.7,0,0,0.7313432835820896,0.7513477088948787,0.5883972887660776,0.4230769230769231,0.7857142857142857,0.55,0.1698718441082243
1.5,2.0,plateau,0.95,3,0.9,0,0,0.7313432835820896,0.7513477088948787,0.5883972887660776,0.4230769230769231,0.7857142857142857,0.55,0.1698718441082243
1.5,2.0,plateau,0.95,4,0.7,0,0,0.7313432835820896,0.7513477088948787,0.5883972887660776,0.4230769230769231,0.7857142857142857,0.55,0.1698718441082243
1.5,2.0,plateau,0.95,4,0.9,0,0,0.7313432835820896,0.7513477088948787,0.5883972887660776,0.4230769230769231,0.7857142857142857,0.55,0.1698718441082243
1.5,2.0,repeat,0.85,1,0.7,55,33,0.3283582089552239,0.5754716981132075,0.48968116730835176,0.23728813559322035,1.0,0.3835616438356164,0.3590542236997162
1.5,2.0,repeat,0.85,1,0.9,55,33,0.3283582089552239,0.5754716981132075,0.1918973408591119,0.23728813559322035,1.0,0.3835616438356164,0.560670984990321
1.5,2.0,repeat,0.85,2,0.7,54,32,0.31343283582089554,0.5397574123989218,0.48308172145027206,0.22413793103448276,0.9285714285714286,0.3611111111111111,0.36709619218750744
1.5,2.0,repeat,0.85,2,0.9,54,32,0.31343283582089554,0.5397574123989218,0.18059254396109464,0.22413793103448276,0.9285714285714286,0.3611111111111111,0.5699069833288586
1.5,2.0,repeat,0.85,3,0.7,50,28,0.34328358208955223,0.532345013477089,0.48350296609053867,0.2222222222222222,0.8571428571428571,0.35294117647058826,0.3542633826261239
1.5,2.0,repeat,0.85,3,0.9,50,28,0.34328358208955223,0.532345013477089,0.17983118968766976,0.2222222222222222,0.8571428571428571,0.35294117647058826,0.5439398454092661
1.5,2.0,repeat,0.85,4,0.7,49,27,0.3582089552238806,0.5417789757412399,0.48543625666822454,0.22641509433962265,0.8571428571428571,0.3582089552238806,0.3480683763560005
1.5,2.0,repeat,0.85,4,0.9,49,27,0.3582089552238806,0.5417789757412399,0.18307445480462198,0.22641509433962265,0.8571428571428571,0.3582089552238806,0.5329687197361577
1.5,2.0,repeat,0.9,1,0.7,53,31,0.3283582089552239,0.5491913746630728,0.48514701933404936,0.22807017543859648,0.9285714285714286,0.36619718309859156,0.36019170689617996
1.5,2.0,repeat,0.9,1,0.9,53,31,0.3283582089552239,0.5491913746630728,0.1838994972644249,0.22807017543859648,0.9285714285714286,0.36619718309859156,0.558226378634546
1.5,2.0,repeat,0.9,2,0.7,53,31,0.3283582089552239,0.5491913746630728,0.48514701933404936,0.22807017543859648,0.9285714285714286,0.36619718309859156,0.36019170689617996
1.5,2.0,repeat,0.9,2,0.9,53,31,0.3283582089552239,0.5491913746630728,0.1838994972644249,0.22807017543859648,0.9285714285714286,0.36619718309859156,0.558226378634546
1.5,2.0,repeat,0.9,3,0.7,49,27,0.3582089552238806,0.5417789757412399,0.48543625666822454,0.22641509433962265,0.8571428571428571,0.3582089552238806,0.3480683763560005
1.5,2.0,repeat,0.9,3,0.9,49,27,0.3582089552238806,0.5417789757412399,0.18307445480462198,0.22641509433962265,0.8571428571428571,0.3582089552238806,0.5329687197361577
1.5,2.0,repeat,0.9,4,0.7,47,27,0.3582089552238806,0.5417789757412399,0.4886382909548813,0.22641509433962265,0.8571428571428571,0.3582089552238806,0.34108864013189566
1.5,2.0,repeat,0.9,4,0.9,47,27,0.3582089552238806,0.5417789757412399,0.18906720872259636,0.22641509433962265,0.8571428571428571,0.3582089552238806,0.5164367447060827
1.5,2.0,repeat,0.95,1,0.7,41,22,0.43283582089552236,0.5889487870619946,0.503286591767814,0.25,0.8571428571428571,0.3870967741935484,0.30353679450902693
1.5,2.0,repeat,0.95,1,0.9,41,22,0.43283582089552236,0.5889487870619946,0.2137604863738698,0.25,0.8571428571428571,0.3870967741935484,0.4502281826653034
1.5,2.0,repeat,0.95,2,0.7,28,16,0.5223880597014925,0.6455525606469003,0.5180753926524603,0.2857142857142857,0.8571428571428571,0.42857142857142855,0.26104515234379216
1.5,2.0,repeat,0.95,2,0.9,28,16,0.5223880597014925,0.6455525606469003,0.22951819001612214,0.2857142857142857,0.8571428571428571,0.42857142857142855,0.3635130290509559
1.5,2.0,repeat,0.95,3,0.7,16,8,0.6119402985074627,0.6758760107816711,0.5391346214281786,0.3235294117647059,0.7857142857142857,0.4583333333333333,0.2193294637839642
1.5,2.0,repeat,0.95,3,0.9,16,8,0.6119402985074627,0.6758760107816711,0.2888218647465586,0.3235294117647059,0.7857142857142857,0.4583333333333333,0.2720488685039546
1.5,2.0,repeat,0.95,4,0.7,11,5,0.6567164179104478,0.704177897574124,0.5581941368663657,0.3548387096774194,0.7857142857142857,0.4888888888888889,0.1997249279460712
1.5,2.0,repeat,0.95,4,0.9,11,5,0.6567164179104478,0.704177897574124,0.329868488425171,0.3548387096774194,0.7857142857142857,0.4888888888888889,0.23401084057455443
3.0,1.5,block,0.85,1,0.7,52,30,0.34328358208955223,0.5586253369272237,0.4870389696282552,0.23214285714285715,0.9285714285714286,0.37142857142857144,0.3539967006260567
3.0,1.5,block,0.85,1,0.9,52,30,0.34328358208955223,0.5586253369272237,0.18708213800026469,0.23214285714285715,0.9285714285714286,0.37142857142857144,0.5472552529614377
3.0,1.5,block,0.85,2,0.7,50,30,0.34328358208955223,0.5586253369272237,0.4907266728105676,0.23214285714285715,0.9285714285714286,0.37142857142857144,0.3470169644019518
3.0,1.5,block,0.85,2,0.9,50,30,0.34328358208955223,0.5586253369272237,0.19351040168673353,0.23214285714285715,0.9285714285714286,0.37142857142857144,0.5307232779313626
3.0,1.5,block,0.85,3,0.7,48,28,0.373134328358209,0.5774932614555256,0.49526798140639894,0.24074074074074073,0.9285714285714286,0.38235294117647056,0.33333899461508737
3.0,1.5,block,0.85,3,0.9,48,28,0.373134328358209,0.5774932614555256,0.20102721367073334,0.24074074074074073,0.9285714285714286,0.38235294117647056,0.5074930693385281
3.0,1.5,block,0.85,4,0.7,48,28,0.373134328358209,0.5774932614555256,0.49526798140639894,0.24074074074074073,0.9285714285714286,0.38235294117647056,0.33333899461508737
3.0,1.5,block,0.85,4,0.9,48,28,0.373134328358209,0.5774932614555256,0.20102721367073334,0.24074074074074073,0.9285714285714286,0.38235294117647056,0.5074930693385281
3.0,1.5,block,0.9,1,0.7,49,29,0.3582089552238806,0.5680592991913747,0.4930797105166852,0.23636363636363636,0.9285714285714286,0.37681159420289856,0.3398717224906384
3.0,1.5,block,0.9,1,0.9,49,29,0.3582089552238806,0.5680592991913747,0.19731997805227097,0.23636363636363636,0.9285714285714286,0.37681159420289856,0.5188019166170641
3.0,1.5,block,0.9,2,0.7,48,28,0.373134328358209,0.5774932614555256,0.49526798140639894,0.24074074074074073,0.9285714285714286,0.38235294117647056,0.33333899461508737
3.0,1.5,block,0.9,2,0.9,48,28,0.373134328358209,0.5774932614555256,0.20102721367073334,0.24074074074074073,0.9285714285714286,0.38235294117647056,0.5074930693385281
3.0,1.5,block,0.9,3,0.7,46,27,0.3880597014925373,0.5869272237196765,0.4995647068351149,0.24528301886792453,0.9285714285714286,0.3880597014925373,0.32586442064234017
3.0,1.5,block,0.9,3,0.9,46,27,0.3880597014925373,0.5869272237196765,0.20856588362405443,0.24528301886792453,0.9285714285714286,0.3880597014925373,0.4904662565598107
3.0,1.5,block,0.9,4,0.7,44,26,0.40298507462686567,0.5963611859838275,0.5042177062005807,0.25,0.9285714285714286,0.3939393939393939,0.31634869551757716
3.0,1.5,block,0.9,4,0.9,44,26,0.40298507462686567,0.5963611859838275,0.21676464856118774,0.25,0.9285714285714286,0.3939393939393939,0.47139829262907745
3.0,1.5,block,0.95,1,0.7,37,22,0.4626865671641791,0.6340970350404312,0.5221965857253666,0.2708333333333333,0.9285714285714286,0.41935483870967744,0.2826176618139421
3.0,1.5,block,0.95,1,0.9,37,22,0.4626865671641791,0.6340970350404312,0.23591299361470697,0.2708333333333333,0.9285714285714286,0.41935483870967744,0.41001210883011446
3.0,1.5,block,0.95,2,0.7,27,14,0.582089552238806,0.7095687331536389,0.5477673346194987,0.325,0.9285714285714286,0.48148148148148145,0.23550542752150713
3.0,1.5,block,0.95,2,0.9,27,14,0.582089552238806,0.7095687331536389,0.26637455503825574,0.325,0.9285714285714286,0.48148148148148145,0.3264137321665686
3.0,1.5,block,0.95,3,0.7,21,12,0.582089552238806,0.683288409703504,0.5430262500480418,0.3157894736842105,0.8571428571428571,0.46153846153846156,0.2352744222130571
3.0,1.5,block,0.95,3,0.9,21,12,0.582089552238806,0.683288409703504,0.26272872148964366,0.3157894736842105,0.8571428571428571,0.46153846153846156,0.31068613276893703
3.0,1.5,block,0.95,4,0.7,15,9,0.5970149253731343,0.6664420485175202,0.5333964705356895,0.3142857142857143,0.7857142857142857,0.4489795918367347,0.22911125362242823
3.0,1.5,block,0.95,4,0.9,15,9,0.5970149253731343,0.6664420485175202,0.2574548857678111,0.3142857142857143,0.7857142857142857,0.4489795918367347,0.2878065462678604
3.0,1.5,plateau,0.85,1,0.7,14,7,0.6865671641791045,0.7756064690026954,0.598692965059312,0.3939393939393939,0.9285714285714286,0.5531914893617021,0.1909774549808468
3.0,1.5,plateau,0.85,1,0.9,14,7,0.6865671641791045,0.7756064690026954,0.3579915090383071,0.3939393939393939,0.9285714285714286,0.5531914893617021,0.23280827315916816
3.0,1.5,plateau,0.85,2,0.7,6,3,0.7164179104477612,0.7681940700808625,0.5882345830507909,0.41379310344827586,0.8571428571428571,0.5581395348837209,0.18139662119287436
3.0,1.5,plateau,0.85,2,0.9,6,3,0.7164179104477612,0.7681940700808625,0.38351172654222027,0.41379310344827586,0.8571428571428571,0.5581395348837209,0.20228648607921548
3.0,1.5,plateau,0.85,3,0.7,0,0,0.7313432835820896,0.7513477088948787,0.5883972887660776,0.4230769230769231,0.7857142857142857,0.55,0.1698718441082243
3.0,1.5,plateau,0.85,3,0.9,0,0,0.7313432835820896,0.7513477088948787,0.5883972887660776,0.4230769230769231,0.7857142857142857,0.55,0.1698718441082243
3.0,1.5,plateau,0.85,4,0.7,0,0,0.7313432835820896,0.7513477088948787,0.5883972887660776,0.4230769230769231,0.7857142857142857,0.55,0.1698718441082243
3.0,1.5,plateau,0.85,4,0.9,0,0,0.7313432835820896,0.7513477088948787,0.5883972887660776,0.4230769230769231,0.7857142857142857,0.55,0.1698718441082243
3.0,1.5,plateau,0.9,1,0.7,3,1,0.746268656716418,0.7870619946091644,0.6245003178038891,0.4444444444444444,0.8571428571428571,0.5853658536585366,0.16381694141168598
3.0,1.5,plateau,0.9,1,0.9,3,1,0.746268656716418,0.7870619946091644,0.5741034924070638,0.4444444444444444,0.8571428571428571,0.5853658536585366,0.16519880122129718
3.0,1.5,plateau,0.9,2,0.7,1,1,0.746268656716418,0.7870619946091644,0.6245003178038891,0.4444444444444444,0.8571428571428571,0.5853658536585366,0.16381694141168598
3.0,1.5,plateau,0.9,2,0.9,1,1,0.746268656716418,0.7870619946091644,0.6538653971689685,0.4444444444444444,0.8571428571428571,0.5853658536585366,0.16262291156093972
3.0,1.5,plateau,0.9,3,0.7,0,0,0.7313432835820896,0.7513477088948787,0.5883972887660776,0.4230769230769231,0.7857142857142857,0.55,0.1698718441082243
3.0,1.5,plateau,0.9,3,0.9,0,0,0.7313432835820896,0.7513477088948787,0.5883972887660776,0.4230769230769231,0.7857142857142857,0.55,0.1698718441082243
3.0,1.5,plateau,0.9,4,0.7,0,0,0.7313432835820896,0.7513477088948787,0.5883972887660776,0.4230769230769231,0.7857142857142857,0.55,0.1698718441082243
3.0,1.5,plateau,0.9,4,0.9,0,0,0.7313432835820896,0.7513477088948787,0.5883972887660776,0.4230769230769231,0.7857142857142857,0.55,0.1698718441082243
3.0,1.5,plateau,0.95,1,0.7,0,0,0.7313432835820896,0.7513477088948787,0.5883972887660776,0.4230769230769231,0.7857142857142857,0.55,0.1698718441082243
3.0,1.5,plateau,0.95,1,0.9,0,0,0.7313432835820896,0.7513477088948787,0.5883972887660776,0.4230769230769231,0.7857142857142857,0.55,0.1698718441082243
3.0,1.5,plateau,0.95,2,0.7,0,0,0.7313432835820896,0.7513477088948787,0.5883972887660776,0.4230769230769231,0.7857142857142857,0.55,0.1698718441082243
3.0,1.5,plateau,0.95,2,0.9,0,0,0.7313432835820896,0.7513477088948787,0.5883972887660776,0.4230769230769231,0.7857142857142857,0.55,0.1698718441082243
3.0,1.5,plateau,0.95,3,0.7,0,0,0.7313432835820896,0.7513477088948787,0.5883972887660776,0.4230769230769231,0.7857142857142857,0.55,0.1698718441082243
3.0,1.5,plateau,0.95,3,0.9,0,0,0.7313432835820896,0.7513477088948787,0.5883972887660776,0.4230769230769231,0.7857142857142857,0.55,0.1698718441082243
3.0,1.5,plateau,0.95,4,0.7,0,0,0.7313432835820896,0.7513477088948787,0.5883972887660776,0.4230769230769231,0.7857142857142857,0.55,0.1698718441082243
3.0,1.5,plateau,0.95,4,0.9,0,0,0.7313432835820896,0.7513477088948787,0.5883972887660776,0.4230769230769231,0.7857142857142857,0.55,0.1698718441082243
3.0,1.5,repeat,0.85,1,0.7,52,30,0.34328358208955223,0.5586253369272237,0.4870389696282552,0.23214285714285715,0.9285714285714286,0.37142857142857144,0.3539967006260567
3.0,1.5,repeat,0.85,1,0.9,52,30,0.34328358208955223,0.5586253369272237,0.18708213800026469,0.23214285714285715,0.9285714285714286,0.37142857142857144,0.5472552529614377
3.0,1.5,repeat,0.85,2,0.7,49,29,0.3582089552238806,0.5680592991913747,0.4928316946436694,0.23636363636363636,0.9285714285714286,0.37681159420289856,0.340347510960434
3.0,1.5,repeat,0.85,2,0.9,49,29,0.3582089552238806,0.5680592991913747,0.1970719621792551,0.23636363636363636,0.9285714285714286,0.37681159420289856,0.5192777050868598
3.0,1.5,repeat,0.85,3,0.7,45,26,0.40298507462686567,0.5963611859838275,0.4999148468911373,0.25,0.9285714285714286,0.3939393939393939,0.32135576764849294
3.0,1.5,repeat,0.85,3,0.9,45,26,0.40298507462686567,0.5963611859838275,0.1987020830313536,0.25,0.9285714285714286,0.3939393939393939,0.4864863865679868
3.0,1.5,repeat,0.85,4,0.7,42,24,0.40298507462686567,0.5700808625336927,0.49731825159952936,0.24,0.8571428571428571,0.375,0.3202014579621952
3.0,1.5,repeat,0.85,4,0.9,42,24,0.40298507462686567,0.5700808625336927,0.1944353648295994,0.24,0.8571428571428571,0.375,0.4769738679264652
3.0,1.5,repeat,0.9,1,0.7,49,29,0.3582089552238806,0.5680592991913747,0.4930797105166852,0.23636363636363636,0.9285714285714286,0.37681159420289856,0.3398717224906384
3.0,1.5,repeat,0.9,1,0.9,49,29,0.3582089552238806,0.5680592991913747,0.19731997805227097,0.23636363636363636,0.9285714285714286,0.37681159420289856,0.5188019166170641
3.0,1.5,repeat,0.9,2,0.7,45,26,0.40298507462686567,0.5963611859838275,0.5020206664225974,0.25,0.9285714285714286,0.3939393939393939,0.31946032879073344
3.0,1.5,repeat,0.9,2,0.9,45,26,0.40298507462686567,0.5963611859838275,0.21275414575327511,0.25,0.9285714285714286,0.3939393939393939,0.47928604530521873
3.0,1.5,repeat,0.9,3,0.7,42,24,0.43283582089552236,0.6152291105121294,0.5072551795045139,0.26,0.9285714285714286,0.40625,0.3077766544647938
3.0,1.5,repeat,0.9,3,0.9,42,24,0.43283582089552236,0.6152291105121294,0.2109447807854774,0.26,0.9285714285714286,0.40625,0.4585789151753325
3.0,1.5,repeat,0.9,4,0.7,40,23,0.417910447761194,0.5795148247978437,0.501724850146777,0.24489795918367346,0.8571428571428571,0.38095238095238093,0.31042037124752103
3.0,1.5,repeat,0.9,4,0.9,40,23,0.417910447761194,0.5795148247978437,0.20213776914307666,0.24489795918367346,0.8571428571428571,0.38095238095238093,0.45764054240582097
3.0,1.5,repeat,0.95,1,0.7,36,21,0.47761194029850745,0.6435309973045822,0.5256861340584993,0.2765957446808511,0.9285714285714286,0.4262295081967213,0.2759482083724243
3.0,1.5,repeat,0.95,1,0.9,36,21,0.47761194029850745,0.6435309973045822,0.24175909167281037,0.2765957446808511,0.9285714285714286,0.4262295081967213,0.39856653598561154
3.0,1.5,repeat,0.95,2,0.7,21,10,0.6417910447761194,0.7473045822102427,0.5709042586034762,0.3611111111111111,0.9285714285714286,0.52,0.21001634321530419
3.0,1.5,repeat,0.95,2,0.9,21,10,0.6417910447761194,0.7473045822102427,0.2988786617021029,0.3611111111111111,0.9285714285714286,0.52,0.2793098479607898
3.0,1.5,repeat,0.95,3,0.7,15,7,0.6567164179104478,0.7304582210242587,0.563893095793689,0.36363636363636365,0.8571428571428571,0.5106382978723404,0.2063265573168395
3.0,1.5,repeat,0.95,3,0.9,15,7,0.6567164179104478,0.7304582210242587,0.30193840961299667,0.36363636363636365,0.8571428571428571,0.5106382978723404,0.2590517007085402
3.0,1.5,repeat,0.95,4,0.7,12,6,0.6417910447761194,0.694743935309973,0.5491686806301467,0.34375,0.7857142857142857,0.4782608695652174,0.20987262074130839
3.0,1.5,repeat,0.95,4,0.9,12,6,0.6417910447761194,0.694743935309973,0.292366786458173,0.34375,0.7857142857142857,0.4782608695652174,0.25423955517778524
3.0,2.0,block,0.85,1,0.7,52,30,0.34328358208955223,0.5586253369272237,0.4870389696282552,0.23214285714285715,0.9285714285714286,0.37142857142857144,0.3539967006260567
3.0,2.0,block,0.85,1,0.9,52,30,0.34328358208955223,0.5586253369272237,0.18708213800026469,0.23214285714285715,0.9285714285714286,0.37142857142857144,0.5472552529614377
3.0,2.0,block,0.85,2,0.7,50,30,0.34328358208955223,0.5586253369272237,0.4907266728105676,0.23214285714285715,0.9285714285714286,0.37142857142857144,0.3470169644019518
3.0,2.0,block,0.85,2,0.9,50,30,0.34328358208955223,0.5586253369272237,0.19351040168673353,0.23214285714285715,0.9285714285714286,0.37142857142857144,0.5307232779313626
3.0,2.0,block,0.85,3,0.7,48,28,0.373134328358209,0.5774932614555256,0.49526798140639894,0.24074074074074073,0.9285714285714286,0.38235294117647056,0.33333899461508737
3.0,2.0,block,0.85,3,0.9,48,28,0.373134328358209,0.5774932614555256,0.20102721367073334,0.24074074074074073,0.9285714285714286,0.38235294117647056,0.5074930693385281
3.0,2.0,block,0.85,4,0.7,48,28,0.373134328358209,0.5774932614555256,0.49526798140639894,0.24074074074074073,0.9285714285714286,0.38235294117647056,0.33333899461508737
3.0,2.0,block,0.85,4,0.9,48,28,0.373134328358209,0.5774932614555256,0.20102721367073334,0.24074074074074073,0.9285714285714286,0.38235294117647056,0.5074930693385281
3.0,2.0,block,0.9,1,0.7,48,28,0.373134328358209,0.5774932614555256,0.49526798140639894,0.24074074074074073,0.9285714285714286,0.38235294117647056,0.33333899461508737
3.0,2.0,block,0.9,1,0.9,48,28,0.373134328358209,0.5774932614555256,0.20102721367073334,0.24074074074074073,0.9285714285714286,0.38235294117647056,0.5074930693385281
3.0,2.0,block,0.9,2,0.7,47,28,0.373134328358209,0.5774932614555256,0.49720761440245453,0.24074074074074073,0.9285714285714286,0.38235294117647056,0.33223432144320314
3.0,2.0,block,0.9,2,0.9,47,28,0.373134328358209,0.5774932614555256,0.20455233040435689,0.24074074074074073,0.9285714285714286,0.38235294117647056,0.5016122767636587
3.0,2.0,block,0.9,3,0.7,45,27,0.3880597014925373,0.5869272237196765,0.5016705263665749,0.24528301886792453,0.9285714285714286,0.3880597014925373,0.32245323472852905
3.0,2.0,block,0.9,3,0.9,45,27,0.3880597014925373,0.5869272237196765,0.2124040056972527,0.24528301886792453,0.9285714285714286,0.3880597014925373,0.4822789512430144
3.0,2.0,block,0.9,4,0.7,44,26,0.40298507462686567,0.5963611859838275,0.5042177062005807,0.25,0.9285714285714286,0.3939393939393939,0.31634869551757716
3.0,2.0,block,0.9,4,0.9,44,26,0.40298507462686567,0.5963611859838275,0.21676464856118774,0.25,0.9285714285714286,0.3939393939393939,0.47139829262907745
3.0,2.0,block,0.95,1,0.7,27,15,0.5373134328358209,0.6549865229110512,0.5253600646867078,0.2926829268292683,0.8571428571428571,0.43636363636363634,0.25529289561645835
3.0,2.0,block,0.95,1,0.9,27,15,0.5373134328358209,0.6549865229110512,0.2495316688122291,0.2926829268292683,0.8571428571428571,0.43636363636363634,0.34846125870515887
3.0,2.0,block,0.95,2,0.7,16,11,0.5970149253731343,0.692722371967655,0.5414959560577121,0.32432432432432434,0.8571428571428571,0.47058823529411764,0.22761530673410085
3.0,2.0,block,0.95,2,0.9,16,11,0.5970149253731343,0.692722371967655,0.2733486015955056,0.32432432432432434,0.8571428571428571,0.47058823529411764,0.2851165695287867
3.0,2.0,block,0.95,3,0.7,9,6,0.6417910447761194,0.694743935309973,0.5429423392015755,0.34375,0.7857142857142857,0.4782608695652174,0.20699169562422698
3.0,2.0,block,0.95,3,0.9,9,6,0.6417910447761194,0.694743935309973,0.2942081368959448,0.34375,0.7857142857142857,0.4782608695652174,0.24300042110548
3.0,2.0,block,0.95,4,0.7,8,6,0.6417910447761194,0.694743935309973,0.5445763261296802,0.34375,0.7857142857142857,0.4782608695652174,0.20622445348314147
3.0,2.0,block,0.95,4,0.9,8,6,0.6417910447761194,0.694743935309973,0.30620418240039365,0.34375,0.7857142857142857,0.4782608695652174,0.23745705956140942
3.0,2.0,plateau,0.85,1,0.7,10,4,0.7014925373134329,0.7587601078167115,0.5938228603407174,0.4,0.8571428571428571,0.5454545454545454,0.18443869761620166
3.0,2.0,plateau,0.85,1,0.9,10,4,0.7014925373134329,0.7587601078167115,0.37557919923991356,0.4,0.8571428571428571,0.5454545454545454,0.21313518743631402
3.0,2.0,plateau,0.85,2,0.7,3,3,0.7164179104477612,0.7681940700808625,0.5992890048194985,0.41379310344827586,0.8571428571428571,0.5581395348837209,0.1767118440881641
3.0,2.0,plateau,0.85,2,0.9,3,3,0.7164179104477612,0.7681940700808625,0.469119967507604,0.41379310344827586,0.8571428571428571,0.5581395348837209,0.18507005304338794
3.0,2.0,plateau,0.85,3,0.7,0,0,0.7313432835820896,0.7513477088948787,0.5883972887660776,0.4230769230769231,0.7857142857142857,0.55,0.1698718441082243
3.0,2.0,plateau,0.85,3,0.9,0,0,0.7313432835820896,0.7513477088948787,0.5883972887660776,0.4230769230769231,0.7857142857142857,0.55,0.1698718441082243
3.0,2.0,plateau,0.85,4,0.7,0,0,0.7313432835820896,0.7513477088948787,0.5883972887660776,0.4230769230769231,0.7857142857142857,0.55,0.1698718441082243
3.0,2.0,plateau,0.85,4,0.9,0,0,0.7313432835820896,0.7513477088948787,0.5883972887660776,0.4230769230769231,0.7857142857142857,0.55,0.1698718441082243
3.0,2.0,plateau,0.9,1,0.7,3,1,0.746268656716418,0.7870619946091644,0.6245003178038891,0.4444444444444444,0.8571428571428571,0.5853658536585366,0.16381694141168598
3.0,2.0,plateau,0.9,1,0.9,3,1,0.746268656716418,0.7870619946091644,0.5741034924070638,0.4444444444444444,0.8571428571428571,0.5853658536585366,0.16519880122129718
3.0,2.0,plateau,0.9,2,0.7,1,1,0.746268656716418,0.7870619946091644,0.6245003178038891,0.4444444444444444,0.8571428571428571,0.5853658536585366,0.16381694141168598
3.0,2.0,plateau,0.9,2,0.9,1,1,0.746268656716418,0.7870619946091644,0.6538653971689685,0.4444444444444444,0.8571428571428571,0.5853658536585366,0.16262291156093972
3.0,2.0,plateau,0.9,3,0.7,0,0,0.7313432835820896,0.7513477088948787,0.5883972887660776,0.4230769230769231,0.7857142857142857,0.55,0.1698718441082243
3.0,2.0,plateau,0.9,3,0.9,0,0,0.7313432835820896,0.7513477088948787,0.5883972887660776,0.4230769230769231,0.7857142857142857,0.55,0.1698718441082243
3.0,2.0,plateau,0.9,4,0.7,0,0,0.7313432835820896,0.7513477088948787,0.5883972887660776,0.4230769230769231,0.7857142857142857,0.55,0.1698718441082243
3.0,2.0,plateau,0.9,4,0.9,0,0,0.7313432835820896,0.7513477088948787,0.5883972887660776,0.4230769230769231,0.7857142857142857,0.55,0.1698718441082243
3.0,2.0,plateau,0.95,1,0.7,0,0,0.7313432835820896,0.7513477088948787,0.5883972887660776,0.4230769230769231,0.7857142857142857,0.55,0.1698718441082243
3.0,2.0,plateau,0.95,1,0.9,0,0,0.7313432835820896,0.7513477088948787,0.5883972887660776,0.4230769230769231,0.7857142857142857,0.55,0.1698718441082243
3.0,2.0,plateau,0.95,2,0.7,0,0,0.7313432835820896,0.7513477088948787,0.5883972887660776,0.4230769230769231,0.7857142857142857,0.55,0.1698718441082243
3.0,2.0,plateau,0.95,2,0.9,0,0,0.7313432835820896,0.7513477088948787,0.5883972887660776,0.4230769230769231,0.7857142857142857,0.55,0.1698718441082243
3.0,2.0,plateau,0.95,3,0.7,0,0,0.7313432835820896,0.7513477088948787,0.5883972887660776,0.4230769230769231,0.7857142857142857,0.55,0.1698718441082243
3.0,2.0,plateau,0.95,3,0.9,0,0,0.7313432835820896,0.7513477088948787,0.5883972887660776,0.4230769230769231,0.7857142857142857,0.55,0.1698718441082243
3.0,2.0,plateau,0.95,4,0.7,0,0,0.7313432835820896,0.7513477088948787,0.5883972887660776,0.4230769230769231,0.7857142857142857,0.55,0.1698718441082243
3.0,2.0,plateau,0.95,4,0.9,0,0,0.7313432835820896,0.7513477088948787,0.5883972887660776,0.4230769230769231,0.7857142857142857,0.55,0.1698718441082243
3.0,2.0,repeat,0.85,1,0.7,52,30,0.34328358208955223,0.5586253369272237,0.4870389696282552,0.23214285714285715,0.9285714285714286,0.37142857142857144,0.3539967006260567
3.0,2.0,repeat,0.85,1,0.9,52,30,0.34328358208955223,0.5586253369272237,0.18708213800026469,0.23214285714285715,0.9285714285714286,0.37142857142857144,0.5472552529614377
3.0,2.0,repeat,0.85,2,0.7,49,29,0.3582089552238806,0.5680592991913747,0.4928316946436694,0.23636363636363636,0.9285714285714286,0.37681159420289856,0.340347510960434
3.0,2.0,repeat,0.85,2,0.9,49,29,0.3582089552238806,0.5680592991913747,0.1970719621792551,0.23636363636363636,0.9285714285714286,0.37681159420289856,0.5192777050868598
3.0,2.0,repeat,0.85,3,0.7,45,26,0.40298507462686567,0.5963611859838275,0.4999148468911373,0.25,0.9285714285714286,0.3939393939393939,0.32135576764849294
3.0,2.0,repeat,0.85,3,0.9,45,26,0.40298507462686567,0.5963611859838275,0.1987020830313536,0.25,0.9285714285714286,0.3939393939393939,0.4864863865679868
3.0,2.0,repeat,0.85,4,0.7,42,24,0.40298507462686567,0.5700808625336927,0.49731825159952936,0.24,0.8571428571428571,0.375,0.3202014579621952
3.0,2.0,repeat,0.85,4,0.9,42,24,0.40298507462686567,0.5700808625336927,0.1944353648295994,0.24,0.8571428571428571,0.375,0.4769738679264652
3.0,2.0,repeat,0.9,1,0.7,48,28,0.373134328358209,0.5774932614555256,0.49526798140639894,0.24074074074074073,0.9285714285714286,0.38235294117647056,0.33333899461508737
3.0,2.0,repeat,0.9,1,0.9,48,28,0.373134328358209,0.5774932614555256,0.20102721367073334,0.24074074074074073,0.9285714285714286,0.38235294117647056,0.5074930693385281
3.0,2.0,repeat,0.9,2,0.7,45,26,0.40298507462686567,0.5963611859838275,0.5020206664225974,0.25,0.9285714285714286,0.3939393939393939,0.31946032879073344
3.0,2.0,repeat,0.9,2,0.9,45,26,0.40298507462686567,0.5963611859838275,0.21275414575327511,0.25,0.9285714285714286,0.3939393939393939,0.47928604530521873
3.0,2.0,repeat,0.9,3,0.7,41,24,0.43283582089552236,0.6152291105121294,0.5096533851635893,0.26,0.9285714285714286,0.40625,0.30436546855098273
3.0,2.0,repeat,0.9,3,0.9,41,24,0.43283582089552236,0.6152291105121294,0.215143891065326,0.26,0.9285714285714286,0.40625,0.4503916098585363
3.0,2.0,repeat,0.9,4,0.7,40,23,0.417910447761194,0.5795148247978437,0.501724850146777,0.24489795918367346,0.8571428571428571,0.38095238095238093,0.31042037124752103
3.0,2.0,repeat,0.9,4,0.9,40,23,0.417910447761194,0.5795148247978437,0.20213776914307666,0.24489795918367346,0.8571428571428571,0.38095238095238093,0.45764054240582097
3.0,2.0,repeat,0.95,1,0.7,24,13,0.5671641791044776,0.6738544474393531,0.5334753476962448,0.3076923076923077,0.8571428571428571,0.4528301886792453,0.24237299074985744
3.0,2.0,repeat,0.95,1,0.9,24,13,0.5671641791044776,0.6738544474393531,0.25311807451877455,0.3076923076923077,0.8571428571428571,0.4528301886792453,0.32666010055302097
3.0,2.0,repeat,0.95,2,0.7,12,8,0.6417910447761194,0.7210242587601078,0.5487626227676247,0.35294117647058826,0.8571428571428571,0.5,0.21196800023303883
3.0,2.0,repeat,0.95,2,0.9,12,8,0.6417910447761194,0.7210242587601078,0.2919607285956509,0.35294117647058826,0.8571428571428571,0.5,0.2563349346695158
3.0,2.0,repeat,0.95,3,0.7,6,3,0.6865671641791045,0.7230458221024259,0.5614036484602494,0.3793103448275862,0.7857142857142857,0.5116279069767442,0.18775306274310713
3.0,2.0,repeat,0.95,3,0.9,6,3,0.6865671641791045,0.7230458221024259,0.3507589360298228,0.3793103448275862,0.7857142857142857,0.5116279069767442,0.20943343001540493
3.0,2.0,repeat,0.95,4,0.7,5,3,0.6865671641791045,0.7230458221024259,0.5637846008412017,0.3793103448275862,0.7857142857142857,0.5116279069767442,0.1869858206020216
3.0,2.0,repeat,0.95,4,0.9,5,3,0.6865671641791045,0.7230458221024259,0.3724168416162997,0.3793103448275862,0.7857142857142857,0.5116279069767442,0.20389006847133434
5.0,1.5,block,0.85,1,0.7,43,25,0.417910447761194,0.6057951482479784,0.5068761707581583,0.2549019607843137,0.9285714285714286,0.4,0.3100211842541282
5.0,1.5,block,0.85,1,0.9,43,25,0.417910447761194,0.6057951482479784,0.22132356352781024,0.2549019607843137,0.9285714285714286,0.4,0.46029466196264335
5.0,1.5,block,0.85,2,0.7,42,25,0.417910447761194,0.6057951482479784,0.5092743764172336,0.2549019607843137,0.9285714285714286,0.4,0.30891651108224394
5.0,1.5,block,0.85,2,0.9,42,25,0.417910447761194,0.6057951482479784,0.2257156040710858,0.2549019607843137,0.9285714285714286,0.4,0.4544138693877741
5.0,1.5,block,0.85,3,0.7,41,24,0.43283582089552236,0.6152291105121294,0.5121626975566225,0.26,0.9285714285714286,0.40625,0.3026317454402643
5.0,1.5,block,0.85,3,0.9,41,24,0.43283582089552236,0.6152291105121294,0.23069818321997468,0.26,0.9285714285714286,0.40625,0.4433529843428094
5.0,1.5,block,0.85,4,0.7,38,22,0.4626865671641791,0.6340970350404312,0.5188738587644982,0.2708333333333333,0.9285714285714286,0.41935483870967744,0.28844294896309747
5.0,1.5,block,0.85,4,0.9,38,22,0.4626865671641791,0.6340970350404312,0.23036361908059272,0.2708333333333333,0.9285714285714286,0.41935483870967744,0.4201407320616959
5.0,1.5,block,0.9,1,0.7,43,25,0.417910447761194,0.6057951482479784,0.5068761707581583,0.2549019607843137,0.9285714285714286,0.4,0.3100211842541282
5.0,1.5,block,0.9,1,0.9,43,25,0.417910447761194,0.6057951482479784,0.22132356352781024,0.2549019607843137,0.9285714285714286,0.4,0.46029466196264335
5.0,1.5,block,0.9,2,0.7,39,23,0.417910447761194,0.5795148247978437,0.5007818513069825,0.24489795918367346,0.8571428571428571,0.38095238095238093,0.31400984294448975
5.0,1.5,block,0.9,2,0.9,39,23,0.417910447761194,0.5795148247978437,0.20297359104227633,0.24489795918367346,0.8571428571428571,0.38095238095238093,0.45645389469980463
5.0,1.5,block,0.9,3,0.7,36,20,0.4626865671641791,0.6078167115902965,0.5093371620308665,0.2608695652173913,0.8571428571428571,0.4,0.2930214838292103
5.0,1.5,block,0.9,3,0.9,36,20,0.4626865671641791,0.6078167115902965,0.21747903934567628,0.2608695652173913,0.8571428571428571,0.4,0.4211371773755698
5.0,1.5,block,0.9,4,0.7,33,17,0.5074626865671642,0.6361185983827493,0.5183953764462239,0.27906976744186046,0.8571428571428571,0.42105263157894735,0.2752691541709456
5.0,1.5,block,0.9,4,0.9,33,17,0.5074626865671642,0.6361185983827493,0.23360964397141581,0.27906976744186046,0.8571428571428571,0.42105263157894735,0.38905648950835003
5.0,1.5,block,0.95,1,0.7,20,9,0.6268656716417911,0.7115902964959568,0.5619257493207073,0.34285714285714286,0.8571428571428571,0.4897959183673469,0.22183744673387218
5.0,1.5,block,0.95,1,0.9,20,9,0.6268656716417911,0.7115902964959568,0.31708083233293316,0.34285714285714286,0.8571428571428571,0.4897959183673469,0.28237384862864306
5.0,1.5,block,0.95,2,0.7,11,7,0.6268656716417911,0.6853099730458221,0.5445195616936299,0.3333333333333333,0.7857142857142857,0.46808510638297873,0.2163767221921639
5.0,1.5,block,0.95,2,0.9,11,7,0.6268656716417911,0.6853099730458221,0.29282565477250067,0.3333333333333333,0.7857142857142857,0.46808510638297873,0.25776423950349375
5.0,1.5,block,0.95,3,0.7,9,5,0.6567164179104478,0.704177897574124,0.5560931789618363,0.3548387096774194,0.7857142857142857,0.4888888888888889,0.20459726353868504
5.0,1.5,block,0.95,3,0.9,9,5,0.6567164179104478,0.704177897574124,0.3246650774181886,0.3548387096774194,0.7857142857142857,0.4888888888888889,0.23643254204404474
5.0,1.5,block,0.95,4,0.7,7,4,0.6716417910447762,0.7136118598382749,0.5674836921948266,0.36666666666666664,0.7857142857142857,0.5,0.19387874871140431
5.0,1.5,block,0.95,4,0.9,7,4,0.6716417910447762,0.7136118598382749,0.36544505622761925,0.36666666666666664,0.7857142857142857,0.5,0.2161617884107938
5.0,1.5,plateau,0.85,1,0.7,11,5,0.6865671641791045,0.7493261455525606,0.5620048325117449,0.3870967741935484,0.8571428571428571,0.5333333333333333,0.19982731688587319
5.0,1.5,plateau,0.85,1,0.9,11,5,0.6865671641791045,0.7493261455525606,0.3336515448097177,0.3870967741935484,0.8571428571428571,0.5333333333333333,0.23543714847163544
5.0,1.5,plateau,0.85,2,0.7,3,2,0.7313432835820896,0.7776280323450134,0.6010003557519086,0.42857142857142855,0.8571428571428571,0.5714285714285714,0.1754412724932126
5.0,1.5,plateau,0.85,2,0.9,3,2,0.7313432835820896,0.7776280323450134,0.47083131844001413,0.42857142857142855,0.8571428571428571,0.5714285714285714,0.18379948144843647
5.0,1.5,plateau,0.85,3,0.7,1,0,0.7313432835820896,0.7513477088948787,0.5818574000833318,0.4230769230769231,0.7857142857142857,0.55,0.17424076927522555
5.0,1.5,plateau,0.85,3,0.9,1,0,0.7313432835820896,0.7513477088948787,0.48534379464115485,0.4230769230769231,0.7857142857142857,0.55,0.1790168886782106
5.0,1.5,plateau,0.85,4,0.7,0,0,0.7313432835820896,0.7513477088948787,0.5883972887660776,0.4230769230769231,0.7857142857142857,0.55,0.1698718441082243
5.0,1.5,plateau,0.85,4,0.9,0,0,0.7313432835820896,0.7513477088948787,0.5883972887660776,0.4230769230769231,0.7857142857142857,0.55,0.1698718441082243
5.0,1.5,plateau,0.9,1,0.7,3,2,0.7313432835820896,0.7776280323450134,0.6110454514142402,0.42857142857142855,0.8571428571428571,0.5714285714285714,0.1699497382909077
5.0,1.5,plateau,0.9,1,0.9,3,2,0.7313432835820896,0.7776280323450134,0.5473085930345247,0.42857142857142855,0.8571428571428571,0.5714285714285714,0.17312830037835694
5.0,1.5,plateau,0.9,2,0.7,0,0,0.7313432835820896,0.7513477088948787,0.5883972887660776,0.4230769230769231,0.7857142857142857,0.55,0.1698718441082243
5.0,1.5,plateau,0.9,2,0.9,0,0,0.7313432835820896,0.7513477088948787,0.5883972887660776,0.4230769230769231,0.7857142857142857,0.55,0.1698718441082243
5.0,1.5,plateau,0.9,3,0.7,0,0,0.7313432835820896,0.7513477088948787,0.5883972887660776,0.4230769230769231,0.7857142857142857,0.55,0.1698718441082243
5.0,1.5,plateau,0.9,3,0.9,0,0,0.7313432835820896,0.7513477088948787,0.5883972887660776,0.4230769230769231,0.7857142857142857,0.55,0.1698718441082243
5.0,1.5,plateau,0.9,4,0.7,0,0,0.7313432835820896,0.7513477088948787,0.5883972887660776,0.4230769230769231,0.7857142857142857,0.55,0.1698718441082243
5.0,1.5,plateau,0.9,4,0.9,0,0,0.7313432835820896,0.7513477088948787,0.5883972887660776,0.4230769230769231,0.7857142857142857,0.55,0.1698718441082243
5.0,1.5,plateau,0.95,1,0.7,1,1,0.7164179104477612,0.7419137466307277,0.5788345209162877,0.4074074074074074,0.7857142857142857,0.5365853658536586,0.17600464098744606
5.0,1.5,plateau,0.95,1,0.9,1,1,0.7164179104477612,0.7419137466307277,0.48232091547411093,0.4074074074074074,0.7857142857142857,0.5365853658536586,0.18078076039043112
5.0,1.5,plateau,0.95,2,0.7,0,0,0.7313432835820896,0.7513477088948787,0.5883972887660776,0.4230769230769231,0.7857142857142857,0.55,0.1698718441082243
5.0,1.5,plateau,0.95,2,0.9,0,0,0.7313432835820896,0.7513477088948787,0.5883972887660776,0.4230769230769231,0.7857142857142857,0.55,0.1698718441082243
5.0,1.5,plateau,0.95,3,0.7,0,0,0.7313432835820896,0.7513477088948787,0.5883972887660776,0.4230769230769231,0.7857142857142857,0.55,0.1698718441082243
5.0,1.5,plateau,0.95,3,0.9,0,0,0.7313432835820896,0.7513477088948787,0.5883972887660776,0.4230769230769231,0.7857142857142857,0.55,0.1698718441082243
5.0,1.5,plateau,0.95,4,0.7,0,0,0.7313432835820896,0.7513477088948787,0.5883972887660776,0.4230769230769231,0.7857142857142857,0.55,0.1698718441082243
5.0,1.5,plateau,0.95,4,0.9,0,0,0.7313432835820896,0.7513477088948787,0.5883972887660776,0.4230769230769231,0.7857142857142857,0.55,0.1698718441082243
5.0,1.5,repeat,0.85,1,0.7,43,25,0.417910447761194,0.6057951482479784,0.5068761707581583,0.2549019607843137,0.9285714285714286,0.4,0.3100211842541282
5.0,1.5,repeat,0.85,1,0.9,43,25,0.417910447761194,0.6057951482479784,0.22132356352781024,0.2549019607843137,0.9285714285714286,0.4,0.46029466196264335
5.0,1.5,repeat,0.85,2,0.7,41,25,0.417910447761194,0.6057951482479784,0.5092743764172336,0.2549019607843137,0.9285714285714286,0.4,0.30891651108224394
5.0,1.5,repeat,0.85,2,0.9,41,25,0.417910447761194,0.6057951482479784,0.2147648823189703,0.2549019607843137,0.9285714285714286,0.4,0.4549426523897976
5.0,1.5,repeat,0.85,3,0.7,37,21,0.44776119402985076,0.5983827493261455,0.509115705013339,0.2553191489361702,0.8571428571428571,0.39344262295081966,0.2967034211702082
5.0,1.5,repeat,0.85,3,0.9,37,21,0.44776119402985076,0.5983827493261455,0.2151633828655283,0.2553191489361702,0.8571428571428571,0.39344262295081966,0.42959523411955286
5.0,1.5,repeat,0.85,4,0.7,35,19,0.47761194029850745,0.6172506738544474,0.5159123337274235,0.26666666666666666,0.8571428571428571,0.4067796610169492,0.2825146246930413
5.0,1.5,repeat,0.85,4,0.9,35,19,0.47761194029850745,0.6172506738544474,0.22627229089189196,0.26666666666666666,0.8571428571428571,0.4067796610169492,0.4058541988364159
5.0,1.5,repeat,0.9,1,0.7,42,25,0.417910447761194,0.6057951482479784,0.5068761707581583,0.2549019607843137,0.9285714285714286,0.4,0.3100211842541282
5.0,1.5,repeat,0.9,1,0.9,42,25,0.417910447761194,0.6057951482479784,0.21056577203912172,0.2549019607843137,0.9285714285714286,0.4,0.4608234449646669
5.0,1.5,repeat,0.9,2,0.7,39,23,0.417910447761194,0.5795148247978437,0.5007818513069825,0.24489795918367346,0.8571428571428571,0.38095238095238093,0.31400984294448975
5.0,1.5,repeat,0.9,2,0.9,39,23,0.417910447761194,0.5795148247978437,0.20297359104227633,0.24489795918367346,0.8571428571428571,0.38095238095238093,0.45645389469980463
5.0,1.5,repeat,0.9,3,0.7,33,17,0.47761194029850745,0.5909703504043127,0.5064632548202247,0.2558139534883721,0.7857142857142857,0.38596491228070173,0.28709315955915415
5.0,1.5,repeat,0.9,3,0.9,33,17,0.47761194029850745,0.5909703504043127,0.21320686135374722,0.2558139534883721,0.7857142857142857,0.38596491228070173,0.4068506441502898
5.0,1.5,repeat,0.9,4,0.7,29,14,0.5223880597014925,0.6192722371967655,0.514840237386883,0.275,0.7857142857142857,0.4074074074074074,0.2693408299008895
5.0,1.5,repeat,0.9,4,0.9,29,14,0.5223880597014925,0.6192722371967655,0.21923084386711306,0.275,0.7857142857142857,0.4074074074074074,0.3754409418035031
5.0,1.5,repeat,0.95,1,0.7,19,9,0.6268656716417911,0.7115902964959568,0.5513818223482088,0.34285714285714286,0.8571428571428571,0.4897959183673469,0.22542877311392998
5.0,1.5,repeat,0.95,1,0.9,19,9,0.6268656716417911,0.7115902964959568,0.29648923373381575,0.34285714285714286,0.8571428571428571,0.4897959183673469,0.2871592048594472
5.0,1.5,repeat,0.95,2,0.7,9,5,0.6567164179104478,0.704177897574124,0.5560931789618363,0.3548387096774194,0.7857142857142857,0.4888888888888889,0.2043934952255695
5.0,1.5,repeat,0.95,2,0.9,9,5,0.6567164179104478,0.704177897574124,0.3246650774181886,0.3548387096774194,0.7857142857142857,0.4888888888888889,0.2362287737309291
5.0,1.5,repeat,0.95,3,0.7,5,2,0.7014925373134329,0.7324797843665768,0.5840074564463662,0.39285714285714285,0.7857142857142857,0.5238095238095238,0.18189552174480986
5.0,1.5,repeat,0.95,3,0.9,5,2,0.7014925373134329,0.7324797843665768,0.42906478007511845,0.39285714285714285,0.7857142857142857,0.5238095238095238,0.19462632263822918
5.0,1.5,repeat,0.95,4,0.7,5,2,0.7014925373134329,0.7324797843665768,0.5840074564463662,0.39285714285714285,0.7857142857142857,0.5238095238095238,0.18189552174480986
5.0,1.5,repeat,0.95,4,0.9,5,2,0.7014925373134329,0.7324797843665768,0.42906478007511845,0.39285714285714285,0.7857142857142857,0.5238095238095238,0.19462632263822918
5.0,2.0,block,0.85,1,0.7,43,25,0.417910447761194,0.6057951482479784,0.5068761707581583,0.2549019607843137,0.9285714285714286,0.4,0.3100211842541282
5.0,2.0,block,0.85,1,0.9,43,25,0.417910447761194,0.6057951482479784,0.22132356352781024,0.2549019607843137,0.9285714285714286,0.4,0.46029466196264335
5.0,2.0,block,0.85,2,0.7,42,25,0.417910447761194,0.6057951482479784,0.5092743764172336,0.2549019607843137,0.9285714285714286,0.4,0.30891651108224394
5.0,2.0,block,0.85,2,0.9,42,25,0.417910447761194,0.6057951482479784,0.2257156040710858,0.2549019607843137,0.9285714285714286,0.4,0.4544138693877741
5.0,2.0,block,0.85,3,0.7,41,24,0.43283582089552236,0.6152291105121294,0.5121626975566225,0.26,0.9285714285714286,0.40625,0.3026317454402643
5.0,2.0,block,0.85,3,0.9,41,24,0.43283582089552236,0.6152291105121294,0.23069818321997468,0.26,0.9285714285714286,0.40625,0.4433529843428094
5.0,2.0,block,0.85,4,0.7,37,21,0.47761194029850745,0.6435309973045822,0.5221965857253666,0.2765957446808511,0.9285714285714286,0.4262295081967213,0.28194858411876617
5.0,2.0,block,0.85,4,0.9,37,21,0.47761194029850745,0.6435309973045822,0.23591299361470697,0.2765957446808511,0.9285714285714286,0.4262295081967213,0.4088702478143795
5.0,2.0,block,0.9,1,0.7,43,25,0.417910447761194,0.6057951482479784,0.5068761707581583,0.2549019607843137,0.9285714285714286,0.4,0.3100211842541282
5.0,2.0,block,0.9,1,0.9,43,25,0.417910447761194,0.6057951482479784,0.22132356352781024,0.2549019607843137,0.9285714285714286,0.4,0.46029466196264335
5.0,2.0,block,0.9,2,0.7,39,23,0.417910447761194,0.5795148247978437,0.5007818513069825,0.24489795918367346,0.8571428571428571,0.38095238095238093,0.31400984294448975
5.0,2.0,block,0.9,2,0.9,39,23,0.417910447761194,0.5795148247978437,0.20297359104227633,0.24489795918367346,0.8571428571428571,0.38095238095238093,0.45645389469980463
5.0,2.0,block,0.9,3,0.7,35,19,0.47761194029850745,0.6172506738544474,0.5122016221321688,0.26666666666666666,0.8571428571428571,0.4067796610169492,0.286527118984879
5.0,2.0,block,0.9,3,0.9,35,19,0.47761194029850745,0.6172506738544474,0.22256157929663728,0.26666666666666666,0.8571428571428571,0.4067796610169492,0.4098666931282536
5.0,2.0,block,0.9,4,0.7,32,16,0.5223880597014925,0.6455525606469003,0.5217505858118862,0.2857142857142857,0.8571428571428571,0.42857142857142855,0.26877478932661436
5.0,2.0,block,0.9,4,0.9,32,16,0.5223880597014925,0.6455525606469003,0.23962807771773947,0.2857142857142857,0.8571428571428571,0.42857142857142855,0.3777860052610336
5.0,2.0,block,0.95,1,0.7,15,8,0.6417910447761194,0.7210242587601078,0.550303227257517,0.35294117647058826,0.8571428571428571,0.5,0.21954207950587898
5.0,2.0,block,0.95,1,0.9,15,8,0.6417910447761194,0.7210242587601078,0.28479338695776074,0.35294117647058826,0.8571428571428571,0.5,0.27391586861875483
5.0,2.0,block,0.95,2,0.7,8,6,0.6417910447761194,0.694743935309973,0.5412779982515203,0.34375,0.7857142857142857,0.4782608695652174,0.21059337865014272
5.0,2.0,block,0.95,2,0.9,8,6,0.6417910447761194,0.694743935309973,0.2970712129733066,0.34375,0.7857142857142857,0.4782608695652174,0.24362268700624867
5.0,2.0,block,0.95,3,0.7,4,3,0.6865671641791045,0.7230458221024259,0.5592970232014502,0.3793103448275862,0.7857142857142857,0.5116279069767442,0.19192008204724795
5.0,2.0,block,0.95,3,0.9,4,3,0.6865671641791045,0.7230458221024259,0.35826115430843847,0.3793103448275862,0.7857142857142857,0.5116279069767442,0.21102455965918823
5.0,2.0,block,0.95,4,0.7,3,2,0.7014925373134329,0.7324797843665768,0.5658511303707855,0.39285714285714285,0.7857142857142857,0.5238095238095238,0.18622399624182004
5.0,2.0,block,0.95,4,0.9,3,2,0.7014925373134329,0.7324797843665768,0.38791874529554327,0.39285714285714285,0.7857142857142857,0.5238095238095238,0.20055235445077527
5.0,2.0,plateau,0.85,1,0.7,8,3,0.7164179104477612,0.7681940700808625,0.5808446829419011,0.41379310344827586,0.8571428571428571,0.5581395348837209,0.18543982312299956
5.0,2.0,plateau,0.85,1,0.9,8,3,0.7164179104477612,0.7681940700808625,0.397513529967891,0.41379310344827586,0.8571428571428571,0.5581395348837209,0.20672129649980656
5.0,2.0,plateau,0.85,2,0.7,2,1,0.746268656716418,0.7870619946091644,0.6134887620718366,0.4444444444444444,0.8571428571428571,0.5853658536585366,0.1681858665786872
5.0,2.0,plateau,0.85,2,0.9,2,1,0.746268656716418,0.7870619946091644,0.5378471417873592,0.4444444444444444,0.8571428571428571,0.5853658536585366,0.17176795613092602
5.0,2.0,plateau,0.85,3,0.7,1,0,0.7313432835820896,0.7513477088948787,0.5818574000833318,0.4230769230769231,0.7857142857142857,0.55,0.17424076927522555
5.0,2.0,plateau,0.85,3,0.9,1,0,0.7313432835820896,0.7513477088948787,0.48534379464115485,0.4230769230769231,0.7857142857142857,0.55,0.1790168886782106
5.0,2.0,plateau,0.85,4,0.7,0,0,0.7313432835820896,0.7513477088948787,0.5883972887660776,0.4230769230769231,0.7857142857142857,0.55,0.1698718441082243
5.0,2.0,plateau,0.85,4,0.9,0,0,0.7313432835820896,0.7513477088948787,0.5883972887660776,0.4230769230769231,0.7857142857142857,0.55,0.1698718441082243
5.0,2.0,plateau,0.9,1,0.7,2,1,0.746268656716418,0.7870619946091644,0.6245003178038891,0.4444444444444444,0.8571428571428571,0.5853658536585366,0.16381694141168598
5.0,2.0,plateau,0.9,1,0.9,2,1,0.746268656716418,0.7870619946091644,0.6538653971689685,0.4444444444444444,0.8571428571428571,0.5853658536585366,0.1622193840961501
5.0,2.0,plateau,0.9,2,0.7,0,0,0.7313432835820896,0.7513477088948787,0.5883972887660776,0.4230769230769231,0.7857142857142857,0.55,0.1698718441082243
5.0,2.0,plateau,0.9,2,0.9,0,0,0.7313432835820896,0.7513477088948787,0.5883972887660776,0.4230769230769231,0.7857142857142857,0.55,0.1698718441082243
5.0,2.0,plateau,0.9,3,0.7,0,0,0.7313432835820896,0.7513477088948787,0.5883972887660776,0.4230769230769231,0.7857142857142857,0.55,0.1698718441082243
5.0,2.0,plateau,0.9,3,0.9,0,0,0.7313432835820896,0.7513477088948787,0.5883972887660776,0.4230769230769231,0.7857142857142857,0.55,0.1698718441082243
5.0,2.0,plateau,0.9,4,0.7,0,0,0.7313432835820896,0.7513477088948787,0.5883972887660776,0.4230769230769231,0.7857142857142857,0.55,0.1698718441082243
5.0,2.0,plateau,0.9,4,0.9,0,0,0.7313432835820896,0.7513477088948787,0.5883972887660776,0.4230769230769231,0.7857142857142857,0.55,0.1698718441082243
5.0,2.0,plateau,0.95,1,0.7,0,0,0.7313432835820896,0.7513477088948787,0.5883972887660776,0.4230769230769231,0.7857142857142857,0.55,0.1698718441082243
5.0,2.0,plateau,0.95,1,0.9,0,0,0.7313432835820896,0.7513477088948787,0.5883972887660776,0.4230769230769231,0.7857142857142857,0.55,0.1698718441082243
5.0,2.0,plateau,0.95,2,0.7,0,0,0.7313432835820896,0.7513477088948787,0.5883972887660776,0.4230769230769231,0.7857142857142857,0.55,0.1698718441082243
5.0,2.0,plateau,0.95,2,0.9,0,0,0.7313432835820896,0.7513477088948787,0.5883972887660776,0.4230769230769231,0.7857142857142857,0.55,0.1698718441082243
5.0,2.0,plateau,0.95,3,0.7,0,0,0.7313432835820896,0.7513477088948787,0.5883972887660776,0.4230769230769231,0.7857142857142857,0.55,0.1698718441082243
5.0,2.0,plateau,0.95,3,0.9,0,0,0.7313432835820896,0.7513477088948787,0.5883972887660776,0.4230769230769231,0.7857142857142857,0.55,0.1698718441082243
5.0,2.0,plateau,0.95,4,0.7,0,0,0.7313432835820896,0.7513477088948787,0.5883972887660776,0.4230769230769231,0.7857142857142857,0.55,0.1698718441082243
5.0,2.0,plateau,0.95,4,0.9,0,0,0.7313432835820896,0.7513477088948787,0.5883972887660776,0.4230769230769231,0.7857142857142857,0.55,0.1698718441082243
5.0,2.0,repeat,0.85,1,0.7,43,25,0.417910447761194,0.6057951482479784,0.5068761707581583,0.2549019607843137,0.9285714285714286,0.4,0.3100211842541282
5.0,2.0,repeat,0.85,1,0.9,43,25,0.417910447761194,0.6057951482479784,0.22132356352781024,0.2549019607843137,0.9285714285714286,0.4,0.46029466196264335
5.0,2.0,repeat,0.85,2,0.7,41,25,0.417910447761194,0.6057951482479784,0.5092743764172336,0.2549019607843137,0.9285714285714286,0.4,0.30891651108224394
5.0,2.0,repeat,0.85,2,0.9,41,25,0.417910447761194,0.6057951482479784,0.2147648823189703,0.2549019607843137,0.9285714285714286,0.4,0.4549426523897976
5.0,2.0,repeat,0.85,3,0.7,37,21,0.44776119402985076,0.5983827493261455,0.509115705013339,0.2553191489361702,0.8571428571428571,0.39344262295081966,0.2967034211702082
5.0,2.0,repeat,0.85,3,0.9,37,21,0.44776119402985076,0.5983827493261455,0.2151633828655283,0.2553191489361702,0.8571428571428571,0.39344262295081966,0.42959523411955286
5.0,2.0,repeat,0.85,4,0.7,33,17,0.5074626865671642,0.6361185983827493,0.5228492424460975,0.27906976744186046,0.8571428571428571,0.42105263157894735,0.26988746296948835
5.0,2.0,repeat,0.85,4,0.9,33,17,0.5074626865671642,0.6361185983827493,0.2380635099712895,0.27906976744186046,0.8571428571428571,0.42105263157894735,0.38367479830689266
5.0,2.0,repeat,0.9,1,0.7,42,25,0.417910447761194,0.6057951482479784,0.5068761707581583,0.2549019607843137,0.9285714285714286,0.4,0.3100211842541282
5.0,2.0,repeat,0.9,1,0.9,42,25,0.417910447761194,0.6057951482479784,0.21056577203912172,0.2549019607843137,0.9285714285714286,0.4,0.4608234449646669
5.0,2.0,repeat,0.9,2,0.7,39,23,0.417910447761194,0.5795148247978437,0.5007818513069825,0.24489795918367346,0.8571428571428571,0.38095238095238093,0.31400984294448975
5.0,2.0,repeat,0.9,2,0.9,39,23,0.417910447761194,0.5795148247978437,0.20297359104227633,0.24489795918367346,0.8571428571428571,0.38095238095238093,0.45645389469980463
5.0,2.0,repeat,0.9,3,0.7,32,16,0.4925373134328358,0.6004043126684636,0.5093508291612584,0.2619047619047619,0.7857142857142857,0.39285714285714285,0.28059879471482285
5.0,2.0,repeat,0.9,3,0.9,32,16,0.4925373134328358,0.6004043126684636,0.21843491734198536,0.2619047619047619,0.7857142857142857,0.39285714285714285,0.39558015990297357
5.0,2.0,repeat,0.9,4,0.7,27,12,0.5522388059701493,0.6381401617250674,0.521789084326758,0.2894736842105263,0.7857142857142857,0.4230769230769231,0.25671366817733643
5.0,2.0,repeat,0.9,4,0.9,27,12,0.5522388059701493,0.6381401617250674,0.23155051825393172,0.2894736842105263,0.7857142857142857,0.4230769230769231,0.35326154127397996
5.0,2.0,repeat,0.95,1,0.7,14,8,0.6417910447761194,0.7210242587601078,0.5416522767587404,0.35294117647058826,0.8571428571428571,0.5,0.2231334058859368
5.0,2.0,repeat,0.95,1,0.9,14,8,0.6417910447761194,0.7210242587601078,0.26793226243722235,0.35294117647058826,0.8571428571428571,0.5,0.27870122484955884
5.0,2.0,repeat,0.95,2,0.7,5,3,0.6865671641791045,0.7230458221024259,0.5592970232014502,0.3793103448275862,0.7857142857142857,0.5116279069767442,0.19135474576902287
5.0,2.0,repeat,0.95,2,0.9,5,3,0.6865671641791045,0.7230458221024259,0.35826115430843847,0.3793103448275862,0.7857142857142857,0.5116279069767442,0.21005569591617354
5.0,2.0,repeat,0.95,3,0.7,1,0,0.7313432835820896,0.7513477088948787,0.5818574000833318,0.4230769230769231,0.7857142857142857,0.55,0.17424076927522555
5.0,2.0,repeat,0.95,3,0.9,1,0,0.7313432835820896,0.7513477088948787,0.48534379464115485,0.4230769230769231,0.7857142857142857,0.55,0.1790168886782106
5.0,2.0,repeat,0.95,4,0.7,1,0,0.7313432835820896,0.7513477088948787,0.5818574000833318,0.4230769230769231,0.7857142857142857,0.55,0.17424076927522555
5.0,2.0,repeat,0.95,4,0.9,1,0,0.7313432835820896,0.7513477088948787,0.48534379464115485,0.4230769230769231,0.7857142857142857,0.55,0.1790168886782106
