gp_nr,mp_id,zpb,anlage,battery_positive,audit_negative,battery_commissioning_date,has_pv_row,has_meter,n_gigi_rows,plz,kanton
698970,54412,CH1011701234500000000000002093896,506808,True,False,2018-06-21,True,True,2,5452,AG
196344,,,,True,False,2017-06-21,True,False,2,5732,AG
570021,,,,True,False,2017-11-24,True,False,3,5023,AG
716671,64237,CH1011701234500000000000002091569,503518,True,False,2017-12-04,True,True,2,8962,AG
906991,93249,CH1011701234500000000000000556956,381335,False,True,,False,True,1,4310,AG
221278,,,,True,False,2017-12-07,True,False,1,8105,ZH
123159,64811,CH1011701234500000000000002092619,504633,True,False,2018-03-22,True,True,2,4310,AG
740532,55475,CH1011701234500000000000002092986,505004,False,True,,True,True,1,5727,AG
559816,,,,False,True,,False,False,1,5043,AG
167357,,,,False,True,,False,False,2,5245,AG
714976,153129,CH1011701234500000000000002094098,509207,False,True,,True,True,1,4313,AG
714976,135531,CH1011701234500000000000000551591,348559,False,True,,True,True,1,4313,AG
712416,,,,False,True,,True,False,1,5044,AG
692590,60933,CH1011701234500000000000000606887,480361,True,False,2018-09-13,False,True,1,8962,AG
573125,,,,False,True,,False,False,1,5102,AG
870640,124844,CH1011701234500000000000002087635,496235,False,True,,False,True,1,5027,AG
573138,,,,True,False,,True,False,2,5616,AG
108398,87431,CH1011701234500000000000002103820,519504,False,True,,True,True,1,5332,AG
909495,,,,False,True,,False,False,1,4805,AG
572761,,,,True,False,2018-10-25,True,False,3,8966,AG
821258,120936,CH1011701234500000000000002095537,510895,True,False,2023-05-09,True,True,2,4303,AG
573200,,,,False,True,,True,False,1,5022,AG
732971,130680,CH1011701234500000000000002095437,510793,True,False,,True,True,2,4317,AG
573411,,,,False,True,,True,False,1,5024,AG
718645,101669,CH1011701234500000000000002095841,511202,True,False,,True,True,1,5504,AG
573525,,,,True,False,,True,False,2,5024,AG
186879,,,,False,True,,True,False,1,4334,AG
573459,,,,True,False,2019-04-12,True,False,3,5102,AG
131732,,,,True,False,2019-03-21,True,False,2,4323,AG
730631,116381,CH1011701234500000000000002096531,511859,False,True,,True,True,1,4322,AG
573526,,,,False,True,,True,False,1,5024,AG
785007,107581,CH1011701234500000000000002096521,511850,True,False,2019-05-09,True,True,3,5622,AG
707713,,,,True,False,2019-05-28,True,False,2,4323,AG
573250,,,,True,False,2019-10-24,True,False,1,5000,AG
573469,,,,True,False,2019-05-03,True,False,3,5000,AG
573343,,,,False,True,,False,False,1,5000,AG
706538,114315,CH1011701234500000000000002126416,536682,False,True,,False,True,1,4303,AG
573527,,,,True,False,,True,False,4,5036,AG
573962,,,,True,False,2019-07-02,True,False,2,5024,AG
909467,,,,True,False,2019-07-08,True,False,1,5702,AG
574773,,,,False,True,,True,False,1,8903,ZH
711464,60564,CH1011701234500000000000000582068,353381,False,False,,False,True,1,8962,AG
572837,,,,True,False,2019-08-27,True,False,5,5035,AG
731486,91092,CH1011701234500000000000002097510,512857,False,True,,True,True,1,5074,AG
785642,131425,CH1011701234500000000000002137288,550256,False,True,,False,True,1,5622,AG
574477,,,,True,False,2019-07-30,True,False,4,5276,AG
575135,,,,True,False,2019-10-23,True,False,3,5012,SO
571965,63347,CH1011701234500000000000002098374,513935,False,True,,True,True,3,5464,AG
558719,,,,True,False,,False,False,2,4310,AG
176630,,,,True,False,2019-09-26,False,False,1,5621,AG
574685,,,,True,False,2019-10-16,True,False,3,4322,AG
574845,,,,False,True,,True,False,1,8916,AG
720480,166128,CH1011701234500000000000002097108,512453,False,True,,True,True,1,4313,AG
703359,168410,CH1011701234500000000000002098104,513692,False,True,,True,True,1,5070,AG
723468,88219,CH1011701234500000000000000606664,480130,False,True,,False,True,2,4310,AG
574802,,,,True,False,2025-12-05,True,False,2,4663,AG
692320,66803,CH1011701234500000000000002098478,514035,True,False,,True,True,2,8962,AG
135287,160101,CH1011701234500000000000002097845,513206,True,False,2019-10-15,True,True,2,4333,AG
812691,147332,CH1011701234500000000000002100079,515715,False,True,,True,True,3,5620,AG
821264,120937,CH1011701234500000000000002098639,514234,True,False,2020-01-17,True,True,3,4303,AG
575120,,,,True,False,2019-10-23,True,False,3,5062,AG
729113,99439,CH1011701234500000000000002128571,538889,False,True,,False,True,1,4310,AG
706277,150906,CH1011701234500000000000002099172,514799,True,False,2020-01-21,True,True,2,5075,AG
122506,97562,CH1011701234500000000000002098833,514437,True,False,,True,True,1,5622,AG
573484,,,,True,False,2020-01-30,True,False,3,5033,AG
576915,,,,True,False,2020-02-05,True,False,2,5442,AG
739616,134852,CH1011701234500000000000002103579,519256,True,False,2021-05-11,True,True,4,4813,AG
157648,,,,True,False,2020-02-07,True,False,2,5272,AG
734306,170516,CH1011701234500000000000001520275,491301,True,False,2020-01-15,False,True,2,4312,AG
734306,46962,CH1011701234500000000000000538731,420943,True,False,2020-01-15,False,True,2,4312,AG
134742,,,,False,True,,False,False,1,5070,AG
576627,,,,True,False,,True,False,1,5116,AG
576554,,,,True,False,2019-11-19,True,False,2,5723,AG
576463,,,,False,True,,True,False,1,5082,AG
575339,,,,True,False,2020-03-05,True,False,2,4652,SO
740351,137605,CH1011701234500000000000001970849,492058,True,False,2019-12-10,False,True,2,5107,AG
577310,,,,True,False,2020-03-25,True,False,2,4655,SO
575578,,,,True,False,2020-04-08,True,False,2,5212,AG
891304,,,,True,False,2020-02-18,True,False,2,4312,AG
576552,,,,True,False,2020-02-20,True,False,2,5742,AG
575427,,,,False,True,,False,False,1,5036,AG
577138,,,,True,False,,True,False,1,5213,AG
707268,127621,CH1011701234500000000000002123929,533999,True,False,2020-05-01,True,True,3,5027,AG
576527,,,,False,True,,True,False,1,5600,AG
196287,,,,False,True,,False,False,1,5107,AG
194322,,,,False,True,,False,False,1,5604,AG
576503,,,,True,False,2020-04-17,True,False,1,5723,AG
706391,,,,True,False,2020-05-28,True,False,2,5027,AG
576898,,,,True,False,,True,False,1,5315,AG
576618,,,,True,False,,True,False,3,5600,AG
579508,,,,True,False,2020-04-27,True,False,2,5032,AG
692712,62847,CH1011701234500000000000002100878,516492,False,True,,True,True,1,8962,AG
184136,,,,False,True,,False,False,1,5103,AG
575102,,,,True,False,2020-04-23,True,False,3,4654,SO
585704,147416,CH1011701234500000000000002099033,514655,True,False,2020-04-16,True,True,1,5312,AG
585704,147413,CH1011701234500000000000002099030,514652,True,False,2020-04-16,True,True,1,5312,AG
585704,147417,CH1011701234500000000000002099034,514656,True,False,2020-04-16,True,True,1,5312,AG
134586,36920,CH1011701234500000000000002100171,515800,True,False,2020-06-16,True,True,1,5726,AG
578447,,,,False,True,,False,False,1,8907,ZH
578673,,,,True,False,2020-06-04,True,False,3,5712,AG
576824,,,,True,False,2020-05-07,True,False,4,5610,AG
576846,,,,True,False,,True,False,1,4852,AG
577919,,,,True,False,2025-07-11,True,False,2,5442,AG
727423,153284,CH1011701234500000000000002101104,516718,True,False,2020-05-28,True,True,2,4325,AG
575539,,,,True,False,2020-06-25,True,False,1,5012,SO
700810,170182,CH1011701234500000000000002100228,515859,True,False,2020-08-13,True,False,1,5236,AG
741214,166047,CH1011701234500000000000001184069,490292,True,False,,False,True,2,4312,AG
578994,,,,False,True,,True,False,1,5103,AG
749245,,,,True,False,2020-07-24,True,False,2,4315,AG
745999,48393,CH1011701234500000000000002096887,512223,False,True,,True,True,2,5330,AG
579842,,,,True,False,2026-02-17,True,False,2,5018,AG
829143,97990,CH1011701234500000000000000565757,449127,False,True,,False,True,1,5522,AG
829143,97988,CH1011701234500000000000000551713,449128,False,True,,False,True,1,5522,AG
195114,,,,True,False,,True,False,1,5330,AG
579764,,,,True,False,2020-10-19,True,False,1,5610,AG
561504,,,,True,False,,True,False,2,5040,AG
578973,,,,False,True,,True,False,1,4712,SO
583071,,,,False,True,,True,False,1,5040,AG
866821,159614,CH1011701234500000000000002135142,547638,False,True,,False,True,1,5070,AG
866821,159613,CH1011701234500000000000002101780,517420,False,True,,False,True,1,5070,AG
746421,94862,CH1011701234500000000000002105988,521710,True,False,2020-09-25,True,True,2,5304,AG
583327,,,,True,False,2021-02-05,True,False,1,5242,AG
582891,,,,True,False,2020-09-17,True,False,4,5722,AG
744851,127700,CH1011701234500000000000002101349,516958,False,True,,True,True,1,5027,AG
744851,127698,CH1011701234500000000000000592708,463675,False,True,,True,True,1,5027,AG
870417,,,,True,False,2020-11-26,True,False,2,5300,AG
571758,,,,False,True,,True,False,1,4805,AG
583431,,,,False,True,,False,False,1,5442,AG
584849,,,,False,True,,False,False,1,5022,AG
577847,,,,True,False,2020-11-19,True,False,1,5212,AG
579050,,,,False,True,,False,False,1,5507,AG
580866,,,,True,False,2020-12-01,True,False,2,5442,AG
582940,,,,False,True,,False,False,1,5452,AG
583547,,,,False,True,,True,False,1,5728,AG
583323,,,,True,False,2020-12-02,True,False,3,4303,AG
785360,107887,CH1011701234500000000000002101896,517546,True,False,2020-10-29,True,True,2,5622,AG
586106,,,,True,False,2021-05-18,True,False,3,5000,AG
580601,,,,True,False,2021-05-06,True,False,1,4310,AG
578360,,,,False,True,,True,False,1,5742,AG
175356,42987,CH1011701234500000000000002104605,520293,True,False,2021-04-08,True,True,1,5313,AG
584353,,,,True,False,,True,False,1,5024,AG
584301,,,,True,False,2021-04-21,True,False,4,8966,AG
714621,147474,CH1011701234500000000000002101994,517644,True,False,2020-12-17,True,True,2,5107,AG
847175,62250,CH1011701234500000000000002101945,517595,False,True,,True,True,1,5106,AG
585999,,,,True,False,,True,False,1,5028,AG
150401,126475,CH1011701234500000000000002102668,518333,True,False,2021-01-14,True,True,1,4313,AG
585733,,,,False,True,,True,False,1,8905,AG
584523,,,,False,True,,True,False,1,5054,AG
587682,,,,False,True,,False,False,1,4663,AG
720967,48301,CH1011701234500000000000002102832,518499,True,False,,True,True,2,4310,AG
720967,62454,CH1011701234500000000000000616003,487599,True,False,,True,True,2,4310,AG
180092,,,,False,True,,False,False,1,5630,AG
713405,160446,CH1011701234500000000000000616205,487796,True,False,2021-05-18,False,True,1,4315,AG
584041,,,,False,False,,True,False,1,5443,AG
162973,37546,CH1011701234500000000000002103368,519043,False,True,,True,True,1,5727,AG
162973,38326,CH1011701234500000000000000597684,468707,False,True,,True,True,1,5727,AG
162973,37545,CH1011701234500000000000000539646,410388,False,True,,True,True,1,5727,AG
158544,88020,CH1011701234500000000000002104532,520218,True,False,2021-04-30,True,True,1,4310,AG
129225,33116,CH1011701234500000000000002102599,518264,True,False,2020-12-18,True,True,1,5072,AG
584939,,,,True,False,,True,False,1,5512,AG
584406,,,,True,False,2021-02-24,True,False,3,5033,AG
690299,142292,CH1011701234500000000000002102843,518511,False,True,,True,True,2,4317,AG
690299,142434,CH1011701234500000000000000567064,419386,False,True,,True,True,2,4317,AG
690299,147161,CH1011701234500000000000000525427,419832,False,True,,True,True,2,4317,AG
137898,169974,CH1011701234500000000000002103237,518907,False,True,,True,False,1,4315,AG
108801,168971,CH1011701234500000000000002104604,520292,True,False,2021-05-11,True,False,2,5322,AG
191185,,,,True,False,2021-04-08,True,False,4,4805,AG
586117,,,,True,False,,True,False,1,5312,AG
584196,,,,True,False,2020-12-14,True,False,1,5623,AG
586707,,,,False,True,,False,False,1,8957,AG
587753,,,,True,False,,True,False,3,5103,AG
729283,,,,True,False,2021-06-02,True,False,3,4332,AG
746741,,,,True,False,,True,False,1,5300,AG
590117,,,,False,True,,True,False,1,4303,AG
588117,,,,True,False,2021-04-15,True,False,2,5103,AG
588329,,,,False,True,,True,False,1,4657,SO
584595,,,,True,False,2021-05-20,True,False,1,5103,AG
587669,,,,False,True,,True,False,1,4632,SO
587410,,,,True,False,2021-06-15,True,False,1,4652,SO
116373,,,,True,False,,True,False,1,5083,AG
744897,61197,CH1011701234500000000000000542883,415705,False,True,,False,True,1,5106,AG
175022,56236,CH1011701234500000000000002106151,521874,True,False,,True,True,2,5313,AG
583987,,,,True,False,2021-05-31,True,False,2,5024,AG
134065,142407,CH1011701234500000000000002106073,521794,True,False,2021-09-13,True,True,1,5316,AG
724881,62764,CH1011701234500000000000002121814,531848,True,False,,True,True,3,5745,AG
712273,154700,CH1011701234500000000000002105068,520771,True,False,2021-08-23,True,True,2,4313,AG
574487,,,,True,False,,True,False,2,5000,AG
578058,,,,True,False,2021-08-09,True,False,1,4852,AG
588885,,,,True,False,2021-11-24,True,False,2,8903,ZH
177528,,,,False,False,,False,False,1,5621,AG
590142,,,,True,False,2023-11-08,True,False,4,5000,AG
576050,,,,True,False,2021-09-13,True,False,2,5600,AG
872270,104098,CH1011701234500000000000002105078,520781,False,True,,True,True,1,5706,AG
872270,90985,CH1011701234500000000000000553229,355673,False,True,,True,True,1,5706,AG
872270,104095,CH1011701234500000000000000548842,355682,False,True,,True,True,1,5706,AG
748404,162636,CH1011701234500000000000002105248,520954,True,False,2021-09-27,True,True,3,5614,AG
738591,58311,CH1011701234500000000000002105481,521200,True,False,,True,True,1,5745,AG
741254,157156,CH1011701234500000000000002105069,520772,True,False,2021-09-24,True,True,2,4316,AG
737347,89341,CH1011701234500000000000000530103,403428,False,True,,False,True,1,5074,AG
751454,47403,CH1011701234500000000000002105169,520874,True,False,2021-08-31,True,True,1,4310,AG
578634,,,,False,True,,True,False,1,5620,AG
714588,150096,CH1011701234500000000000002105132,520836,True,False,,True,True,1,4313,AG
751780,147591,CH1011701234500000000000002105133,520837,True,False,,True,True,1,4313,AG
118180,139818,CH1011701234500000000000002106222,521949,True,False,2021-11-04,True,True,1,5607,AG
576543,,,,True,False,2021-09-23,True,False,1,5723,AG
712641,157092,CH1011701234500000000000002105266,520973,True,False,2021-10-07,True,True,2,4313,AG
734850,162637,CH1011701234500000000000002106445,522184,True,False,2021-12-21,True,True,2,5614,AG
865899,93740,CH1011701234500000000000002106229,521956,True,False,2021-11-25,True,True,1,5225,AG
592509,,,,True,False,2021-09-21,True,False,2,5034,AG
742993,131646,CH1011701234500000000000000588071,356510,False,True,,False,True,1,4317,AG
896592,152736,CH1011701234500000000000002105072,520775,False,True,,True,True,1,4313,AG
738793,168959,CH1011701234500000000000002105377,521088,False,True,,True,True,2,5070,AG
591191,,,,False,True,,False,False,1,5018,AG
152528,101195,CH1011701234500000000000002105728,521448,True,False,2021-09-02,True,True,1,5225,AG
195088,141982,CH1011701234500000000000002122253,532282,True,False,2022-09-07,True,True,2,4313,AG
733769,,,,False,True,,False,False,1,5330,AG
590480,,,,True,False,2021-12-08,True,False,2,5210,AG
806207,98200,CH1011701234500000000000002106438,522171,True,False,2021-10-20,True,True,3,5225,AG
714489,147351,CH1011701234500000000000002106264,521992,True,False,2021-12-03,True,True,1,4313,AG
589903,,,,False,True,,False,False,1,5036,AG
143675,,,,False,True,,False,False,1,5236,AG
738516,97969,CH1011701234500000000000001632660,491448,True,False,2021-12-15,False,True,1,5225,AG
705536,128103,CH1011701234500000000000002106456,522195,True,False,2021-11-17,True,True,1,5725,AG
171901,95009,CH1011701234500000000000002106281,522010,True,False,2021-12-01,True,True,1,5304,AG
117726,54162,CH1011701234500000000000002106215,521942,True,False,,True,True,2,4310,AG
764446,131063,CH1011701234500000000000002087661,496264,False,True,,False,True,1,5707,AG
590582,,,,True,False,2022-09-07,True,False,1,5620,AG
129462,63907,CH1011701234500000000000002106776,522525,True,False,,True,True,2,5072,AG
703415,61179,CH1011701234500000000000000688200,461757,True,False,,True,True,1,4310,AG
593030,,,,True,False,2022-04-06,True,False,1,5242,AG
572795,,,,True,False,2022-02-21,True,False,2,4813,AG
594108,,,,True,False,2021-11-15,True,False,1,5430,AG
164222,65427,CH1011701234500000000000002120051,530057,True,False,,True,True,2,8962,AG
198827,90815,CH1011701234500000000000002121980,532022,True,False,2022-10-12,True,True,1,5225,AG
589133,,,,False,True,,False,False,1,4658,SO
726547,141983,CH1011701234500000000000000550961,393275,False,True,,True,True,1,5107,AG
592852,,,,True,False,2024-10-10,True,False,2,5242,AG
595793,,,,False,True,,True,False,1,5036,AG
589743,,,,False,True,,False,False,1,5442,AG
594045,,,,True,False,2022-04-12,True,False,1,5033,AG
588589,,,,True,False,2022-03-30,True,False,1,5000,AG
594448,,,,True,False,,True,False,2,5042,AG
716968,160715,CH1011701234500000000000002120674,530692,False,True,,True,True,1,4315,AG
112352,56399,CH1011701234500000000000002107057,522821,True,False,,True,True,2,5105,AG
595906,,,,True,False,2022-03-16,True,False,2,8964,AG
595907,,,,False,True,,True,False,1,8964,AG
596018,,,,True,False,2022-08-09,True,False,2,5233,AG
596019,,,,True,False,2022-01-11,True,False,4,5728,AG
586141,,,,True,False,,True,False,1,5443,AG
553509,136016,CH1011701234500000000000002106992,522731,False,True,,True,True,1,4313,AG
745455,,,,False,True,,False,False,1,5616,AG
594211,,,,True,False,2022-05-19,True,False,3,5415,AG
178475,,,,False,True,,True,False,1,5621,AG
592761,,,,True,False,2022-02-17,False,False,1,5028,AG
596456,,,,True,False,,False,False,1,5722,AG
593131,,,,True,False,2022-05-04,True,False,1,4310,AG
591712,,,,True,False,2025-05-27,True,False,2,5200,AG
909237,,,,True,False,2019-11-28,True,False,1,5620,AG
596760,,,,True,False,2022-04-19,True,False,2,4657,SO
594446,,,,True,False,2022-02-03,True,False,1,5022,AG
727903,141484,CH1011701234500000000000002107205,522981,True,False,,True,True,1,5707,AG
145791,,,,True,False,2022-03-14,True,False,1,4332,AG
591100,,,,False,True,,True,False,1,5213,AG
593820,,,,True,False,2022-09-08,True,False,1,5432,AG
596934,,,,True,False,2022-09-08,True,False,1,5432,AG
716143,96737,CH1011701234500000000000002106395,522127,False,True,,True,True,2,4303,AG
594027,,,,False,True,,True,False,1,5034,AG
716735,58291,CH1011701234500000000000002120680,530700,True,False,,True,True,2,5443,AG
596967,,,,False,True,,False,False,1,5000,AG
723980,,,,True,False,2022-02-10,True,False,1,4312,AG
593387,,,,True,False,2022-04-14,True,False,1,5712,AG
16976,,,,True,False,2022-04-19,True,False,1,5432,AG
595711,,,,False,False,,True,False,2,8962,AG
594002,,,,True,False,2022-09-19,True,False,1,5035,AG
203398,,,,True,False,,True,False,1,5610,AG
694066,149167,CH1011701234500000000000002120308,530323,True,False,2022-03-16,True,True,2,5707,AG
593365,,,,True,False,2022-06-30,True,False,1,5103,AG
595302,,,,True,False,2022-11-24,True,False,3,5400,AG
593014,,,,True,False,2022-09-20,True,False,2,5236,AG
580281,,,,False,True,,True,False,1,5070,AG
750388,147257,CH1011701234500000000000002120643,530664,True,False,,True,True,2,5107,AG
577018,,,,True,False,2022-04-11,True,False,1,5600,AG
703976,,,,True,False,2022-05-20,True,False,1,5070,AG
589123,,,,True,False,,False,False,3,5014,SO
131436,154629,CH1011701234500000000000002120129,530150,True,False,2022-02-09,True,True,1,4313,AG
131436,124797,CH1011701234500000000000000601020,472301,True,False,2022-02-09,True,True,1,4313,AG
564900,,,,True,False,2022-05-04,True,False,1,5024,AG
593829,170123,CH1011701234500000000000002134114,545986,True,False,2022-08-16,True,False,1,5425,AG
595636,,,,True,False,2022-05-31,True,False,1,5076,AG
597714,,,,True,False,2022-03-23,True,False,2,5073,AG
594402,,,,True,False,2022-05-16,True,False,1,5412,AG
590937,,,,True,False,2022-10-03,True,False,2,5512,AG
142012,92041,CH1011701234500000000000000517822,386933,False,True,,False,True,1,5074,AG
785531,102128,CH1011701234500000000000000575415,441118,False,True,,False,True,1,5622,AG
175213,64806,CH1011701234500000000000002122702,532739,False,True,,True,True,1,5313,AG
735680,,,,True,False,2022-06-02,True,False,1,4323,AG
181978,,,,True,False,2022-09-22,True,False,2,4323,AG
212758,,,,True,False,2022-07-28,True,False,1,5722,AG
691339,138577,CH1011701234500000000000002121022,531054,True,False,2023-09-07,True,True,1,4317,AG
131447,,,,False,True,,False,False,1,5442,AG
212714,,,,False,True,,True,False,2,4665,AG
109103,167809,CH1011701234500000000000002122744,532781,False,True,,False,True,1,5322,AG
109103,167808,CH1011701234500000000000000594078,465056,False,True,,False,True,1,5322,AG
595990,,,,True,False,2022-10-21,True,False,3,5033,AG
743335,156525,CH1011701234500000000000002120837,530865,True,False,,True,True,1,5314,AG
153783,82232,CH1011701234500000000000002123021,533065,True,False,2022-09-21,True,True,2,5619,AG
596691,,,,True,False,2022-09-02,True,False,1,5610,AG
192082,163386,CH1011701234500000000000000555972,390034,True,False,,True,True,1,5620,AG
213106,,,,False,True,,True,False,1,5420,AG
595391,,,,True,False,2022-11-03,True,False,1,4665,AG
213113,,,,True,False,2022-11-02,True,False,2,4653,SO
155734,,,,False,True,,True,False,1,5073,AG
213052,,,,False,True,,False,False,1,5033,AG
178529,,,,True,False,2022-07-06,True,False,2,5621,AG
163954,109854,CH1011701234500000000000002121569,531605,True,False,2022-04-04,True,True,1,4322,AG
596167,,,,True,False,2023-01-24,True,False,2,4665,AG
711145,96814,CH1011701234500000000000002121722,531753,True,False,2022-07-20,True,True,1,4303,AG
705057,147894,CH1011701234500000000000002120839,530867,False,True,,True,True,1,4317,AG
705057,147895,CH1011701234500000000000002123645,533698,False,True,,True,True,1,4317,AG
151970,116783,CH1011701234500000000000002122091,532125,True,False,2022-07-27,True,True,1,5306,AG
723437,75923,CH1011701234500000000000002121836,531873,True,False,2022-11-08,True,True,1,4310,AG
213274,,,,False,True,,True,False,1,4852,AG
696616,,,,True,False,2022-04-04,True,False,1,5070,AG
596437,,,,False,True,,True,False,1,4657,SO
728322,,,,False,True,,False,False,1,5707,AG
909745,,,,True,False,2022-12-20,True,False,1,4803,AG
145326,86955,CH1011701234500000000000002122230,532259,False,True,,True,True,1,5426,AG
596257,,,,True,False,2022-11-22,True,False,1,4665,AG
596313,,,,True,False,2022-12-22,True,False,2,4852,AG
692112,65290,CH1011701234500000000000002120873,530901,True,False,,True,True,2,8962,AG
692112,66549,CH1011701234500000000000000608022,481498,True,False,,True,True,2,8962,AG
146807,69791,CH1011701234500000000000002123666,533720,True,False,2023-01-10,True,True,1,5106,AG
213683,,,,True,False,2022-09-22,True,False,1,5024,AG
702332,,,,False,True,,False,False,1,5304,AG
884000,147142,CH1011701234500000000000002121937,531979,True,False,,True,True,1,5107,AG
733114,125644,CH1011701234500000000000002120836,530864,False,True,,True,True,1,4317,AG
213700,,,,False,True,,False,False,1,5610,AG
152557,169451,CH1011701234500000000000002121016,531048,True,False,2022-12-13,True,False,1,5070,AG
702339,95385,CH1011701234500000000000002098062,513631,False,True,,False,True,1,5304,AG
702339,95357,CH1011701234500000000000000548765,389286,False,True,,False,True,1,5304,AG
129447,79415,CH1011701234500000000000002121577,531613,True,False,2023-04-11,True,True,2,5072,AG
740230,60065,CH1011701234500000000000002121379,531413,True,False,2023-06-23,True,True,1,8962,AG
213711,,,,True,False,2022-05-17,True,False,2,5024,AG
898693,110283,CH1011701234500000000000002122085,532119,False,True,,True,True,1,5504,AG
821268,120966,CH1011701234500000000000000611062,483544,False,True,,False,True,1,4303,AG
595118,,,,False,True,,False,False,1,4800,AG
134309,,,,True,False,2023-02-22,True,False,1,5312,AG
693106,106336,CH1011701234500000000000002123702,533756,True,False,2022-12-20,True,True,1,5706,AG
693106,106335,CH1011701234500000000000002120294,530309,True,False,2022-12-20,True,True,1,5706,AG
693106,106333,CH1011701234500000000000000516051,356658,True,False,2022-12-20,True,True,1,5706,AG
748977,106334,CH1011701234500000000000000525217,356664,True,False,2022-12-20,True,True,1,5706,AG
723937,120634,CH1011701234500000000000002121370,531404,True,False,2022-11-09,True,True,1,5235,AG
593403,,,,False,True,,True,False,1,5430,AG
127600,120790,CH1011701234500000000000002121005,531036,True,False,2022-12-14,True,True,2,5235,AG
697434,131712,CH1011701234500000000000002123203,533251,True,False,2022-12-16,True,True,1,5108,AG
214149,,,,True,False,2026-06-16,True,False,2,5420,AG
136557,153288,CH1011701234500000000000002125575,535818,True,False,2023-05-10,True,True,2,4325,AG
821251,120967,CH1011701234500000000000000611102,483589,False,True,,False,True,1,4303,AG
187258,66613,CH1011701234500000000000002123182,533230,True,False,2022-11-30,True,True,1,5106,AG
751926,69997,CH1011701234500000000000002123737,533792,True,False,,True,True,1,8962,AG
214379,,,,True,False,2023-02-09,True,False,1,5525,AG
707738,76690,CH1011701234500000000000002121809,531843,False,True,,True,True,1,5443,AG
707738,36783,CH1011701234500000000000000587675,416061,False,True,,True,True,1,5443,AG
900492,,,,True,False,2023-05-02,True,False,1,5000,AG
596414,,,,True,False,2023-05-02,True,False,1,8967,AG
900752,,,,True,False,2022-12-09,True,False,1,5200,AG
591571,101874,CH1011701234500000000000002130465,541335,True,False,2024-06-27,True,True,2,5426,AG
148705,,,,True,False,2022-12-19,True,False,1,4314,AG
713578,138044,CH1011701234500000000000002122434,532469,True,False,2022-09-04,True,True,1,4313,AG
842115,,,,True,False,2022-08-15,True,False,1,4323,AG
902436,,,,True,False,2023-09-11,True,False,1,5624,AG
596361,,,,False,False,,True,False,3,5242,AG
159508,,,,False,True,,True,False,1,4805,AG
214501,,,,True,False,,True,False,1,5035,AG
595809,,,,True,False,2023-05-24,True,False,1,5626,AG
902449,,,,False,True,,False,False,1,5737,AG
214609,,,,False,True,,False,False,1,4313,AG
902489,,,,True,False,2023-06-30,True,False,1,5018,AG
214745,,,,True,False,2022-11-15,True,False,2,5430,AG
900371,,,,True,False,,True,False,2,5107,AG
719912,120725,CH1011701234500000000000002122721,532758,True,False,2023-05-30,True,True,1,5235,AG
148105,,,,True,False,2023-05-11,True,False,2,4314,AG
776146,53431,CH1011701234500000000000000582032,365888,False,True,,False,True,1,5452,AG
214910,,,,True,False,2022-12-14,True,False,2,4800,AG
749729,,,,True,False,2022-12-13,True,False,1,5616,AG
759548,65289,CH1011701234500000000000002122759,532796,True,False,2023-01-24,True,True,1,8962,AG
902701,,,,False,True,,False,False,1,5102,AG
118609,150083,CH1011701234500000000000002124480,534578,True,False,2023-04-06,True,True,2,5607,AG
118609,96945,CH1011701234500000000000000596399,467423,True,False,2023-04-06,True,True,2,5607,AG
710494,161858,CH1011701234500000000000002127821,538106,True,False,2023-08-23,True,True,1,4312,AG
902830,,,,True,False,,True,False,3,5032,AG
902831,,,,True,False,2023-10-25,True,False,2,8957,AG
735831,160102,CH1011701234500000000000002124399,534495,True,False,2023-06-05,True,True,1,4333,AG
155412,,,,True,False,2023-06-29,True,False,2,8967,AG
901003,,,,True,False,2023-03-14,True,False,1,5043,AG
215500,,,,False,True,,True,False,1,4323,AG
215740,,,,True,False,2023-07-14,True,False,1,5000,AG
215442,,,,False,True,,True,False,1,5000,AG
160111,,,,False,True,,False,False,1,4805,AG
215605,,,,False,True,,False,False,1,5023,AG
900382,,,,True,False,2023-06-06,True,False,1,4312,AG
215480,117270,CH1011701234500000000000002124896,535001,False,True,,True,True,1,5504,AG
749221,,,,True,False,2023-04-05,True,False,1,5616,AG
215492,,,,True,False,2023-07-07,True,False,2,5033,AG
900905,,,,True,False,2023-04-24,True,False,1,5024,AG
215676,,,,False,True,,False,False,1,4852,AG
215697,,,,True,False,2023-09-27,True,False,1,5742,AG
694753,149575,CH1011701234500000000000002122637,532674,True,False,2025-11-18,False,True,2,5620,AG
215731,,,,True,False,2023-08-24,True,False,2,5430,AG
745424,135709,CH1011701234500000000000002123827,533891,True,False,2023-06-05,True,True,2,5027,AG
174453,87853,CH1011701234500000000000002124142,534217,True,False,2023-04-18,True,True,1,5706,AG
215929,168217,CH1011701234500000000000002136045,548848,False,True,,True,True,1,5724,AG
750496,171818,CH1011701234500000000000002127485,537765,False,True,,True,False,1,4315,AG
692971,80353,CH1011701234500000000000000558690,355005,False,True,,False,True,2,5244,AG
143664,,,,True,False,2023-02-02,True,False,1,4312,AG
900686,,,,True,False,,True,False,1,5036,AG
889825,,,,True,False,,True,False,1,5620,AG
596391,,,,False,True,,True,False,1,5116,AG
215962,,,,True,False,2023-05-15,True,False,2,5210,AG
216063,,,,False,True,,True,False,1,5024,AG
697435,97798,CH1011701234500000000000002127482,537762,True,False,2023-09-14,True,True,1,5425,AG
900596,,,,True,False,2023-03-27,True,False,1,5034,AG
216226,,,,False,False,,True,False,1,5014,SO
216213,,,,True,False,2023-05-05,False,False,1,4657,SO
216237,,,,True,False,2023-03-22,True,False,2,5610,AG
709624,72179,CH1011701234500000000000002124388,534484,False,True,,True,True,1,5113,AG
216373,,,,False,True,,True,False,1,8956,AG
900694,,,,True,False,2023-09-30,True,False,2,5408,AG
146018,146173,CH1011701234500000000000002126356,536620,True,False,2023-07-07,True,True,1,4324,AG
146018,146161,CH1011701234500000000000000534739,364210,True,False,2023-07-07,True,True,1,4324,AG
146018,146157,CH1011701234500000000000000504184,364215,True,False,2023-07-07,True,True,1,4324,AG
695851,72083,CH1011701234500000000000002124346,534434,True,False,2023-06-05,True,True,1,5452,AG
596641,,,,True,False,2023-06-13,True,False,2,4464,BL
699307,145815,CH1011701234500000000000000561223,393011,False,True,,False,True,1,5316,AG
694334,,,,False,False,,True,False,1,4323,AG
722853,160358,CH1011701234500000000000002125483,535619,True,False,2023-10-23,True,True,1,4315,AG
704806,150127,CH1011701234500000000000002123951,534022,False,True,,True,True,1,4316,AG
870024,,,,True,False,2025-01-09,True,False,2,5300,AG
183539,,,,True,False,2023-05-03,True,False,2,4323,AG
596560,,,,True,False,2023-07-27,True,False,1,4663,AG
900825,,,,True,False,2023-07-21,True,False,1,5430,AG
216692,,,,True,False,2023-12-08,True,False,1,5014,SO
900899,,,,True,False,,True,False,1,4800,AG
579972,,,,True,False,2023-11-13,True,False,1,5036,AG
593329,,,,True,False,2023-09-22,True,False,1,5200,AG
694569,96067,CH1011701234500000000000002128825,539152,True,False,,True,True,1,5452,AG
694569,130489,CH1011701234500000000000002132760,544188,True,False,,True,True,1,5452,AG
713894,63674,CH1011701234500000000000000616100,487693,False,True,,True,True,2,4323,AG
900555,,,,True,False,2023-09-21,True,False,1,5210,AG
179215,150900,CH1011701234500000000000002127783,538068,False,True,,True,True,1,5607,AG
718990,131834,CH1011701234500000000000002128397,538706,True,False,2023-10-30,True,True,2,5027,AG
120135,154632,CH1011701234500000000000002125860,536113,True,False,2023-11-01,True,True,2,4313,AG
893520,154635,CH1011701234500000000000002127533,537817,True,False,2023-11-03,True,True,1,4313,AG
594950,,,,True,False,2023-07-25,True,False,2,5103,AG
901752,,,,True,False,2023-12-11,True,False,1,4803,AG
216151,,,,True,False,,True,False,1,8966,AG
900418,,,,True,False,2023-12-19,True,False,2,4663,AG
104987,109050,CH1011701234500000000000002128171,538467,True,False,2023-11-03,True,True,1,4322,AG
903240,,,,True,False,2023-11-03,True,False,1,5034,AG
785596,100811,CH1011701234500000000000002127543,537827,True,False,2023-09-29,True,True,1,5622,AG
149164,70028,CH1011701234500000000000002123784,533839,True,False,2023-12-06,True,True,2,5600,AG
130747,102057,CH1011701234500000000000000507488,441116,False,False,,False,True,1,5622,AG
118639,149254,CH1011701234500000000000002131774,542657,True,False,2024-07-04,True,True,1,5607,AG
120137,154633,CH1011701234500000000000002125937,536191,True,False,2023-11-01,True,True,2,4313,AG
902362,,,,False,True,,False,False,1,5430,AG
149072,,,,True,False,,True,False,1,5706,AG
692466,95510,CH1011701234500000000000002127091,537360,True,False,,True,True,2,8962,AG
692466,61683,CH1011701234500000000000000591110,462104,True,False,,True,True,2,8962,AG
217735,,,,True,False,2023-12-08,True,False,1,8964,AG
734481,97650,CH1011701234500000000000002126997,537263,True,False,2023-12-14,True,True,1,5600,AG
901251,,,,True,False,2023-11-23,True,False,1,5432,AG
720808,156311,CH1011701234500000000000002125372,535496,False,False,,True,True,1,4325,AG
901260,,,,True,False,2023-11-21,True,False,1,5024,AG
710804,,,,True,False,2023-08-10,True,False,1,4312,AG
176260,,,,True,False,2023-09-21,True,False,2,5452,AG
571675,,,,False,True,,False,False,1,4805,AG
790904,106074,CH1011701234500000000000002124492,534590,True,False,2023-03-16,True,True,3,5506,AG
821253,122202,CH1011701234500000000000002126961,537224,True,False,2023-08-08,True,True,1,4303,AG
698929,172731,CH1011701234500000000000002128020,538309,True,False,2023-12-15,True,False,1,5605,AG
702016,137429,CH1011701234500000000000002126495,536754,False,False,,True,True,1,4313,AG
703035,36230,CH1011701234500000000000000586032,362397,False,False,,False,True,1,5443,AG
703035,36229,CH1011701234500000000000000558965,362394,False,False,,False,True,1,5443,AG
218254,,,,False,False,,False,False,1,5417,AG
166661,,,,True,False,2023-10-05,True,False,1,5626,AG
696579,173867,CH1011701234500000000000002128126,538421,True,False,2024-01-12,True,False,2,5605,AG
903068,128926,CH1011701234500000000000002127431,537711,True,False,2023-11-08,True,True,1,5620,AG
901606,,,,True,False,2023-08-11,True,False,2,5073,AG
902353,,,,True,False,2023-12-20,True,False,1,4657,SO
885322,152738,CH1011701234500000000000002127244,537516,True,False,2023-09-01,True,True,1,4313,AG
805535,157098,CH1011701234500000000000002128818,539145,True,False,2024-02-02,True,True,2,4313,AG
805537,157099,CH1011701234500000000000002128819,539146,True,False,2024-02-02,True,True,2,4313,AG
743047,108981,CH1011701234500000000000002127373,537649,True,False,2023-08-10,True,True,1,4303,AG
731568,139014,CH1011701234500000000000002128125,538420,True,False,2024-01-12,True,True,1,4313,AG
722394,,,,True,False,2024-01-12,True,False,1,4323,AG
732662,,,,True,False,2023-08-11,True,False,1,4323,AG
883062,,,,False,True,,False,False,1,4312,AG
190040 / 750463,,,,False,True,,False,False,1,5504,AG
138849,,,,True,False,2024-01-09,True,False,2,5605,AG
732821,,,,True,False,2023-11-22,True,False,1,4323,AG
874661,102052,CH1011701234500000000000002129009,539337,True,False,2024-04-18,True,True,1,5106,AG
104479,105637,CH1011701234500000000000002129304,539681,True,False,2024-04-15,True,True,1,8962,AG
104479,60373,CH1011701234500000000000000592368,463340,True,False,2024-04-15,True,True,1,8962,AG
218646,,,,True,False,2024-01-12,True,False,1,4310,AG
155497,126306,CH1011701234500000000000002131450,542320,True,False,2024-07-26,True,True,2,5108,AG
218749,,,,True,False,2023-12-15,True,False,1,5600,AG
741910,139013,CH1011701234500000000000002127788,538073,True,False,2023-11-03,True,True,1,4313,AG
708823,137754,CH1011701234500000000000002128812,539139,True,False,2024-02-15,True,True,1,5316,AG
708823,32173,CH1011701234500000000000002087879,496489,True,False,2024-02-15,True,True,1,5316,AG
707045,,,,True,False,2024-01-12,True,False,1,4312,AG
878846,117943,CH1011701234500000000000002128481,538794,False,False,,True,True,1,5506,AG
150951,115607,CH1011701234500000000000002124159,534234,False,True,,True,True,1,5506,AG
218940,,,,True,False,2024-12-07,True,False,2,5058,AG
219030,,,,True,False,2024-04-22,True,False,1,8965,AG
692126,101176,CH1011701234500000000000002128047,538337,True,False,2024-04-03,True,True,1,8962,AG
749429,,,,True,False,,False,False,1,5616,AG
219195,,,,True,False,2023-12-19,True,False,1,5000,AG
118168,150672,CH1011701234500000000000002129468,539855,True,False,2024-05-01,True,True,2,5607,AG
697496,,,,True,False,2024-02-07,True,False,1,5616,AG
219355,,,,False,False,,True,False,1,5222,AG
751403,91774,CH1011701234500000000000002125299,535418,False,True,,True,True,1,5105,AG
751403,92583,CH1011701234500000000000002125300,535419,False,True,,True,True,1,5105,AG
219690,,,,True,False,2023-12-19,True,False,1,4800,AG
745959,93459,CH1011701234500000000000002128460,538773,True,False,2024-01-10,True,True,3,5105,AG
161857,149313,CH1011701234500000000000002128152,538447,False,True,,True,True,1,4324,AG
731681,106079,CH1011701234500000000000002131487,542358,True,False,2024-05-31,True,True,2,5106,AG
132315,166580,CH1011701234500000000000002129471,539858,True,False,2024-01-12,True,True,1,4312,AG
219735,,,,True,False,2024-04-23,True,False,1,5018,AG
131858,36513,CH1011701234500000000000000566576,361808,True,False,2024-08-12,True,True,2,5443,AG
752093,98955,CH1011701234500000000000002128534,538847,True,False,2024-01-12,True,True,1,4303,AG
720260,166566,CH1011701234500000000000002131656,542538,True,False,2024-06-05,True,True,1,4312,AG
126001,163819,CH1011701234500000000000002128849,539177,True,False,,True,True,1,4312,AG
902793,,,,False,True,,False,False,1,5210,AG
745415,93741,CH1011701234500000000000002128521,538834,True,False,2023-12-20,True,True,2,5074,AG
175514,97794,CH1011701234500000000000002129504,539892,True,False,2024-07-02,True,True,1,5313,AG
727027,98501,CH1011701234500000000000002129406,539788,True,False,2024-06-17,True,True,1,5225,AG
220346,,,,False,False,,False,False,1,5018,AG
700296,98532,CH1011701234500000000000002128588,538906,True,False,2024-04-03,True,True,1,4310,AG
700296,66535,CH1011701234500000000000000546517,381538,True,False,2024-04-03,True,True,1,4310,AG
904943,,,,True,False,2023-08-02,True,False,1,5024,AG
220402,,,,True,False,,True,False,1,5000,AG
159313,,,,True,False,2024-03-20,True,False,2,4805,AG
144863,101174,CH1011701234500000000000002130799,541665,True,False,2024-04-06,True,True,1,5105,AG
868747,,,,True,False,2024-02-01,True,False,1,5102,AG
596561,,,,True,False,2023-09-22,True,False,1,5430,AG
166831,131910,CH1011701234500000000000002131499,542371,True,False,2024-06-11,True,True,1,5725,AG
797810,,,,False,True,,True,False,2,5616,AG
559868,,,,True,False,2024-03-07,True,False,1,5036,AG
109520,154551,CH1011701234500000000000000552984,456847,False,True,,False,True,1,4313,AG
585660,116778,CH1011701234500000000000002130427,541298,False,True,,True,True,1,4322,AG
904069,,,,False,True,,True,False,1,8905,AG
220642,,,,False,True,,False,False,1,5200,AG
556837,162160,CH1011701234500000000000002128947,539275,True,False,2024-03-26,True,True,1,5236,AG
812506,109030,CH1011701234500000000000002128632,538952,True,False,2024-03-22,True,True,1,5506,AG
735427,,,,True,False,2024-03-04,True,False,1,4315,AG
736207,104931,CH1011701234500000000000002131243,542112,True,False,2024-06-25,True,True,1,5078,AG
220966,,,,True,False,2024-04-10,True,False,1,5018,AG
184486,96653,CH1011701234500000000000002128862,539190,True,False,2024-07-04,True,True,1,5305,AG
184486,18846,CH1011701234500000000000002092860,504878,True,False,2024-07-04,True,True,1,5305,AG
572042,,,,False,True,,False,False,1,5070,AG
186748,96886,CH1011701234500000000000002129284,539636,True,False,2023-07-03,True,True,1,5074,AG
723701,124456,CH1011701234500000000000002129137,539463,True,False,2024-01-17,True,True,2,5707,AG
847273,,,,True,False,2024-07-19,True,False,1,5620,AG
221242,,,,False,True,,False,False,1,5000,AG
13217,,,,True,False,2024-03-20,True,False,1,4324,AG
594379,166880,CH1011701234500000000000002129718,540585,False,True,,True,True,1,4333,AG
201264,144017,CH1011701234500000000000002129138,539464,True,False,2024-05-07,True,True,1,5076,AG
186964,,,,True,False,2024-03-13,True,False,1,4334,AG
221051,,,,True,False,2024-10-03,True,False,1,8954,ZH
904184,,,,True,False,2024-03-13,True,False,2,4312,AG
725159,73119,CH1011701234500000000000000514752,451702,False,True,,True,True,1,4310,AG
715586,123483,CH1011701234500000000000000539586,357375,True,False,2024-10-09,True,True,1,4322,AG
113592,105543,CH1011701234500000000000002129250,539594,True,False,2024-06-28,True,True,1,5106,AG
717438,96812,CH1011701234500000000000002128576,538894,True,False,2024-02-28,True,True,2,5225,AG
867869,107123,CH1011701234500000000000002131490,542361,True,False,2024-07-03,True,True,1,5504,AG
159181,,,,True,False,2024-10-25,True,False,2,4805,AG
221660,,,,False,False,,True,False,2,5607,AG
706335,106873,CH1011701234500000000000002129147,539473,True,False,2024-06-12,True,True,1,4310,AG
863162,155839,CH1011701234500000000000002127845,538131,True,False,2024-03-14,True,True,1,4324,AG
863162,155840,CH1011701234500000000000002130448,541319,True,False,2024-03-14,True,True,1,4324,AG
107868,165917,CH1011701234500000000000000594222,465201,True,False,2026-04-08,True,True,2,5322,AG
107868,165138,CH1011701234500000000000000593239,464220,True,False,2026-04-08,True,True,2,5322,AG
700623,110144,CH1011701234500000000000002129363,539742,False,True,,True,True,1,5074,AG
906818,,,,True,False,2024-07-24,True,False,1,5000,AG
722764,131236,CH1011701234500000000000002129288,539665,True,False,2024-07-08,True,True,1,5620,AG
221151,,,,True,False,2024-04-05,True,False,1,5610,AG
596077,,,,False,True,,True,False,1,5272,AG
221251,,,,True,False,2024-06-20,True,False,2,5507,AG
222361,,,,True,False,,True,False,2,3038,BE
108808,169871,CH1011701234500000000000002129237,539577,True,False,,True,False,1,5322,AG
689836,119923,CH1011701234500000000000002131763,542646,False,False,,True,True,1,5237,AG
221104,,,,True,False,2024-08-27,True,False,1,5504,AG
905318,,,,True,False,,True,False,1,5024,AG
197257,125617,CH1011701234500000000000002130992,541855,True,False,2024-07-16,True,True,1,5426,AG
197257,94991,CH1011701234500000000000000522273,389093,True,False,2024-07-16,True,True,1,5426,AG
221163,,,,True,False,2024-05-08,True,False,1,5000,AG
855487,,,,True,False,2024-08-09,True,False,1,4323,AG
220598,,,,True,False,2024-06-21,True,False,1,5502,AG
222659,,,,True,False,2024-07-31,True,False,1,5722,AG
220464,,,,True,False,2024-02-29,True,False,1,5442,AG
147864,,,,False,True,,True,False,1,4314,AG
143397,156980,CH1011701234500000000000000606535,480001,True,False,2024-07-30,True,True,1,5620,AG
143397,156990,CH1011701234500000000000000606545,480011,True,False,2024-07-30,True,True,1,5620,AG
143397,156991,CH1011701234500000000000000606546,480012,True,False,2024-07-30,True,True,1,5620,AG
143397,155244,CH1011701234500000000000002122697,532734,True,False,2024-07-30,True,True,1,5620,AG
143397,155246,CH1011701234500000000000002122699,532736,True,False,2024-07-30,True,True,1,5620,AG
143397,155247,CH1011701234500000000000002122700,532737,True,False,2024-07-30,True,True,1,5620,AG
143397,142065,CH1011701234500000000000002122684,532721,True,False,2024-07-30,True,True,1,5620,AG
143397,142066,CH1011701234500000000000002122685,532722,True,False,2024-07-30,True,True,1,5620,AG
153093,103631,CH1011701234500000000000000578370,415871,False,True,,False,True,1,5504,AG
727137,160104,CH1011701234500000000000002131570,542449,False,True,,True,True,1,4333,AG
220835,,,,False,True,,True,False,1,4853,AG
222951,,,,True,False,2024-08-28,True,False,1,5622,AG
727135,160103,CH1011701234500000000000002131569,542448,False,True,,True,True,1,4333,AG
116909,,,,True,False,2024-03-28,True,False,1,4665,AG
725192,,,,True,False,2024-05-28,True,False,1,4312,AG
821784,131311,CH1011701234500000000000002131244,542113,True,False,2024-09-12,True,True,1,5707,AG
135868,131292,CH1011701234500000000000002131198,542066,True,False,2024-06-20,True,True,1,4313,AG
146143,,,,True,False,,True,False,1,4323,AG
578756,,,,False,True,,True,False,1,5452,AG
223319,,,,True,False,2024-06-06,True,False,1,5013,SO
222144,,,,True,False,2024-09-03,True,False,1,5737,AG
223567,,,,True,False,2024-08-09,True,False,1,8965,AG
577538,,,,True,False,2024-08-09,True,False,1,5200,AG
223425,,,,True,False,,True,False,1,4802,AG
731757,,,,False,True,,False,False,1,5616,AG
712408,,,,True,False,2023-12-14,True,False,1,5705,AG
712048,,,,True,False,2024-09-06,True,False,1,5616,AG
223566,,,,True,False,2025-01-17,True,False,1,4102,BL
223653,,,,True,False,2024-06-20,True,False,3,4323,AG
220683,,,,True,False,2024-08-09,True,False,1,4803,AG
201391,122134,CH1011701234500000000000002132211,543637,True,False,2024-10-07,True,True,2,5076,AG
693075,,,,True,False,2024-06-25,True,False,1,4323,AG
176765,,,,True,False,2024-07-30,True,False,1,5621,AG
224211,,,,True,False,,True,False,1,5018,AG
224148,,,,True,False,2024-09-11,True,False,1,6234,LU
119324,,,,True,False,2024-09-18,True,False,2,5614,AG
896125,40119,CH1011701234500000000000001295824,490504,False,True,,True,True,1,5745,AG
10179,,,,False,True,,False,False,1,5024,AG
221953,,,,True,False,2021-08-09,True,False,1,4852,AG
165183,106365,CH1011701234500000000000002130036,540906,True,False,2024-04-04,True,True,1,5504,AG
224437,,,,True,False,2024-07-11,True,False,1,5036,AG
224444,,,,True,False,2024-10-11,True,False,1,5000,AG
194423,155841,CH1011701234500000000000002132404,543833,False,False,,True,True,1,4324,AG
224372,,,,True,False,2024-04-03,True,False,1,5242,AG
165171,174336,CH1011701234500000000000002143348,556913,True,False,,True,True,2,5506,AG
165171,106348,CH1011701234500000000000000529305,453764,True,False,,True,True,2,5506,AG
224481,,,,True,False,2024-08-21,True,False,1,5400,AG
726831,,,,True,False,2024-09-24,True,False,2,4323,AG
224532,,,,False,False,,True,False,1,4600,SO
224819,,,,True,False,2024-07-25,True,False,1,4657,SO
867608,,,,False,False,,True,False,2,5604,AG
224898,,,,False,False,,True,False,1,5620,AG
580767,,,,False,False,,True,False,1,4312,AG
225057,,,,True,False,2024-08-09,True,False,1,5034,AG
221878,,,,False,True,,True,False,1,5033,AG
555287,109231,CH1011701234500000000000002131976,542860,True,False,2024-08-29,True,True,2,5706,AG
162827,103833,CH1011701234500000000000002131217,542086,True,False,2024-05-03,True,True,1,5225,AG
757719,162281,CH1011701234500000000000002132831,544259,True,False,2024-07-25,True,True,1,4312,AG
225127,,,,False,True,,True,False,2,5443,AG
164237,102550,CH1011701234500000000000002131110,541976,True,False,2024-08-20,True,True,2,5622,AG
164237,111698,CH1011701234500000000000002131759,542642,True,False,2024-08-20,True,True,2,5622,AG
225186,,,,True,False,2024-09-04,True,False,2,4612,SO
711259,103880,CH1011701234500000000000002131209,542077,False,True,,True,True,1,5506,AG
142682,121131,CH1011701234500000000000002132078,543052,True,False,2024-10-08,True,True,1,4303,AG
809909,104399,CH1011701234500000000000002131260,542129,False,True,,True,True,1,5506,AG
225302,,,,True,False,2024-11-22,True,False,1,5452,AG
204380,,,,True,False,2024-04-19,True,False,1,5325,AG
225364,,,,False,True,,True,False,1,5116,AG
750463,,,,False,True,,True,False,1,4310,AG
225438,,,,True,False,2024-07-02,True,False,1,5442,AG
225601,,,,False,True,,True,False,1,5033,AG
225602,,,,True,False,,True,False,2,5033,AG
225594,,,,True,False,2024-07-04,True,False,1,5243,AG
225685,,,,True,False,2024-04-29,True,False,1,5630,AG
225852,,,,True,False,,True,False,2,5620,AG
221659,,,,False,False,,False,False,1,5502,AG
906291,117402,CH1011701234500000000000000575621,353014,False,True,,False,True,2,8962,AG
696588,,,,False,True,,True,False,2,5044,AG
225908,,,,False,True,,True,False,1,5603,AG
225935,,,,False,True,,True,False,1,5611,AG
226026,,,,True,False,2024-03-13,True,False,1,4313,AG
578387,,,,True,False,2024-09-09,True,False,1,4323,AG
176306,131321,CH1011701234500000000000002132904,544332,False,True,,True,True,1,5707,AG
720022,121149,CH1011701234500000000000002134689,546796,True,False,2024-08-05,True,True,2,4310,AG
573146,,,,False,True,,True,False,1,8918,AG
226514,,,,True,False,2024-07-22,True,False,1,8919,AG
194265,123269,CH1011701234500000000000002132065,543039,True,False,2024-08-08,True,True,1,5078,AG
226644,,,,True,False,2024-08-30,True,False,1,5430,AG
226809,,,,False,True,,False,False,1,5610,AG
226751,,,,True,False,2024-12-09,True,False,1,4802,AG
552884,107150,CH1011701234500000000000002131698,542580,True,False,2024-07-08,True,True,1,5522,AG
127293,126291,CH1011701234500000000000002132349,543778,True,False,2024-08-09,True,True,1,4313,AG
583817,,,,True,False,,True,False,1,5605,AG
187213,118890,CH1011701234500000000000002133164,545034,False,True,,False,True,1,5113,AG
187213,27487,CH1011701234500000000000000568943,407975,False,True,,False,True,1,5113,AG
187213,27485,CH1011701234500000000000000500391,407978,False,True,,False,True,1,5113,AG
710897,160716,CH1011701234500000000000002132347,543776,False,True,,True,True,1,4315,AG
717974,119505,CH1011701234500000000000002134264,546132,True,False,2024-10-18,True,True,1,5452,AG
227165,,,,True,False,2026-06-16,True,False,2,5603,AG
227446,,,,False,False,,True,False,1,4323,AG
897353,109241,CH1011701234500000000000002132054,542938,True,False,2024-08-30,True,True,1,5522,AG
811757,109763,CH1011701234500000000000002131951,542834,False,False,,True,True,1,5608,AG
226015,,,,True,False,,True,False,3,5082,AG
227594,,,,True,False,2024-09-06,True,False,1,5412,AG
696780,106916,CH1011701234500000000000002131659,542541,True,False,2024-05-27,True,True,2,4310,AG
708813,141280,CH1011701234500000000000002127888,538175,True,False,,True,True,1,5316,AG
228090,,,,True,False,2024-06-30,True,False,1,5034,AG
720199,54948,CH1011701234500000000000000517448,372218,True,False,2025-02-06,True,True,1,4314,AG
150964,131301,CH1011701234500000000000002131950,542833,False,True,,True,True,1,5107,AG
198525,,,,True,False,2024-11-06,True,False,1,5723,AG
223900,155255,CH1011701234500000000000002133034,544466,True,False,2024-11-22,True,True,1,5607,AG
226549,,,,True,False,2024-10-21,True,False,1,4542,SO
182712,,,,False,True,,True,False,2,8967,AG
732680,,,,True,False,2024-10-11,True,False,1,4323,AG
868792,117175,CH1011701234500000000000002132084,543132,True,False,2024-08-30,True,True,3,4322,AG
226011,166421,CH1011701234500000000000002134061,545933,True,False,2026-07-09,True,True,2,5425,AG
228750,,,,False,True,,True,False,1,5620,AG
228764,,,,True,False,2024-09-30,True,False,1,5034,AG
167903,,,,True,False,2024-05-29,True,False,1,4332,AG
197811,,,,True,False,2024-12-05,True,False,1,4305,AG
227658,,,,False,True,,False,False,1,5200,AG
736402,173599,CH1011701234500000000000002132665,544093,False,True,,True,True,1,5236,AG
736402,174523,CH1011701234500000000000000555845,371025,False,True,,True,True,1,5236,AG
736402,162910,CH1011701234500000000000000562753,370412,False,True,,True,True,1,5236,AG
736402,174521,CH1011701234500000000000000563219,370369,False,True,,True,True,1,5236,AG
736402,162911,CH1011701234500000000000000569637,370788,False,True,,True,True,1,5236,AG
736402,164493,CH1011701234500000000000000571047,369966,False,True,,True,True,1,5236,AG
736402,162912,CH1011701234500000000000000573220,370257,False,True,,True,True,1,5236,AG
736402,159275,CH1011701234500000000000000573513,370903,False,True,,True,True,1,5236,AG
736402,162915,CH1011701234500000000000000598908,469965,False,True,,True,True,1,5236,AG
736402,162909,CH1011701234500000000000000534165,370438,False,True,,True,True,1,5236,AG
736402,174522,CH1011701234500000000000000544622,370562,False,True,,True,True,1,5236,AG
736402,174202,CH1011701234500000000000000550184,369587,False,True,,True,True,1,5236,AG
736402,174518,CH1011701234500000000000000519195,370372,False,True,,True,True,1,5236,AG
736402,174519,CH1011701234500000000000000521352,370363,False,True,,True,True,1,5236,AG
736402,174189,CH1011701234500000000000000521659,370633,False,True,,True,True,1,5236,AG
736402,173816,CH1011701234500000000000000505455,370453,False,True,,True,True,1,5236,AG
736402,165057,CH1011701234500000000000000510314,369961,False,True,,True,True,1,5236,AG
226022,,,,True,False,2024-09-06,True,False,1,5702,AG
709341,131369,CH1011701234500000000000002134315,546184,True,False,2024-12-11,True,True,3,4317,AG
227957,,,,True,False,,True,False,2,5103,AG
229103,,,,True,False,2024-11-18,True,False,1,5272,AG
719301,116779,CH1011701234500000000000002132814,544242,True,False,2024-09-17,True,True,1,5504,AG
229415,,,,False,True,,False,False,1,5107,AG
228382,,,,True,False,2024-09-25,True,False,1,5502,AG
696935,119892,CH1011701234500000000000002134230,546097,True,False,2025-04-09,True,True,1,5225,AG
696935,101837,CH1011701234500000000000000613866,485459,True,False,2025-04-09,True,True,1,5225,AG
229547,,,,True,False,,True,False,2,5436,AG
735579,115589,CH1011701234500000000000002132907,544335,True,False,,True,True,1,8962,AG
226885,,,,False,True,,True,False,1,5032,AG
227966,,,,True,False,2024-12-20,True,False,1,5032,AG
228239,,,,True,False,2024-11-25,True,False,1,5452,AG
228384,,,,True,False,2024-12-05,True,False,2,5502,AG
746764,115387,CH1011701234500000000000002132883,544311,True,False,2024-10-28,True,True,1,5452,AG
229766,,,,True,False,2024-11-20,True,False,1,5703,AG
722929,118609,CH1011701234500000000000002134146,546018,True,False,2024-12-17,True,True,1,5106,AG
227804,,,,True,False,2024-11-30,True,False,3,5702,AG
230149,,,,False,True,,True,False,1,4310,AG
188943,,,,True,False,,True,False,1,5524,AG
227913,93564,CH1011701234500000000000000545623,414712,False,False,,False,True,1,5426,AG
692550,121379,CH1011701234500000000000002134437,546359,False,False,,True,True,2,8962,AG
575209,,,,True,False,2025-05-08,True,False,1,5012,SO
231791,,,,False,True,,True,False,1,5034,AG
231749,,,,True,False,,True,False,1,5000,AG
568740,,,,False,True,,False,False,1,5000,AG
231801,,,,True,False,2025-05-20,True,False,1,5200,AG
228837,110865,CH1011701234500000000000000502924,459008,True,False,2024-11-30,True,True,1,5463,AG
724334,120594,CH1011701234500000000000002134453,546376,False,False,,True,True,1,5235,AG
228933,,,,False,True,,False,False,1,4632,SO
851473,120484,CH1011701234500000000000002134447,546370,True,False,2024-12-17,True,True,1,8962,AG
232339,,,,False,True,,False,False,1,5000,AG
707043,,,,True,False,2025-06-13,True,False,2,4312,AG
164491,120483,CH1011701234500000000000002134519,546542,False,True,,True,True,1,5105,AG
229264,,,,True,False,2025-04-24,True,False,1,5200,AG
232359,,,,True,False,2024-12-06,True,False,1,5726,AG
156287,163477,CH1011701234500000000000002133141,544960,False,False,,False,True,2,5322,AG
232425,,,,False,True,,False,False,1,5452,AG
137763,144176,CH1011701234500000000000002134849,547068,True,False,2025-01-12,True,True,1,4313,AG
229088,,,,False,True,,True,False,1,5430,AG
232749,,,,True,False,,True,False,1,4123,BL
233086,,,,True,False,2025-01-22,True,False,1,5073,AG
232990,,,,False,True,,False,False,1,4600,SO
233087,,,,True,False,2025-01-29,True,False,2,5212,AG
778612,130488,CH1011701234500000000000002120440,530456,True,False,2025-04-17,False,True,1,5725,AG
233188,,,,False,True,,True,False,1,4127,BL
233298,,,,True,False,2025-05-06,True,False,1,5605,AG
227577,,,,True,False,2025-04-07,True,False,1,5034,AG
891106,156301,CH1011701234500000000000002139513,552819,True,False,,True,True,1,4313,AG
232018,,,,True,False,2025-06-27,True,False,1,5430,AG
233381,,,,True,False,2025-01-23,True,False,2,4652,SO
228831,153410,CH1011701234500000000000000536578,353292,False,True,,True,True,1,8962,AG
106914,124215,CH1011701234500000000000002135129,547625,True,False,2025-03-06,True,True,1,5608,AG
234314,,,,True,False,2025-04-04,True,False,1,5018,AG
722955,125494,CH1011701234500000000000002134987,547339,True,False,2025-02-18,True,True,1,5304,AG
234332,,,,True,False,2025-04-08,True,False,1,5034,AG
133692,124214,CH1011701234500000000000002135112,547607,True,False,2025-03-17,True,True,1,5608,AG
701696,132050,CH1011701234500000000000002134990,547342,False,True,,True,True,1,5304,AG
770736,126213,CH1011701234500000000000002135113,547608,True,False,2025-03-21,True,True,1,5027,AG
222824,95133,CH1011701234500000000000002127985,538273,True,False,,True,True,1,5304,AG
234572,,,,True,False,2025-03-24,True,False,1,4614,SO
118265,140406,CH1011701234500000000000002137635,550700,True,False,2025-05-05,True,True,1,5607,AG
118265,140444,CH1011701234500000000000000596199,467223,True,False,2025-05-05,True,True,1,5607,AG
118265,140443,CH1011701234500000000000000596195,467219,True,False,2025-05-05,True,True,1,5607,AG
744914,,,,True,False,2025-07-02,True,False,1,5000,AG
234669,,,,True,False,,True,False,1,5024,AG
705032,,,,True,False,2025-03-19,False,False,1,5604,AG
869547,,,,True,False,2025-03-18,True,False,2,4323,AG
235223,,,,False,True,,False,False,1,5614,AG
582164,162934,CH1011701234500000000000000587875,392084,False,True,,False,True,1,5614,AG
235266,,,,False,True,,False,False,1,5303,AG
230807,,,,False,True,,False,False,1,5425,AG
188435,,,,True,False,2025-05-01,True,False,1,5524,AG
201527,,,,True,False,2025-06-23,True,False,2,5620,AG
909265,84982,CH1011701234500000000000000537164,403311,False,True,,False,True,1,4468,SO
235760,,,,True,False,2025-05-02,True,False,1,5445,AG
235970,,,,False,True,,False,False,1,5200,AG
236035,,,,True,False,2025-05-28,False,False,1,4632,SO
186396,157108,CH1011701234500000000000002137882,550975,True,False,2025-03-18,True,True,1,4324,AG
859760,174544,CH1011701234500000000000002140494,553888,True,False,2026-01-23,True,True,2,5707,AG
859760,128319,CH1011701234500000000000000554662,372279,True,False,2026-01-23,True,True,2,5707,AG
236888,,,,True,False,2025-05-01,True,False,1,5223,AG
595687,134962,CH1011701234500000000000002137798,550867,True,False,,True,True,1,4310,AG
237118,,,,False,True,,False,False,1,6265,LU
148265,,,,True,False,2025-06-10,True,False,1,4314,AG
227965,,,,True,False,,True,False,1,5073,AG
236992,,,,True,False,2026-01-14,True,False,1,5103,AG
220531,,,,True,False,2025-04-30,False,False,1,5036,AG
236125,,,,False,True,,True,False,1,4322,AG
168512,,,,True,False,2025-07-04,True,False,1,4314,AG
237215,,,,True,False,2025-07-11,True,False,1,5432,AG
748606,162628,CH1011701234500000000000002138187,551340,True,False,,True,True,1,4333,AG
237552,,,,False,True,,False,False,1,4852,AG
237736,,,,True,False,,False,False,1,5062,AG
909494,,,,True,False,,True,False,2,5062,AG
238020,,,,True,False,2025-07-08,True,False,1,5412,AG
237900,,,,False,True,,False,False,1,5623,AG
717797,146811,CH1011701234500000000000002138256,551410,True,False,2025-07-09,True,True,1,4324,AG
579448,,,,False,True,,False,False,1,5603,AG
238234,,,,False,False,,True,False,6,5000,AG
199430,,,,True,False,2025-08-20,True,False,2,4303,AG
238724,,,,False,True,,False,False,1,5033,AG
238140,,,,False,True,,True,False,1,5000,AG
897928,80548,CH1011701234500000000000000533871,413074,False,True,,False,True,1,5733,AG
238871,,,,True,False,2025-10-07,True,False,1,5033,AG
238878,,,,True,False,,True,False,1,5037,AG
878287,147431,CH1011701234500000000000002138970,552182,True,False,,True,True,2,4303,AG
239018,,,,True,False,2025-12-19,True,False,1,5024,AG
239000,,,,True,False,2025-08-11,True,False,1,5420,AG
747439,151842,CH1011701234500000000000002129712,540579,False,True,,False,True,1,5412,AG
191828,156784,CH1011701234500000000000002138801,552010,True,False,,True,True,1,5452,AG
238918,,,,True,False,2025-08-19,True,False,2,5316,AG
239204,,,,True,False,2025-10-03,True,False,2,5012,SO
239315,,,,True,False,2025-10-06,True,False,1,5116,AG
171122,153488,CH1011701234500000000000002138723,551932,True,False,,True,True,1,5745,AG
556799,147428,CH1011701234500000000000002139063,552313,True,False,,True,True,1,5113,AG
227805,,,,False,True,,False,False,1,5200,AG
240050,,,,False,True,,False,False,1,5415,AG
721906,77253,CH1011701234500000000000000551663,384067,False,False,,False,True,1,4310,AG
177379,157358,CH1011701234500000000000002139768,553123,True,False,,True,True,1,5312,AG
240158,,,,True,False,2025-11-19,True,False,1,5103,AG
240366,,,,False,False,,False,False,1,5035,AG
240425,,,,True,False,2025-11-04,True,False,1,5712,AG
740863,56950,CH1011701234500000000000002102217,517875,True,False,2025-10-14,False,True,1,5727,AG
240458,,,,True,False,,True,False,1,5303,AG
240781,,,,True,False,2025-11-07,True,False,1,5722,AG
751215,135917,CH1011701234500000000000000603831,475283,True,False,,True,True,1,5107,AG
240903,,,,False,False,,False,False,1,5033,AG
241448,,,,True,False,2025-11-28,True,False,1,5080,AG
241353,,,,False,False,,False,False,1,5064,AG
186983,,,,True,False,,True,False,1,4334,AG
241564,,,,True,False,,True,False,2,5725,AG
241633,,,,True,False,2026-05-13,True,False,1,5102,AG
175560,159232,CH1011701234500000000000002140577,553971,True,False,,True,True,1,5313,AG
227509,27195,CH1011701234500000000000000510706,407551,False,False,,False,True,1,5113,AG
688436,136761,CH1011701234500000000000002093046,505065,False,False,,True,True,1,5620,AG
688436,171608,CH1011701234500000000000002140970,554419,False,False,,True,True,1,5620,AG
688436,157121,CH1011701234500000000000000534290,370581,False,False,,True,True,1,5620,AG
241981,,,,True,False,2026-03-19,True,False,1,5436,AG
920024,,,,True,False,,True,False,1,5603,AG
133710,161473,CH1011701234500000000000002140941,554390,True,False,2026-03-05,True,True,1,5726,AG
242130,,,,True,False,2026-04-24,True,False,2,5210,AG
890111,164080,CH1011701234500000000000002141051,554503,True,False,,True,True,1,5235,AG
813191,164084,CH1011701234500000000000002140704,554116,True,False,2026-04-02,True,True,1,5107,AG
920030,,,,True,False,,True,False,1,5043,AG
229434,,,,True,False,,True,False,1,5430,AG
920045,,,,True,False,,True,False,1,5436,AG
920044,,,,True,False,,True,False,1,5242,AG
118160,162401,CH1011701234500000000000002140664,554075,True,False,,True,True,1,5607,AG
920055,,,,True,False,,True,False,1,5200,AG
920058,,,,False,False,,True,False,1,5430,AG
920061,,,,True,False,2026-04-10,True,False,1,8965,AG
718040,170236,CH1011701234500000000000002141261,554705,True,False,,True,True,1,4324,AG
920062,,,,True,False,2026-04-02,True,False,1,4334,AG
165295,145883,CH1011701234500000000000000515499,405932,True,False,,True,True,1,4313,AG
739178,48183,CH1011701234500000000000000582386,349959,False,False,,False,True,1,5105,AG
885769,160725,CH1011701234500000000000002141250,554694,True,False,,True,True,1,4313,AG
241341,27352,CH1011701234500000000000000534828,350703,False,False,,False,True,1,5625,AG
920084,,,,True,False,,True,False,1,5014,SO
920091,,,,False,False,,False,False,1,5034,AG
194098,107115,CH1011701234500000000000000589652,372084,False,False,,False,True,1,5504,AG
243997,,,,False,False,,False,False,1,5015,SO
157583,,,,True,False,,True,False,1,5272,AG
723966,167230,CH1011701234500000000000002141788,555270,True,False,2026-04-17,True,True,1,5235,AG
920106,,,,False,False,,False,False,1,5406,AG
151081,101299,CH1011701234500000000000002104889,520579,True,False,,False,True,1,4310,AG
151081,101298,CH1011701234500000000000002103702,519385,True,False,,False,True,1,4310,AG
734540,162821,CH1011701234500000000000002141813,555296,True,False,,True,True,1,8962,AG
920105,,,,True,False,2026-05-20,True,False,1,4616,SO
920129,,,,True,False,2026-04-30,True,False,2,5453,AG
920131,,,,True,False,,False,False,1,4653,SO
21264,,,,False,False,,False,False,1,4303,AG
920132,,,,True,False,,True,False,1,5022,AG
920135,,,,True,False,,True,False,2,5503,AG
920134,,,,True,False,,True,False,1,5742,AG
920150,,,,True,False,,True,False,1,5034,AG
920153,,,,False,False,,False,False,1,5103,AG
830617,,,,True,False,,True,False,1,5616,AG
920155,,,,True,False,,True,False,2,5012,SO
920162,,,,False,False,,False,False,1,5012,SO
920175,,,,True,False,,False,False,1,5222,AG
724118,48901,CH1011701234500000000000000586489,387079,True,False,,True,True,1,5745,AG
132812,28930,CH1011701234500000000000000600194,471465,True,False,,True,True,1,5726,AG
709084,139881,CH1011701234500000000000000529100,416738,False,False,,False,True,1,5316,AG
223251,,,,True,False,,False,False,1,4852,AG
742207,59944,CH1011701234500000000000002102576,518240,False,False,,False,True,1,5106,AG
742207,59424,CH1011701234500000000000000531793,352741,False,False,,False,True,1,5106,AG
920211,,,,True,False,,True,False,1,4410,BL
553924,,,,False,False,,False,False,1,5074,AG
920213,,,,True,False,,True,False,1,5600,AG
246881,,,,False,False,,False,False,1,5444,AG
920227,,,,False,False,,False,False,1,8965,AG
920225,,,,True,False,,True,False,1,5722,AG
115673,128897,CH1011701234500000000000000592271,463243,False,False,,False,True,1,4317,AG
115673,128853,CH1011701234500000000000000557931,361098,False,False,,False,True,1,4317,AG
920234,,,,True,False,,True,False,1,5610,AG
745464,134060,CH1011701234500000000000000523844,355066,True,False,,True,True,1,4317,AG
920240,,,,True,False,,True,False,1,5637,AG
710570,174310,CH1011701234500000000000002143546,557117,True,False,,True,True,1,5070,AG
710570,163457,CH1011701234500000000000000578499,455265,True,False,,True,True,1,5070,AG
185674,46968,CH1011701234500000000000000578101,425237,False,False,,False,True,1,5330,AG
185674,46967,CH1011701234500000000000000522315,425234,False,False,,False,True,1,5330,AG
749578,105237,CH1011701234500000000000000544538,368080,True,False,,True,True,1,5504,AG
920242,,,,False,False,,False,False,1,5018,AG
855457,,,,False,False,,False,False,1,4323,AG
920241,,,,True,False,,True,False,1,5200,AG
165585,174543,CH1011701234500000000000002143887,557467,True,False,,True,False,1,5614,AG
165585,169752,CH1011701234500000000000000554414,376976,True,False,,True,False,1,5614,AG
227963,,,,False,False,,True,False,1,5000,AG
881402,135366,CH1011701234500000000000000627546,477633,True,False,,True,True,1,4313,AG
881402,135369,CH1011701234500000000000000627549,477636,True,False,,True,True,1,4313,AG
920243,,,,True,False,,False,False,1,5024,AG
867344,164073,CH1011701234500000000000000541136,357963,True,False,,True,True,1,4333,AG
920283,,,,True,False,,False,False,1,4652,SO
920285,,,,True,False,,True,False,1,5210,AG
