GP-Nr;PLZ;Ort;Kanton;WärmePumpe; PV;PV-Leistung in kWp ;Batterie/Speicher;Ladestation für Elektrofahrzeuge;Wärmepumpenboiler;Datum Unterschrift;geplanter Baustart;Übergabe;InBetrieb-Datum;InBetrieb-Datum bezieht sich auf;MP IDs;n_meters
698970;5452;Oberrohrdorf;AG;-;x;;-;-;-;18.04.2008;;;;;54412;1
716671;8962;Bergdietikon;AG;x;x;;x;-;-;24.08.2017;;23.11.2017;04.12.2017;Wärmepumpe + PV + Batterie;64237;1
906991;4310;Rheinfelden;AG;x;-;;-;-;-;04.09.2017;;;ServicePlus gekündigt;Wärmepumpe;93249;1
123159;4310;Rheinfelden;AG;-;x;;x;-;-;20.11.2017;;;22.03.2018;PV + Batterie;64811;1
740532;5727;Oberkulm;AG;-;x;;-;-;-;21.12.2017;;;09.03.2018;PV;55475;1
714976;4313;Möhlin;AG;x;x;;-;-;-;13.04.2018;;;14.09.2018;Wärmepumpe + PV;135531,153129;2
692590;8962;Bergdietikon;AG;-;-;;x;-;x;30.07.2018;;;13.09.2018;Batterie + Wärmepumpenboiler;60933;1
870640;5027;Herznach;AG;x;-;;-;-;x;14.08.2018;;;;;124844;1
108398;5332;Rekingen AG;AG;-;x;;-;-;-;29.08.2018;;x;06.03.2019;PV;87431;1
821258;4303;Kaiseraugst;AG;-;x;;x;-;-;23.10.2018;;x;09.05.2023;PV + Batterie;120936;1
732971;4317;Wegenstetten;AG;-;x;;-;-;-;07.11.2018;;x;;;130680;1
718645;5504;Othmarsingen;AG;;x;;x;-;-;09.12.2018;;;;;101669;1
730631;4322;Mumpf;AG;x;x;;-;-;-;21.01.2019;20.05.2019;01.07.2019;21.05.2019;Wärmepumpe + PV;116381;1
785007;5622;Waltenschwil;AG;;x;;-;-;-;23.01.2019;06.05.2019;13.09.2019;09.05.2019;PV;107581;1
706538;4303;Kaiseraugst;AG;x;-;;-;-;-;03.03.2019;-;19.09.2019;;;114315;1
711464;8962;Bergdietikon;AG;x;;;;-;-;03.05.2019;;18.10.2019;16.08.2019;Wärmepumpe;60564;1
731486;5074;Eiken;AG;-;x;;-;-;-;28.05.2019;04.09.2019;01.11.2019;27.09.2019;PV;91092;1
785642;5622;Waltenschwil;AG;x;-;;-;-;-;03.06.2019;?;09.12.2019;;;131425;1
571965;5464;Rümikon AG;AG;-;x;;-;-;-;08.07.2019;;13.01.2020;28.11.2019;PV;63347;1
720480;4313;Möhlin;AG;-;x;;-;x;-;29.07.2019;KW42;08.01.2020;17.10.2019;PV + EV-Ladestation;166128;1
703359;5070;Frick;AG;-;x;;-;-;-;29.07.2019;KW42;05.12.2019;18.11.2019;PV;168410;1
723468;4310;Rheinfelden;AG;x;-;;-;-;-;31.07.2019;KW41;04.12.2019;13.11.2019;Wärmepumpe;88219;1
692320;8962;Bergdietikon;AG;-;x;;x;-;-;06.08.2019;KW44;20.02.2020;;;66803;1
135287;4333;Münchwilen AG;AG;-;x;;-;-;-;11.08.2019;KW44;04.11.2019;15.10.2019;PV;160101;1
812691;5620;Bremgarten AG;AG;x;-;;-;-;-;12.08.2019;05.11.2019;06.12.2019;18.11.2019;Wärmepumpe;147332;1
821264;4303;Kaiseraugst;AG;-;x;;x;-;-;19.08.2019;06.01.2019;05.03.2020;17.01.2020;PV + Batterie;120937;1
729113;4310;Rheinfelden;AG;x;-;;-;-;-;28.08.2019;28.10.2019;27.11.2019;11.11.2019;Wärmepumpe;99439;1
706277;5075;Hornussen;AG;;x;;x;;;05.09.2019;08.01.2020;21.02.2020;21.01.2020;PV + Batterie;150906;1
122506;5622;Waltenschwil;AG;;x;;x;-;-;09.09.2019;KW48;-;;;97562;1
739616;4813;Uerkheim;AG;-;x;;x;-;-;20.09.2019;-;-;11.05.2021;PV + Batterie;134852;1
734306;4312;Magden;AG;x;-;;x;-;-;21.09.2019;16.12.2019;06.02.2020;15.01.2020;Wärmepumpe + Batterie;170516,46962;2
740351;5107;Schinznach Dorf;AG;x;-;;-;-;-;28.09.2019;KW49;09.01.2020;10.12.2019;Wärmepumpe;137605;1
707268;5027;Herznach;AG;x;-;;-;-;-;06.11.2019;KW16;31.07.2020;01.05.2020;Wärmepumpe;127621;1
812691;5620;Bremgarten AG;AG;;x;;-;-;-;17.12.2019;KW16;05.06.2020;18.11.2019;PV;147332;1
692712;8962;Bergdietikon;AG;;x;;-;-;-;20.12.2019;KW24;-;;;62847;1
585704;5312;Döttingen;AG;-;x;;x;-;-;13.01.2020;04.02.2020;02.06.2020;16.04.2020;PV + Batterie;147413,147416,147417;3
134586;5726;Unterkulm;AG;x;x;;x;-;-;18.01.2020;KW21;16.07.2020;16.06.2020;Wärmepumpe + PV + Batterie;36920;1
727423;4325;Schupfart;AG;x;x;;-;-;-;24.02.2020;KW21;19.10.2020;28.05.2020;Wärmepumpe + PV;153284;1
700810;5236;Remigen;AG;x;x;;x;-;-;13.03.2020;22.07.2020;18.09.2020;13.08.2020;Wärmepumpe + PV + Batterie;170182;1
741214;4312;Magden;AG;-;-;;x;-;-;17.03.2020;11.05.2020;-;;;166047;1
745999;5330;Bad Zurzach;AG;x;-;;-;-;-;27.04.2020;KW38;23.11.2020;27.10.2020;Wärmepumpe;48393;1
829143;5522;Tägerig;AG;x;-;;-;-;-;11.05.2020;KW32;08.09.2020;;;97988,97990;2
866821;5070;Frick;AG;x;-;;-;-;-;09.06.2020;28.09.2020;18.11.2020;;;159613,159614;2
746421;5304;Endingen;AG;x;-;;-;-;-;14.06.2020;KW38;19.11.2020;25.09.2020;Wärmepumpe;94862;1
723468;4310;Rheinfelden;AG;-;-;;-;x;-;29.06.2020;25.08.2020;27.08.2020;13.11.2019;EV-Ladestation;88219;1
744851;5027;Herznach;AG;-;x;;-;-;-;02.07.2020;KW36;30.10.2020;;;127698,127700;2
785360;5622;Waltenschwil;AG;x;x;;x;-;-;05.08.2020;KW43;04.12.2020;29.10.2020;Wärmepumpe + PV + Batterie;107887;1
175356;5313;Klingnau;AG;-;x;;x;-;-;31.08.2020;KW11;02.06.2021;08.04.2021;PV + Batterie;42987;1
745999;5330;Bad Zurzach;AG;-;x;;-;-;-;04.09.2020;-;-;27.10.2020;PV;48393;1
714621;5107;Schinznach Dorf;AG;-;x;;x;-;-;09.09.2020;KW50;22.01.2021;17.12.2020;PV + Batterie;147474;1
847175;5106;Veltheim AG;AG;-;x;;-;-;-;21.09.2020;KW46;07.01.2021;04.12.2020;PV;62250;1
150401;4313;Möhlin;AG;-;x;;x;-;-;01.10.2020;KW1;08.03.2021;14.01.2021;PV + Batterie;126475;1
821264;4303;Kaiseraugst;AG;;;;x;;;04.10.2020;;-;17.01.2020;Batterie;120937;1
706277;5075;Hornussen;AG;;;;x;;;05.10.2020;;-;21.01.2020;Batterie;150906;1
720967;4310;Rheinfelden;AG;-;x;;x;-;-;10.10.2020;KW4;15.03.2021;;;48301,62454;2
713405;4315;Zuzgen;AG;x;-;;x;x;-;15.10.2020;KW19;24.06.2021;18.05.2021;Wärmepumpe + Batterie + EV-Ladestation;160446;1
162973;5727;Oberkulm;AG;-;x;;-;-;-;22.10.2020;KW8;14.04.2021;18.03.2021;PV;37545,37546,38326;3
158544;4310;Rheinfelden;AG;x;x;;x;-;-;22.10.2020;KW16;02.06.2021;30.04.2021;Wärmepumpe + PV + Batterie;88020;1
129225;5072;Oeschgen;AG;x;x;;x;-;-;26.10.2020;KW50;03.02.2021;18.12.2020;Wärmepumpe + PV + Batterie;33116;1
690299;4317;Wegenstetten;AG;-;x;;-;-;-;08.11.2020;KW7;19.03.2021;18.02.2021;PV;142292,142434,147161;3
137898;4315;Zuzgen;AG;-;x;;-;x;;21.11.2020;KW3;x;02.02.2021;PV + EV-Ladestation;169974;1
108801;5322;Koblenz;AG;x;x;;-;-;-;29.11.2020;KW16;08.06.2021;11.05.2021;Wärmepumpe + PV;168971;1
692320;8962;Bergdietikon;AG;-;-;;x;-;-;10.12.2020;;;;;66803;1
739616;4813;Uerkheim;AG;-;x;;x;-;-;30.01.2021;kW 17;24.06.2021;11.05.2021;PV + Batterie;134852;1
716671;8962;Bergdietikon;AG;-;-;;x;-;-;01.02.2021;KW29;-;04.12.2017;Batterie;64237;1
744897;5106;Veltheim AG;AG;x;-;;-;-;-;15.03.2021;KW30;02.09.2021;;;61197;1
175022;5313;Klingnau;AG;-;x;;x;-;-;17.03.2021;kW31;10.11.2021;;;56236;1
134065;5316;Leuggern;AG;-;x;;x;x;-;29.03.2021;kW34;29.10.2021;13.09.2021;PV + Batterie + EV-Ladestation;142407;1
724881;5745;Safenwil;AG;x;-;;-;-;-;30.03.2021;KW44;18.02.2022;08.12.2021;Wärmepumpe;62764;1
712273;4313;Möhlin;AG;-;x;;x;-;-;02.04.2021;kW32;15.10.2021;23.08.2021;PV + Batterie;154700;1
571965;5464;Rümikon AG;AG;-;-;;-;x;-;11.04.2021;KW22;-;28.11.2019;EV-Ladestation;63347;1
872270;5706;Boniswil;AG;x;x;;-;-;-;27.04.2021;KW26;04.10.2021;04.08.2021;Wärmepumpe + PV;104095,104098,90985;3
748404;5614;Sarmenstorf;AG;x;x;;x;-;-;28.04.2021;KW35;04.11.2021;27.09.2021;Wärmepumpe + PV + Batterie;162636;1
738591;5745;Safenwil;AG;-;x;;x;-;x;04.05.2021;KW34;28.01.2022;;;58311;1
741254;4316;Hellikon;AG;x;x;;x;-;-;04.05.2021;KW30;09.11.2021;24.09.2021;Wärmepumpe + PV + Batterie;157156;1
737347;5074;Eiken;AG;x;-;;-;-;-;09.05.2021;KW41;26.11.2021;;;89341;1
751454;4310;Rheinfelden;AG;x;x;;x;x;-;10.05.2021;KW32;20.10.2021;31.08.2021;Wärmepumpe + PV + Batterie + EV-Ladestation;47403;1
714588;4313;Möhlin;AG;-;x;;x;x;-;14.05.2021;KW30;20.10.2021;;;150096;1
751780;4313;Möhlin;AG;-;x;;x;-;-;17.05.2021;KW30;20.10.2021;;;147591;1
118180;5607;Hägglingen;AG;x;x;;x;x;-;18.05.2021;KW30;23.12.2021;04.11.2021;Wärmepumpe + PV + Batterie + EV-Ladestation;139818;1
712641;4313;Möhlin;AG;x;x;;x;-;-;20.05.2021;KW5;15.03.2022;07.10.2021;Wärmepumpe + PV + Batterie;157092;1
734850;5614;Sarmenstorf;AG;x;x;;x;x;-;30.05.2021;KW45;01.03.2022;21.12.2021;Wärmepumpe + PV + Batterie + EV-Ladestation;162637;1
865899;5225;Bözberg;AG;-;x;;x;-;-;01.06.2021;KW39;11.01.2022;25.11.2021;PV + Batterie;93740;1
742993;4317;Wegenstetten;AG;x;-;;-;-;-;04.06.2021;KW40;17.11.2021;;;131646;1
896592;4313;Möhlin;AG;-;x;;-;-;-;04.06.2021;KW33;19.10.2021;17.08.2021;PV;152736;1
738793;5070;Frick;AG;x;x;;-;-;-;05.06.2021;KW35;26.10.2021;16.09.2021;Wärmepumpe + PV;168959;1
152528;5225;Bözberg;AG;-;x;;x;x;-;07.06.2021;KW34;21.10.2021;02.09.2021;PV + Batterie + EV-Ladestation;101195;1
195088;4313;Möhlin;AG;x;-;;-;-;-;07.06.2021;kW42;09.12.2021;07.09.2022;Wärmepumpe;141982;1
785007;5622;Waltenschwil;AG;-;-;;x;-;-;13.06.2021;KW30;-;09.05.2019;Batterie;107581;1
806207;5225;Bözberg;AG;-;x;;x;-;-;17.06.2021;KW38;21.12.2021;20.10.2021;PV + Batterie;98200;1
714489;4313;Möhlin;AG;x;x;;x;-;-;27.06.2021;KW43;10.02.2022;03.12.2021;Wärmepumpe + PV + Batterie;147351;1
739616;4813;Uerkheim;AG;-;-;;x;-;-;30.06.2021;KW34;-;11.05.2021;Batterie;134852;1
738516;5225;Bözberg;AG;x;-;;x;-;-;10.07.2021;KW49;21.02.2022;15.12.2021;Wärmepumpe + Batterie;97969;1
746421;5304;Endingen;AG;-;x;;x;-;-;11.07.2021;KW41;20.12.2021;25.09.2020;PV + Batterie;94862;1
705536;5725;Leutwil;AG;-;x;;x;x;-;16.07.2021;KW45;16.12.2021;17.11.2021;PV + Batterie + EV-Ladestation;128103;1
171901;5304;Endingen;AG;x;x;;x;-;-;19.07.2021;KW47;21.01.2022;01.12.2021;Wärmepumpe + PV + Batterie;95009;1
117726;4310;Rheinfelden;AG;-;x;;x;-;-;25.07.2021;KW38;06.01.2022;;;54162;1
764446;5707;Seengen;AG;x;-;;-;-;-;27.07.2021;kW 39;24.11.2021;07.10.2021;Wärmepumpe;131063;1
129462;5072;Oeschgen;AG;-;x;;x;-;-;18.08.2021;KW44;08.05.2022;;;63907;1
703415;4310;Rheinfelden;AG;-;x;;x;-;-;19.08.2021;KW13;;;;61179;1
164222;8962;Bergdietikon;AG;x;x;;x;-;-;31.08.2021;11.07.2022;07.11.2022;;;65427;1
198827;5225;Bözberg;AG;-;x;;x;-;-;01.09.2021;KW6;09.12.2022;12.10.2022;PV + Batterie;90815;1
726547;5107;Schinznach Dorf;AG;x;x;;-;-;-;02.09.2021;kW46;28.09.2022;07.09.2022;Wärmepumpe + PV;141983;1
716968;4315;Zuzgen;AG;x;x;;-;-;-;16.09.2021;KW35;16.08.2022;21.06.2022;Wärmepumpe + PV;160715;1
112352;5105;Auenstein;AG;-;x;;x;-;-;19.09.2021;KW49;18.02.2022;;;56399;1
553509;4313;Möhlin;AG;x;x;;-;x;-;26.09.2021;KW2/2022;23.02.2022;13.01.2022;Wärmepumpe + PV + EV-Ladestation;136016;1
727903;5707;Seengen;AG;-;x;;x;-;-;26.10.2021;KW2;07.03.2021;;;141484;1
741254;4316;Hellikon;AG;-;-;;x;-;-;02.11.2021;KW48;-;24.09.2021;Batterie;157156;1
716143;4303;Kaiseraugst;AG;-;x;;-;-;-;11.11.2021;KW49;22.02.2022;;;96737;1
716735;5443;Niederrohrdorf;AG;-;x;;x;-;-;15.11.2021;kW 7/2022;11.05.2022;;;58291;1
694066;5707;Seengen;AG;-;x;;x;-;-;04.12.2021;KW 8/2022;05.04.2022;16.03.2022;PV + Batterie;149167;1
750388;5107;Schinznach Dorf;AG;-;x;;x;x;-;03.01.2022;KW9;06.05.2022;;;147257;1
131436;4313;Möhlin;AG;-;x;;x;-;-;04.01.2022;KW13;24.05.2022;09.02.2022;PV + Batterie;124797,154629;2
593829;5425;Schneisingen;AG;x;x;;x;-;-;04.01.2022;KW29;28.09.2022;16.08.2022;Wärmepumpe + PV + Batterie;170123;1
142012;5074;Eiken;AG;x;-;;-;-;-;16.01.2022;KW 26;16.12.2022;07.09.2022;Wärmepumpe;92041;1
785531;5622;Waltenschwil;AG;x;-;;-;-;-;22.01.2022;KW 42;03.04.2023;;;102128;1
175213;5313;Klingnau;AG;-;x;;-;-;-;23.01.2022;12.05.2022;24.08.2022;;;64806;1
691339;4317;Wegenstetten;AG;-;x;;x;-;-;07.02.2022;Aug;26.08.2023;07.09.2023;PV + Batterie;138577;1
108801;5322;Koblenz;AG;-;-;;x;-;-;10.02.2022;KW17;27.04.2022;11.05.2021;Batterie;168971;1
109103;5322;Koblenz;AG;x;-;;-;;;12.02.2022;kW 34;02.11.2022;;;167808,167809;2
812691;5620;Bremgarten AG;AG;-;-;;-;x;-;15.02.2022;KW10;-;18.11.2019;EV-Ladestation;147332;1
743335;5314;Kleindöttingen;AG;-;x;;x;-;-;15.02.2022;04.07.2022;;;;156525;1
153783;5619;Uezwil;AG;x;-;;-;x;;17.02.2022;kW 34;;21.09.2022;Wärmepumpe + EV-Ladestation;82232;1
192082;5620;Bremgarten AG;AG;-;x;;x;x;-;17.02.2022;KW25;20.06.2023;;;163386;1
163954;4322;Mumpf;AG;-;x;;x;-;-;01.03.2022;kW23 ;15.03.2023;04.04.2022;PV + Batterie;109854;1
711145;4303;Kaiseraugst;AG;-;x;;x;x;-;01.03.2022;KW 28;28.09.2022;20.07.2022;PV + Batterie + EV-Ladestation;96814;1
705057;4317;Wegenstetten;AG;-;x;;-;-;-;01.03.2022;KW38;12.04.2023;18.11.2022;PV;147894,147895;2
732971;4317;Wegenstetten;AG;-;-;;x;-;-;02.03.2022;KW29;-;;;130680;1
151970;5306;Tegerfelden;AG;-;x;;x;-;-;02.03.2022;KW26;31.08.2022;27.07.2022;PV + Batterie;116783;1
723437;4310;Rheinfelden;AG;x;x;;x;-;-;03.03.2022;29.08.2022;;08.11.2022;Wärmepumpe + PV + Batterie;75923;1
145326;5426;Lengnau AG;AG;-;x;;-;x;-;13.03.2022;KW29;27.09.2022;18.08.2022;PV + EV-Ladestation;86955;1
724881;5745;Safenwil;AG;-;x;;-;-;-;16.03.2022;KW28;25.8.22?;08.12.2021;PV;62764;1
692112;8962;Bergdietikon;AG;-;x;;x;-;-;17.03.2022;01.10.2022;24.10.2022;;;65290,66549;2
146807;5106;Veltheim AG;AG;-;x;;x;-;-;18.03.2022;01.08.2022;08.02.2023;10.01.2023;PV + Batterie;69791;1
884000;5107;Schinznach Dorf;AG;-;x;;x;-;-;21.03.2022;kW 24;29.06.2023;;;147142;1
733114;4317;Wegenstetten;AG;-;x;;-;-;-;21.03.2022;KW35;;06.10.2022;PV;125644;1
152557;5070;Frick;AG;-;x;;x;-;-;23.03.2022;KW40;25.01.2023;13.12.2022;PV + Batterie;169451;1
702339;5304;Endingen;AG;x;-;;-;-;-;25.03.2022;;;;;95357,95385;2
129447;5072;Oeschgen;AG;-;x;;x;-;-;26.03.2022;KW32;09.05.2023;11.04.2023;PV + Batterie;79415;1
740230;8962;Bergdietikon;AG;x;x;;x;x;-;26.03.2022;12.06.2023;26.10.2023;23.06.2023;Wärmepumpe + PV + Batterie + EV-Ladestation;60065;1
898693;5504;Othmarsingen;AG;-;x;;-;x;-;28.03.2022;KW32;;22.09.2022;PV + EV-Ladestation;110283;1
195088;4313;Möhlin;AG;-;x;;x;-;-;28.03.2022;KW44;14.02.2023;07.09.2022;PV + Batterie;141982;1
821268;4303;Kaiseraugst;AG;-;-;;-;x;-;29.03.2022;KW48 prov.;-;16.05.2022;EV-Ladestation;120966;1
693106;5706;Boniswil;AG;x;x;;x;;;07.04.2022;Dez.22/ Frühling 2023?;13.03.2023;20.12.2022;Wärmepumpe + PV + Batterie;106333,106335,106336;3
748977;5706;Boniswil;AG;x;x;;x;x;;08.04.2022;;13.03.2023;20.12.2022;Wärmepumpe + PV + Batterie + EV-Ladestation;106334;1
723937;5235;Rüfenach AG;AG;-;x;;x;-;-;08.04.2022;KW49;07.12.2022;09.11.2022;PV + Batterie;120634;1
127600;5235;Rüfenach AG;AG;-;x;;x;-;-;10.04.2022;kW40;11.01.2023;14.12.2022;PV + Batterie;120790;1
697434;5108;Oberflachs;AG;-;x;;x;-;-;13.04.2022;KW 42;25.11.2023;16.12.2022;PV + Batterie;131712;1
136557;4325;Schupfart;AG;-;x;;x;-;-;18.04.2022;KW13;28.07.2023;10.05.2023;PV + Batterie;153288;1
821251;4303;Kaiseraugst;AG;-;-;;-;x;-;20.04.2022;;-;;;120967;1
187258;5106;Veltheim AG;AG;-;x;;x;x;-;23.04.2022;kW42;02.02.2023;30.11.2022;PV + Batterie + EV-Ladestation;66613;1
734850;5614;Sarmenstorf;AG;-;-;;x;-;-;26.04.2022;15.11.2022;-;21.12.2021;Batterie;162637;1
175022;5313;Klingnau;AG;-;-;;x;-;-;27.04.2022;15.11.2022;-;;;56236;1
751926;8962;Bergdietikon;AG;-;x;;x;-;-;28.04.2022;KW2 (KW10);14.08.2023;;;69997;1
707738;5443;Niederrohrdorf;AG;-;x;;-;-;-;29.04.2022;KW45;23.02.2023;;;36783,76690;2
591571;5426;Lengnau AG;AG;-;-;;-;x;-;05.05.2022;KW30;-;;;101874;1
713578;4313;Möhlin;AG;-;x;;x;-;-;05.05.2022;KW40?;07.12.2022;04.09.2022;PV + Batterie;138044;1
712641;4313;Möhlin;AG;-;-;;x;-;-;07.05.2022;17.08.2022;-;07.10.2021;Batterie;157092;1
117726;4310;Rheinfelden;AG;-;-;;x;-;-;08.05.2022;KW37;-;;;54162;1
719912;5235;Rüfenach AG;AG;-;x;;x;-;;31.05.2022;Q1/2023;21.06.2023;30.05.2023;PV + Batterie;120725;1
776146;5452;Oberrohrdorf;AG;x;-;;-;-;-;06.06.2022;Q1/2023;;;;53431;1
707268;5027;Herznach;AG;x;x;;x;-;-;07.06.2022;Q2/2023;;01.05.2020;Wärmepumpe + PV + Batterie;127621;1
759548;8962;Bergdietikon;AG;x;x;;x;;-;09.06.2022;28.11.2022/31.12.22;08.02.2023;24.01.2023;Wärmepumpe + PV + Batterie;65289;1
740351;5107;Schinznach Dorf;AG;-;-;;x;-;-;10.06.2022;17.02.2023;-;10.12.2019;Batterie;137605;1
118609;5607;Hägglingen;AG;-;x;;x;-;-;20.06.2022;Q1/2023;;06.04.2023;PV + Batterie;150083,96945;2
710494;4312;Magden;AG;x;x;;x;-;-;22.06.2022;Q2/2023;;23.08.2023;Wärmepumpe + PV + Batterie;161858;1
750388;5107;Schinznach Dorf;AG;-;-;;x;-;-;28.06.2022;01.08.2022;;;;147257;1
735831;4333;Münchwilen AG;AG;-;x;;x;-;-;28.06.2022;Q2/2023;;05.06.2023;PV + Batterie;160102;1
215480;5504;Othmarsingen;AG;-;x;;-;x;-;11.07.2022;01.04.2023;;16.06.2023;PV + EV-Ladestation;117270;1
690299;4317;Wegenstetten;AG;-;x;;-;-;-;12.07.2022;04.10.2022;-;18.02.2021;PV;142292,142434,147161;3
571965;5464;Rümikon AG;AG;-;-;;-;-;-;13.07.2022;-;;28.11.2019;unbekannt (keine Anlage auf dieser Zeile markiert);63347;1
694753;5620;Bremgarten AG;AG;-;-;;-;x;-;21.07.2022;Ende Sept;-;;;149575;1
745424;5027;Herznach;AG;;x;;x;;;26.07.2022;01.08.2023;;05.06.2023;PV + Batterie;135709;1
741214;4312;Magden;AG;-;-;;x;-;-;29.07.2022;Q4 / 2022;;;;166047;1
174453;5706;Boniswil;AG;-;x;;x;-;-;01.08.2022;01.04.2023;11.05.2023;18.04.2023;PV + Batterie;87853;1
748404;5614;Sarmenstorf;AG;-;-;;-;x;;02.08.2022;15.09.2022/ 31.10.2022;-;27.09.2021;EV-Ladestation;162636;1
215929;5724;Dürrenäsch;AG;-;x;;-;-;-;05.08.2022;Q2 /23 ;31.08.2023;28.07.2023;PV;168217;1
750496;4315;Zuzgen;AG;-;x;;-;x;-;05.08.2022;07.08.2023;;12.09.2023;PV + EV-Ladestation;171818;1
692971;5244;Birrhard;AG;x;-;;-;;;06.08.2022;01.09.2023;30.10.2023;15.09.2023;Wärmepumpe;80353;1
697435;5425;Schneisingen;AG;-;x;;x;x;-;15.08.2022;Sommer 2023;23.10.2023;14.09.2023;PV + Batterie + EV-Ladestation;97798;1
135287;4333;Münchwilen AG;AG;-;-;;x;-;-;18.08.2022;Q1/23;;15.10.2019;Batterie;160101;1
112352;5105;Auenstein;AG;-;-;;-;x;-;21.08.2022;Sofort ;-;;;56399;1
709624;5113;Holderbank AG;AG;-;x;;-;;;30.08.2022;24.07.2023;11.09.2023;02.08.2023;PV;72179;1
146018;4324;Obermumpf;AG;x;x;;x;x;-;04.09.2022;19.06.2023;17.10.2023;07.07.2023;Wärmepumpe + PV + Batterie + EV-Ladestation;146157,146161,146173;3
695851;5452;Oberrohrdorf;AG;-;x;;x;-;-;05.09.2022;01.06.2023;20.11.2023;05.06.2023;PV + Batterie;72083;1
699307;5316;Leuggern;AG;x;-;;-;-;-;08.09.2022;01.04.2023;;;;145815;1
722853;4315;Zuzgen;AG;-;x;;x;x;-;10.09.2022;02.10.2023;23.11.2024;23.10.2023;PV + Batterie + EV-Ladestation;160358;1
704806;4316;Hellikon;AG;-;x;;-;-;-;11.09.2022;01.01.2023;05.04.2023;20.12.2022;PV;150127;1
153783;5619;Uezwil;AG;;x;;x;-;-;24.09.2022;Q3/2023;21.11.2023;21.09.2022;PV + Batterie;82232;1
712273;4313;Möhlin;AG;-;-;;x;-;x;25.09.2022;Q4/2022;;23.08.2021;Batterie + Wärmepumpenboiler;154700;1
694569;5452;Oberrohrdorf;AG;-;x;;x;-;-;29.09.2022;25.09.2023;08.11.2023;;;130489,96067;2
713894;4323;Wallbach;AG;-;x;;-;-;-;29.09.2022;08.03.2023;07.09.2023;11.08.2023;PV;63674;1
179215;5607;Hägglingen;AG;x;x;;-;-;-;03.10.2022;01.04.2023;;01.09.2023;Wärmepumpe + PV;150900;1
727423;4325;Schupfart;AG;-;-;;x;-;-;04.10.2022;01.11.2023;-;28.05.2020;Batterie;153284;1
718990;5027;Herznach;AG;x;x;14.45;x;-;-;10.10.2022;30.10.2023;27.02.2024;30.10.2023;Wärmepumpe + PV + Batterie;131834;1
120135;4313;Möhlin;AG;-;x;13.2;x;-;-;11.10.2022;01.10.2023;;01.11.2023;PV + Batterie;154632;1
893520;4313;Möhlin;AG;;x;13.6;x;;;13.10.2022;01.10.2023;;03.11.2023;PV + Batterie;154635;1
104987;4322;Mumpf;AG;;x;16.61;x;;;21.10.2022;Q4 2023;;03.11.2023;PV + Batterie;109050;1
785596;5622;Waltenschwil;AG;x;x;12.75;x;x;;24.10.2022;06.12.2023;07.05.2024;29.09.2023;Wärmepumpe + PV + Batterie + EV-Ladestation;100811;1
149164;5600;Ammerswil AG;AG;x;x;;x;;;27.10.2022;Q4 / 2023;;06.12.2023;Wärmepumpe + PV + Batterie;70028;1
130747;5622;Waltenschwil;AG;x;;;;;;28.10.2022;24.07.2023;18.09.2023;;;102057;1
118639;5607;Hägglingen;AG;;x;30.88;x;x;;31.10.2022;04.12.2023;28.08.2024;04.07.2024;PV + Batterie + EV-Ladestation;149254;1
120137;4313;Möhlin;AG;;x;13.6;x;;;31.10.2022;01.10.2023;;01.11.2023;PV + Batterie;154633;1
692466;8962;Bergdietikon;AG;;x;13.17;x;;;05.11.2022;Q4 2023;;;;61683,95510;2
734481;5600;Ammerswil AG;AG;;x;;x;;;09.11.2022;27.11.2023;;14.12.2023;PV + Batterie;97650;1
720808;4325;Schupfart;AG;;x;;;;;10.11.2022;Q4 2023;;10.08.2023;PV;156311;1
692112;8962;Bergdietikon;AG;-;-;;-;-;-;15.11.2022;baldmöglichst ;;;;65290,66549;2
790904;5506;Mägenwil;AG;;x;;x;x;;18.11.2022;01.10.2023;07.11.2023;16.03.2023;PV + Batterie + EV-Ladestation;106074;1
821253;4303;Kaiseraugst;AG;x;x;;x;;;21.11.2022;01.09.2023;23.10.2023;08.08.2023;Wärmepumpe + PV + Batterie;122202;1
698929;5605;Dottikon;AG;x;x;17.38;x;;;23.11.2022;02.01.1900;05.02.2024;15.12.2023;Wärmepumpe + PV + Batterie;172731;1
702016;4313;Möhlin;AG;;x;;;;;23.11.2022;24.07.2023;02.10.2023;;;137429;1
703035;5443;Niederrohrdorf;AG;x;;;;;;23.11.2022;01.09.2023;25.10.2023;04.09.2023;Wärmepumpe;36229,36230;2
714621;5107;Schinznach Dorf;AG;-;-;;x;-;-;03.12.2022;;24.06.2024;17.12.2020;Batterie;147474;1
696579;5605;Dottikon;AG;-;x;10.2;x;;;06.12.2022;01.01.2024;23.01.2024;12.01.2024;PV + Batterie;173867;1
903068;5620;Bremgarten AG;AG;;x;;x;x;;06.12.2022;01.09.2023;;08.11.2023;PV + Batterie + EV-Ladestation;128926;1
821258;4303;Kaiseraugst;AG;-;-;;-;x;-;10.12.2022;20.06.2023;;09.05.2023;EV-Ladestation;120936;1
885322;4313;Möhlin;AG;;x;;x;;;11.12.2022;01.09.2023;;01.09.2023;PV + Batterie;152738;1
805535;4313;Möhlin;AG;-;x;7.9;x;;;12.12.2022;Q1/2024 oder wenn möglich früher;;02.02.2024;PV + Batterie;157098;1
805537;4313;Möhlin;AG;-;x;7.9;x;;;12.12.2022;Q1/2024 oder wenn möglich früher;;02.02.2024;PV + Batterie;157099;1
743047;4303;Kaiseraugst;AG;;x;;x;;;12.12.2022;KW44 / 23;15.12.2023;10.08.2023;PV + Batterie;108981;1
731568;4313;Möhlin;AG;-;x;18.7;x;;;14.12.2022;Q1 / 2024;03.04.2024;12.01.2024;PV + Batterie;139014;1
190040 / 750463;5504;Othmarsingen;AG;x;-;;-;-;-;21.12.2022;Q3/2023;10.11.2023;21.09.2023;Wärmepumpe;109058;1
874661;5106;Veltheim AG;AG;-;x;19.6;x;-;-;04.01.2023;Q1 2024;;18.04.2024;PV + Batterie;102052;1
104479;8962;Bergdietikon;AG;-;x;11.48;x;;;08.01.2023;02.04.2024;13.05.2024;15.04.2024;PV + Batterie;105637,60373;2
155497;5108;Oberflachs;AG;;x;26.1;x;;;10.01.2023;25.04.2024;19.11.2024;26.07.2024;PV + Batterie;126306;1
741910;4313;Möhlin;AG;;x;23.78;x;;;11.01.2023;KW48 2023;;03.11.2023;PV + Batterie;139013;1
708823;5316;Leuggern;AG;-;x;10.08;x;-;-;12.01.2023;29.01.2024;12.03.2024;15.02.2024;PV + Batterie;137754,32173;2
692971;5244;Birrhard;AG;x;-;;-;;;12.01.2023;01.08.2023;30.10.2023;15.09.2023;Wärmepumpe;80353;1
878846;5506;Mägenwil;AG;;x;;;;;13.01.2023;03.11.2023;14.12.2023;01.12.2023;PV;117943;1
150951;5506;Mägenwil;AG;-;x;;-;-;-;22.01.2023;06.11.2023;14.12.2023;13.11.2023;PV;115607;1
716735;5443;Niederrohrdorf;AG;-;-;;x;-;-;25.01.2023;;;;;58291;1
692126;8962;Bergdietikon;AG;-;x;;x;-;-;28.01.2023;18.03.2024;13.05.2024;03.04.2024;PV + Batterie;101176;1
118168;5607;Hägglingen;AG;-;x;;x;-;-;16.02.2023;Q2/2024;13.08.2024;01.05.2024;PV + Batterie;150672;1
164222;8962;Bergdietikon;AG;-;-;;x;-;-;22.02.2023;27.06.2023;-;;;65427;1
751403;5105;Auenstein;AG;x;x;;-;-;-;27.02.2023;Frühilng 2023;;21.11.2023;Wärmepumpe + PV;91774,92583;2
745959;5105;Auenstein;AG;x;x;;x;-;-;02.03.2023;21.04.2023;;10.01.2024;Wärmepumpe + PV + Batterie;93459;1
161857;4324;Obermumpf;AG;-;x;;-;x;-;03.03.2023;22.01.2024;04.03.2024;29.01.2024;PV + EV-Ladestation;149313;1
731681;5106;Veltheim AG;AG;-;x;;x;-;-;03.03.2023;Q2/2024;01.07.2024;31.05.2024;PV + Batterie;106079;1
132315;4312;Magden;AG;-;x;;x;-;-;04.03.2023;05.02.2024;21.03.2023;12.01.2024;PV + Batterie;166580;1
131858;5443;Niederrohrdorf;AG;-;x;;x;-;-;08.03.2023;Q1/2024;20.11.2024;12.08.2024;PV + Batterie;36513;1
752093;4303;Kaiseraugst;AG;-;x;;x;-;-;10.03.2023;KW 5 2024;;12.01.2024;PV + Batterie;98955;1
720260;4312;Magden;AG;-;x;;x;-;-;15.03.2023;Q2/2024;;05.06.2024;PV + Batterie;166566;1
126001;4312;Magden;AG;-;x;;x;-;-;15.03.2023;KW 5 / 2024;;;;163819;1
739616;4813;Uerkheim;AG;-;x;;-;x;-;19.03.2023;15.01.2024;11.04.2024;11.05.2021;PV + EV-Ladestation;134852;1
745415;5074;Eiken;AG;-;x;;x;-;-;20.03.2023;Q4/2023;09.04.2024;20.12.2023;PV + Batterie;93741;1
175514;5313;Klingnau;AG;-;x;;x;-;-;27.03.2023;Q2/2024;19.08.2024;02.07.2024;PV + Batterie;97794;1
727027;5225;Bözberg;AG;-;x;;x;-;-;28.03.2023;11.04.2024;17.06.2024;17.06.2024;PV + Batterie;98501;1
700296;4310;Rheinfelden;AG;x;x;;x;-;-;02.04.2023;12.02.2024;04.04.2024;03.04.2024;Wärmepumpe + PV + Batterie;66535,98532;2
785360;5622;Waltenschwil;AG;-;-;;-;x;-;05.04.2023;Q2/2023;-;29.10.2020;EV-Ladestation;107887;1
806207;5225;Bözberg;AG;-;-;;-;x;-;06.04.2023;20.11.2023;02.10.2023;20.10.2021;EV-Ladestation;98200;1
144863;5105;Auenstein;AG;-;x;;x;-;-;06.04.2023;Q1 / 2024;;06.04.2024;PV + Batterie;101174;1
166831;5725;Leutwil;AG;-;x;;x;x;-;13.04.2023;Q2/2024;25.06.2024;11.06.2024;PV + Batterie + EV-Ladestation;131910;1
109520;4313;Möhlin;AG;-;-;;-;-;-;17.04.2023;;-;;;154551;1
585660;4322;Mumpf;AG;-;x;;-;-;-;18.04.2023;13.06.2024;27.09.2024;14.03.2024;PV;116778;1
127600;5235;Rüfenach AG;AG;-;-;;x;-;-;26.04.2023;Q2 2023;;14.12.2022;Batterie;120790;1
785007;5622;Waltenschwil;AG;-;-;;-;x;-;02.05.2023;01.03.2024;-;09.05.2019;EV-Ladestation;107581;1
556837;5236;Remigen;AG;;x;;x;-;;02.05.2023;01.03.2024;03.05.2024;26.03.2024;PV + Batterie;162160;1
812506;5506;Mägenwil;AG;-;x;;x;-;-;04.05.2023;Q1/2024;18.06.2024;22.03.2024;PV + Batterie;109030;1
718990;5027;Herznach;AG;-;-;;-;x;-;10.05.2023;Q2/2024;27.02.2024;02.02.2024;EV-Ladestation;131834;1
736207;5078;Effingen;AG;-;x;;x;-;-;13.05.2023;03.06.2024;26.07.2024;25.06.2024;PV + Batterie;104931;1
184486;5305;Unterendingen;AG;-;x;;x;-;-;17.05.2023;Q2, Q3/2024;;04.07.2024;PV + Batterie;18846,96653;2
186748;5074;Eiken;AG;x;x;;x;-;-;24.05.2023;Q3/23+Q1/24;12.04.2024;03.07.2023;Wärmepumpe + PV + Batterie;96886;1
723701;5707;Seengen;AG;x;x;;x;x;;30.05.2023;Q3/23+Q1/24;08.05.2024;17.01.2024;Wärmepumpe + PV + Batterie + EV-Ladestation;124456;1
594379;4333;Münchwilen AG;AG;-;x;;-;-;-;19.06.2023;01.05.2024;06.05.2024;07.02.2024;PV;166880;1
201264;5076;Bözen;AG;-;x;;x;;;19.06.2023;15.04.2024;08.06.2024;07.05.2024;PV + Batterie;144017;1
725159;4310;Rheinfelden;AG;-;x;;-;-;-;21.06.2023;;;;;73119;1
715586;4322;Mumpf;AG;-;x;;x;-;-;22.06.2023;01.04.2024;;09.10.2024;PV + Batterie;123483;1
113592;5106;Veltheim AG;AG;-;x;;x;x;-;26.06.2023;Q2/2024;10.07.2024;28.06.2024;PV + Batterie + EV-Ladestation;105543;1
717438;5225;Bözberg;AG;;x;;x;-;-;27.06.2023;12:2.24;08.11.2024;28.02.2024;PV + Batterie;96812;1
867869;5504;Othmarsingen;AG;-;x;;x;x;-;30.06.2023;Q2/2024;08.07.2024;03.07.2024;PV + Batterie + EV-Ladestation;107123;1
706335;4310;Rheinfelden;AG;-;x;;x;-;;04.07.2023;01.05.2024;13.06.2024;12.06.2024;PV + Batterie;106873;1
863162;4324;Obermumpf;AG;-;x;;x;-;;04.07.2023;01.05.2024;;14.03.2024;PV + Batterie;155839,155840;2
107868;5322;Koblenz;AG;-;x;;;-;;05.07.2023;01.07.2024;01.10.2024;06.09.2024;PV;165138,165917;2
700623;5074;Eiken;AG;-;x;;-;-;;06.07.2023;Q2/2024;24.06.2024;13.03.2024;PV;110144;1
722764;5620;Bremgarten AG;AG;-;x;;x;-;;07.07.2023;Q2/2024;13.11.2024;08.07.2024;PV + Batterie;131236;1
108808;5322;Koblenz;AG;-;x;;x;-;;22.07.2023;10.06.2024;15.07.2024;;;169871;1
689836;5237;Mönthal;AG;-;x;23.93;;-;;27.07.2023;01.08.2024;;05.11.2024;PV;119923;1
197257;5426;Lengnau AG;AG;-;x;;x;x;;08.08.2023;01.06.2024;24.10.2024;16.07.2024;PV + Batterie + EV-Ladestation;125617,94991;2
745424;5027;Herznach;AG;-;;;x;-;;21.08.2023;;;05.06.2023;Batterie;135709;1
143397;5620;Bremgarten AG;AG;-;x;;x;-;;25.08.2023;13.06.2024;14.10.2024;30.07.2024;PV + Batterie;142065,142066,155244,155246,155247,156980,156990,156991;8
153093;5504;Othmarsingen;AG;-;-;;-;x;;26.08.2023;Q3/2023;-;13.10.2023;EV-Ladestation;103631;1
727137;4333;Münchwilen AG;AG;-;x;;-;-;;30.08.2023;01.06.2024;;27.06.2024;PV;160104;1
727135;4333;Münchwilen AG;AG;-;x;;-;-;;03.09.2023;01.06.2024;;05.06.2024;PV;160103;1
748404;5614;Sarmenstorf;AG;-;-;;x;x;;07.09.2023;Q1/2024;02.02.2024;27.09.2021;Batterie + EV-Ladestation;162636;1
821784;5707;Seengen;AG;x;x;22.53;x;-;;08.09.2023;01.06.2024;01.11.2024;12.09.2024;Wärmepumpe + PV + Batterie;131311;1
135868;4313;Möhlin;AG;-;x;;x;-;;10.09.2023;15.07.2024;23.08.2024;20.06.2024;PV + Batterie;131292;1
201391;5076;Bözen;AG;;x;;x;;;28.09.2023;01.09.2024;;07.10.2024;PV + Batterie;122134;1
745959;5105;Auenstein;AG;-;-;;-;x;;14.10.2023;KW 51;;;;93459;1
896125;5745;Safenwil;AG;-;x;;-;-;;28.10.2023;01.08.2024;;19.09.2024;PV;40119;1
120137;4313;Möhlin;AG;-;-;;-;x;;02.11.2023;;;;;154633;1
591571;5426;Lengnau AG;AG;;x;;x;;;02.11.2023;01.05.2024;28.06.2024;27.06.2024;PV + Batterie;101874;1
165183;5504;Othmarsingen;AG;-;x;;x;-;;04.11.2023;01.03.2024;22.04.2024;04.04.2024;PV + Batterie;106365;1
194423;4324;Obermumpf;AG;;x;;;-;;10.11.2023;01.09.2024;;;;155841;1
165171;5506;Mägenwil;AG;x;-;;-;-;;12.11.2023;01.06.2024;;24.06.2024;Wärmepumpe;106348,174336;2
123159;4310;Rheinfelden;AG;x;;;;-;;23.11.2023;01.07.2024;11.09.2024;22.03.2018;Wärmepumpe;64811;1
555287;5706;Boniswil;AG;-;x;;x;-;;09.12.2023;01.05.2024;13.09.2024;29.08.2024;PV + Batterie;109231;1
162827;5225;Bözberg;AG;-;x;;x;-;;10.12.2023;01.05.2024;20.09.2024;03.05.2024;PV + Batterie;103833;1
757719;4312;Magden;AG;x;x;14.22;x;-;;15.12.2023;01.08.2024;24.01.2025;25.07.2024;Wärmepumpe + PV + Batterie;162281;1
164237;5622;Waltenschwil;AG;-;x;;x;-;;18.12.2023;01.05.2024;13.11.2024;20.08.2024;PV + Batterie;102550,111698;2
711259;5506;Mägenwil;AG;-;x;;-;-;;20.12.2023;01.05.2024;;;;103880;1
142682;4303;Kaiseraugst;AG;;x;13.7;x;-;;22.12.2023;01.08.2024;20.01.2025;08.10.2024;PV + Batterie;121131;1
809909;5506;Mägenwil;AG;-;x;;-;-;;26.12.2023;01.05.2024;30.08.2024;15.05.2024;PV;104399;1
906291;8962;Bergdietikon;AG;x;-;;-;-;;27.01.2024;01.09.2024;21.10.2024;29.08.2024;Wärmepumpe;117402;1
806207;5225;Bözberg;AG;-;x;;-;-;;28.01.2024;19.08.2024;26.09.2024;20.10.2021;PV;98200;1
790904;5506;Mägenwil;AG;-;-;;x;-;;07.02.2024;01.04.2024;-;16.03.2023;Batterie;106074;1
745415;5074;Eiken;AG;-;-;;x;-;;09.02.2024;01.04.2024;-;20.12.2023;Batterie;93741;1
716143;4303;Kaiseraugst;AG;-;x;;-;-;;13.02.2024;04.11.2024;;;;96737;1
176306;5707;Seengen;AG;-;x;26.66;-;-;;15.02.2024;01.12.2024;13.01.2025;28.11.2024;PV;131321;1
720022;4310;Rheinfelden;AG;x;x;25.37;x;-;;16.02.2024;25.11.2024;23.01.2025;05.08.2024;Wärmepumpe + PV + Batterie;121149;1
194265;5078;Effingen;AG;x;x;;x;-;;18.02.2024;01.08.2024;15.11.2024;08.08.2024;Wärmepumpe + PV + Batterie;123269;1
552884;5522;Tägerig;AG;-;x;;x;x;;25.02.2024;01.06.2024;;08.07.2024;PV + Batterie + EV-Ladestation;107150;1
127293;4313;Möhlin;AG;-;x;;x;-;;03.03.2024;01.09.2024;;09.08.2024;PV + Batterie;126291;1
187213;5113;Holderbank AG;AG;x;-;;-;-;;07.03.2024;05.08.2024;;;;118890,27485,27487;3
710897;4315;Zuzgen;AG;-;x;;-;-;;12.03.2024;01.09.2024;;09.08.2024;PV;160716;1
717974;5452;Oberrohrdorf;AG;-;x;;x;x;;13.03.2024;16.09.2024;15.11.2024;18.10.2024;PV + Batterie + EV-Ladestation;119505;1
897353;5522;Tägerig;AG;-;x;;x;-;;26.03.2024;15.07.2024;23.09.2024;30.08.2024;PV + Batterie;109241;1
811757;5608;Stetten AG;AG;-;x;;;-;;02.04.2024;10.07.2024;23.09.2024;11.07.2024;PV;109763;1
696579;5605;Dottikon;AG;-;-;;x;-;;03.04.2024;01.06.2024;-;12.01.2024;Batterie;173867;1
696780;4310;Rheinfelden;AG;-;x;;x;-;;08.04.2024;04.06.2024;08.11.2024;27.05.2024;PV + Batterie;106916;1
118168;5607;Hägglingen;AG;-;-;;-;x;;12.04.2024;15.04.2024;-;11.06.2024;EV-Ladestation;150672;1
708813;5316;Leuggern;AG;-;x;10.32;x;-;;19.04.2024;02.12.2024;;;;141280;1
720199;4314;Zeiningen;AG;-;x;13.05;x;-;;22.04.2024;24.09.2024;10.03.2025;06.02.2025;PV + Batterie;54948;1
150964;5107;Schinznach Dorf;AG;-;x;;-;-;;28.04.2024;25.06.2024;20.08.2024;23.07.2024;PV;131301;1
223900;5607;Hägglingen;AG;-;x;;x;-;;30.04.2024;01.09.2024;;22.11.2024;PV + Batterie;155255;1
868792;4322;Mumpf;AG;-;x;;x;-;;20.05.2024;26.08.2024;23.10.2024;30.08.2024;PV + Batterie;117175;1
226011;5425;Schneisingen;AG;-;x;;-;-;;24.05.2024;12.8,24;23.09.2024;;;166421;1
736402;5236;Remigen;AG;-;x;19.36;-;-;;14.06.2024;KW 36;05.05.2025;01.05.2025;PV;159275,162909,162910,162911,162912,162915,164493,165057,173599,173816,174189,174202,174518,174519,174521,174522,174523;17
709341;4317;Wegenstetten;AG;x;x;10.8;x;;;18.06.2024;02.12.2024;07.02.2025;11.12.2024;Wärmepumpe + PV + Batterie;131369;1
719301;5504;Othmarsingen;AG;-;x;;x;;;22.06.2024;09.09.2024;18.10.2024;17.09.2024;PV + Batterie;116779;1
155497;5108;Oberflachs;AG;-;x;;x;-;;27.06.2024;08.07.2024;15.10.2024;26.07.2024;PV + Batterie;126306;1
696935;5225;Bözberg;AG;x;x;24.6;x;-;;02.07.2024;25.01.2025;10.04.2025;09.04.2025;Wärmepumpe + PV + Batterie;101837,119892;2
731681;5106;Veltheim AG;AG;-;-;;x;-;;06.07.2024;01.09.2024;-;05.09.2024;Batterie;106079;1
735579;8962;Bergdietikon;AG;-;x;;x;-;;06.07.2024;Spätsommer;;;;115589;1
149164;5600;Ammerswil AG;AG;-;-;;x;-;;10.07.2024;?;;;;70028;1
698970;5452;Oberrohrdorf;AG;-;-;;x;-;;10.07.2024;01.09.2024;28.10.2024;21.06.2018;Batterie;54412;1
694066;5707;Seengen;AG;-;-;;-;x;;13.07.2024;?;;16.03.2022;EV-Ladestation;149167;1
746764;5452;Oberrohrdorf;AG;-;x;;x;-;;14.07.2024;14.10.2024;25.11.2024;28.10.2024;PV + Batterie;115387;1
722929;5106;Veltheim AG;AG;-;x;;x;;;17.07.2024;01.10.2024;;17.12.2024;PV + Batterie;118609;1
227913;5426;Lengnau AG;AG;-;;;;-;;12.08.2024;KW 46;-;-;unbekannt (keine Anlage auf dieser Zeile markiert);93564;1
692550;8962;Bergdietikon;AG;-;x;;;-;;21.08.2024;KW 44;17.12.2024;25.11.2024;PV;121379;1
228837;5463;Wislikofen;AG;-;x;;x;-;;04.09.2024;21.10.2024;11.12.2024;30.11.2024;PV + Batterie;110865;1
720967;4310;Rheinfelden;AG;x;-;;-;-;;05.09.2024;01.08.2025;25.09.2025;;;48301,62454;2
724334;5235;Rüfenach AG;AG;-;x;;;;;15.09.2024;21.10.2024;18.12.2024;04.12.2024;PV;120594;1
851473;8962;Bergdietikon;AG;-;x;30.8;x;x;;20.09.2024;25.11.2024;24.01.2025;17.12.2024;PV + Batterie + EV-Ladestation;120484;1
164491;5105;Auenstein;AG;-;x;8.36;-;-;;25.09.2024;19.11.2024;07.02.2025;;;120483;1
734306;4312;Magden;AG;-;-;;X;X;;01.10.2024;25.11.2024;14.03.2025;14.03.2025;Batterie + EV-Ladestation;170516,46962;2
156287;5322;Koblenz;AG;X;-;;-;-;;04.10.2024;Q1 / 2026;-;-;Wärmepumpe;163477;1
137763;4313;Möhlin;AG;;x;12.9;x;;;11.10.2024;09.12.2024;13.01.2025;12.01.2025;PV + Batterie;144176;1
129462;5072;Oeschgen;AG;-;-;;-;x;;27.10.2024;;;;;63907;1
906291;8962;Bergdietikon;AG;;-;;-;-;;30.10.2024;Q4/2024;-;04.12.2024;unbekannt (keine Anlage auf dieser Zeile markiert);117402;1
778612;5725;Leutwil;AG;-;-;;x;-;;30.10.2024;Q1/2025;-;17.04.2025;Batterie;130488;1
891106;4313;Möhlin;AG;-;X;15.13;X;-;;17.11.2024;Q1 2025;;;;156301;1
228831;8962;Bergdietikon;AG;-;X;14.69;-;-;;25.11.2024;01.02.2025;;28.03.2025;PV;153410;1
201391;5076;Bözen;AG;-;-;;x;;;25.11.2024;31.12.2024;;;;122134;1
106914;5608;Stetten AG;AG;-;x;15.13;x;-;;27.11.2024;01.02.2025;14.03.2025;06.03.2025;PV + Batterie;124215;1
722955;5304;Endingen;AG;-;X;9.35;X;-;;29.11.2024;Q1/2025;31.03.2025;18.02.2025;PV + Batterie;125494;1
133692;5608;Stetten AG;AG;-;x;8.01;x;-;;03.12.2024;Q1/2025;09.04.2025;17.03.2025;PV + Batterie;124214;1
701696;5304;Endingen;AG;-;X;42.24;-;-;;04.12.2024;15.02.2025;11.04.2025;09.04.2025;PV;132050;1
770736;5027;Herznach;AG;-;X;16.02;X;-;;04.12.2024;03.03.2025;01.04.2025;21.03.2025;PV + Batterie;126213;1
222824;5304;Endingen;AG;-;X;20.25;X;-;;09.12.2024;Q1/2025;02.05.2025;;;95133;1
118265;5607;Hägglingen;AG;-;x;14.24;x;-;;16.12.2024;17.02.2025;25.06.2025;05.05.2025;PV + Batterie;140406,140443,140444;3
713894;4323;Wallbach;AG;-;-;;-;x;-;14.01.2025;-;;;;63674;1
582164;5614;Sarmenstorf;AG;x;-;;-;-;;22.01.2025;01.04.2025;22.07.2025;02.06.2025;Wärmepumpe;162934;1
909265;4468;Kienberg;SO;X;-;;-;-;-;08.02.2025;15.04.2025;;;;84982;1
805535;4313;Möhlin;AG;-;-;;x;-;-;16.02.2025;10.03.2025;;;;157098;1
805537;4313;Möhlin;AG;-;-;;x;-;-;16.02.2025;10.03.2025;;;;157099;1
868792;4322;Mumpf;AG;X;-;;;-;-;04.03.2025;01.06.2025;21.07.2025;17.06.2025;Wärmepumpe;117175;1
186396;4324;Obermumpf;AG;-;x;8.84;x;x;;05.03.2025;05.05.2025;;18.03.2025;PV + Batterie + EV-Ladestation;157108;1
859760;5707;Seengen;AG;X;X;15.68;X;-;-;10.03.2025;Q1 / 2026;27.02.2026;23.01.2026;Wärmepumpe + PV + Batterie;128319,174544;2
595687;4310;Rheinfelden;AG;-;x;13.49;x;-;-;26.03.2025;26.05.2025;;;;134962;1
748606;4333;Münchwilen AG;AG;-;x;8.1;x;-;-;10.04.2025;10.06.2025;;;;162628;1
707268;5027;Herznach;AG;-;-;;-;X;-;10.05.2025;22.05.2025;;;;127621;1
717797;4324;Obermumpf;AG;;x;15.51;x;;;12.05.2025;Mitte Juli;25.08.2025;09.07.2025;PV + Batterie;146811;1
717438;5225;Bözberg;AG;-;-;;x;;;26.05.2025;01.07.2025;-;04.07.2025;Batterie;96812;1
897928;5733;Leimbach AG;AG;x;-;;-;;;03.06.2025;01.10.2025;04.12.2025;30.10.2025;Wärmepumpe;80548;1
692550;8962;Bergdietikon;AG;-;X;15.13;-;;;06.06.2025;01.08.2025;16.07.2025;09.07.2025;PV;121379;1
692466;8962;Bergdietikon;AG;-;-;;x;;;15.06.2025;01.08.2025;;;;61683,95510;2
868792;4322;Mumpf;AG;-;x;24.64;-;;;23.06.2025;02.07.2025;21.07.2025;02.07.2025;PV;117175;1
878287;4303;Kaiseraugst;AG;-;x;15.04;-;;;23.06.2025;01.09.2025;02.10.2025;14.07.2025;PV;147431;1
747439;5412;Gebenstorf;AG;-;-;;-;x;;27.06.2025;01.07.2025;übergeben;;;151842;1
191828;5452;Oberrohrdorf;AG;-;x;16.56;x;;;29.06.2025;01.09.2025;31.10.2025;;;156784;1
171122;5745;Safenwil;AG;-;x;11.28;x;;;10.07.2025;01.09.2025;;;;153488;1
136557;4325;Schupfart;AG;-;-;;x;;;14.07.2025;01.09.2025;;;;153288;1
738793;5070;Frick;AG;x;-;;-;;;15.07.2025;01.10.2025;02.12.2025;07.11.2025;Wärmepumpe;168959;1
556799;5113;Holderbank AG;AG;-;x;16.49;x;;;17.07.2025;08.09.2025;29.10.2025;;;147428;1
878287;4303;Kaiseraugst;AG;-;-;;x;;;07.08.2025;-;02.10.2025;;;147431;1
721906;4310;Rheinfelden;AG;x;;;;;;18.08.2025;01.05.2026;30.04.2026;;;77253;1
177379;5312;Döttingen;AG;;x;12.6;x;;;19.08.2025;mitte Okt. ;17.11.2025;;;157358;1
740863;5727;Oberkulm;AG;;;;x;;;30.08.2025;01.10.2025;10.11.2025;14.10.2025;Batterie;56950;1
118609;5607;Hägglingen;AG;;;;x;;;09.09.2025;01.10.2025;;;;150083,96945;2
694753;5620;Bremgarten AG;AG;;;;x;;;09.09.2025;01.11.2025;-;18.11.2025;Batterie;149575;1
751215;5107;Schinznach Dorf;AG;;x;;x;;;12.09.2025;16.03.2026;;;;135917;1
724881;5745;Safenwil;AG;;;;x;;;13.09.2025;;;;;62764;1
821264;4303;Kaiseraugst;AG;-;-;;x;;;15.10.2025;01.06.2026;-;;;120937;1
175560;5313;Klingnau;AG;;x;;x;;;30.10.2025;01.05.2026;;;;159232;1
156287;5322;Koblenz;AG;x;;;;;;31.10.2025;Q1 / 2026;09.03.2026;22.01.2026;Wärmepumpe;163477;1
745959;5105;Auenstein;AG;;;;x;;;01.11.2025;im 2026;-;;;93459;1
227509;5113;Holderbank AG;AG;x;;;;;;03.11.2025;Q1 / 2026;09.02.2026;16.01.2026;Wärmepumpe;27195;1
688436;5620;Bremgarten AG;AG;;x;156.8;;;;04.11.2025;Q1 / 2026;01.06.2026;27.04.2026;PV;136761,157121,171608;3
709341;4317;Wegenstetten;AG;;;;;x;;09.11.2025;Q1 / 2026;noch offen;13.01.2026;EV-Ladestation;131369;1
133710;5726;Unterkulm;AG;;x;15.675;x;;;10.11.2025;Q1 / 2026;23.03.2026;05.03.2026;PV + Batterie;161473;1
890111;5235;Rüfenach AG;AG;;x;15.2;x;;;22.11.2025;;13.04.2026;;;164080;1
813191;5107;Schinznach Dorf;AG;;x;13.775;x;;;22.11.2025;Q2 / 2026;21.04.2026;02.04.2026;PV + Batterie;164084;1
709341;4317;Wegenstetten;AG;;;;x;;;28.11.2025;18.07.1905;noch offen;;;131369;1
118160;5607;Hägglingen;AG;;x;11.4;x;;;07.12.2025;01.02.2026;09.04.2026;;;162401;1
129447;5072;Oeschgen;AG;;;;;;;16.12.2025;17.12.2025;;;;79415;1
859760;5707;Seengen;AG;;;;;x;;20.12.2025;Q1 / 2026;27.02.2026;23.01.2026;EV-Ladestation;128319,174544;2
718040;4324;Obermumpf;AG;;x;14.4;x;;;25.12.2025;08.06.2026;;;;170236;1
165295;4313;Möhlin;AG;x;x;12.69;x;;;12.01.2026;09.11.2026;;;;145883;1
739178;5105;Auenstein;AG;x;;;;;;22.01.2026;08.06.2026;;;;48183;1
885769;4313;Möhlin;AG;;x;14.4;x;x;;26.01.2026;01.03.2026;07.05.2026;;;160725;1
241341;5625;Kallern;AG;x;;;;;;29.01.2026;29.06.2026;;;;27352;1
131858;5443;Niederrohrdorf;AG;;;;;;;30.01.2026;Q1 / 2026;-;26.02.2026;unbekannt (keine Anlage auf dieser Zeile markiert);36513;1
120135;4313;Möhlin;AG;;;;;x;;03.02.2026;-;31.03.2026;;;154632;1
107868;5322;Koblenz;AG;;;;x;;;09.02.2026;Q2 / 2026;17.04.2026;08.04.2026;Batterie;165138,165917;2
194098;5504;Othmarsingen;AG;x;;;;;;10.02.2026;31.08.2026;;;;107115;1
790904;5506;Mägenwil;AG;x;;;;;;12.02.2026;27.04.2026;;;;106074;1
723966;5235;Rüfenach AG;AG;;x;14.4;x;;;19.02.2026;Q2 / 2026;06.05.2026;17.04.2026;PV + Batterie;167230;1
151081;4310;Rheinfelden;AG;;;nur Speicher;x;;;20.02.2026;01.05.2026;22.06.2026;;;101298,101299;2
734540;8962;Bergdietikon;AG;;x;28.8;x;;;20.02.2026;04.05.2026;17.07.2026;;;162821;1
723701;5707;Seengen;AG;;;;;x;;02.03.2026;Q2 / 2026;03.06.2026;17.04.2026;EV-Ladestation;124456;1
164237;5622;Waltenschwil;AG;;;;x;;;14.04.2026;01.07.2026;;;;102550,111698;2
724118;5745;Safenwil;AG;;x;5.88;x;;;24.04.2026;01.06.2026;16.07.2026;;;48901;1
132812;5726;Unterkulm;AG;x;x;17.95;x;x;;26.04.2026;13.07.2026;;;;28930;1
709084;5316;Leuggern;AG;x;;;;;;29.04.2026;29.06.2026;;;;139881;1
742207;5106;Veltheim AG;AG;x;;;;;;02.05.2026;05.10.2026;;;;59424,59944;2
696780;4310;Rheinfelden;AG;;;;x;x;;05.05.2026;03.07.2026;;;;106916;1
226011;5425;Schneisingen;AG;;;;x;;;27.05.2026;09.07.2026;20.07.2026;09.07.2026;Batterie;166421;1
115673;4317;Wegenstetten;AG;x;;;;;;27.05.2026;02.11.2026;;;;128853,128897;2
745464;4317;Wegenstetten;AG;x;x;19.8;x;;;03.06.2026;01.01.2027;;;;134060;1
710570;5070;Frick ;AG;;x;14.55;x;;;08.06.2026;03.08.2026;;;;163457,174310;2
555287;5706;Boniswil;AG;;;;;x;;08.06.2026;01.09.2026;;;;109231;1
185674;5330;Bad Zurzach;AG;x;;;;;;13.06.2026;01.10.2026;;;;46967,46968;2
749578;5504;Othmarsingen;AG;;x;14.36;x;;;17.06.2026;01.08.2026;;;;105237;1
165585;5614;Sarmenstorf;AG;;x;14.55;x;;;22.06.2026;01.09.2026;;;;169752,174543;2
881402;4313;Möhlin;AG;;x;24.25;x;;;25.06.2026;01.09.2026;;;;135366,135369;2
165171;5506;Mägenwil;AG;;x;9.4;x;x;;30.06.2026;08.09.2026;;;;106348,174336;2
867344;4333;Münchwilen AG;AG;x;x;23.27;x;;;06.07.2026;19.10.2026;;;;164073;1
720022;4310;Rheinfelden;AG;;;;;;;14.07.2026;01.09.2026;;;;121149;1
