gp_nr;n_meters;n_meters_with_data;meter_max_winter_summer_ratio;meter_min_summer_share;n_heat_pump_like_meters;n_production_only_meters;meter_max_imp_kwh;meter_min_imp_kwh;household_imp_kwh;household_exp_kwh;is_winter_dominant;has_dedicated_hp_meter;has_production_only_meter;is_multi_meter;is_multi_unit;meter_concentration
104479;2;2;46.65356843966398;0.020984787346327246;1;0;23523.986006371677;4408.1080104112625;27932.09401678294;11247.259713163017;1;1;0;1;0;0.8421848355600314
104987;1;1;22.051338680419704;0.04338142846555897;1;0;13260.210033483803;13260.210033483803;13260.210033483803;16787.975685130106;1;0;0;0;0;1.0
106914;1;1;17.15938333404206;0.055067949258242356;1;0;9061.65800254792;9061.65800254792;9061.65800254792;11403.520760299638;1;0;0;0;0;1.0
107868;2;2;;1.0;0;0;511.1940006017685;98.26199951767921;609.4560001194477;0.0;0;0;0;1;0;0.8387709703433541
108398;1;1;6.962362916994937;0.12559085919904397;1;0;5756.991999089718;5756.991999089718;5756.991999089718;8460.120007748948;1;0;0;0;0;1.0
108801;1;1;;1.0;0;1;35.44199940748513;35.44199940748513;35.44199940748513;2869.3429451584816;0;0;1;0;0;1.0
108808;1;1;;1.0;0;1;11.693999662995338;11.693999662995338;11.693999662995338;3426.184962749481;0;0;1;0;0;1.0
109103;2;2;;1.0;0;0;374.0429995059967;125.56299960613251;499.6059991121292;0.0;0;0;0;1;0;0.7486759569955609
109520;1;1;1.009365654374521;0.4976694997363642;0;0;3382.63094997406;3382.63094997406;3382.63094997406;0.0;0;0;0;0;0;1.0
112352;1;1;189.81715281908302;0.005240619017872658;1;0;9166.192986774258;9166.192986774258;9166.192986774258;27609.55079615605;1;0;0;0;0;1.0
113592;1;1;42.59405272138881;0.022938908809213877;1;0;10787.809980385005;10787.809980385005;10787.809980385005;42670.62387010222;1;0;0;0;0;1.0
115673;2;2;2.3114046859947206;0.30198664760891575;0;1;17125.996993228793;49.591002588160336;17175.587995816953;5239.046997972182;0;0;1;1;0;0.997112704228802
117726;1;1;2.952998453216274;0.25297252499210343;0;0;9077.403936149552;9077.403936149552;9077.403936149552;23523.80893274676;0;0;0;0;0;1.0
118160;1;1;0.0;1.0;0;0;1259.9969907850027;1259.9969907850027;1259.9969907850027;5374.4920172691345;0;0;0;0;0;1.0
118168;1;1;45.48482953260423;0.02151239468994083;1;0;9420.682987812907;9420.682987812907;9420.682987812907;7996.649932249333;1;0;0;0;0;1.0
118180;1;1;144.66940325795255;0.006864859590515326;1;0;7133.4119668751955;7133.4119668751955;7133.4119668751955;22196.366262299824;1;0;0;0;0;1.0
118265;3;3;5.39893519683422;0.1562760004968851;1;0;5222.487970173359;11.242999907582998;9153.75998371467;9171.45393240219;1;1;0;1;0;0.5705292666035178
118609;2;2;103.66322836602474;0.009554453991260746;2;0;16653.52602148056;11970.129032164812;28623.655053645372;5264.281947050476;1;0;0;1;0;0.5818099047892085
118639;1;1;11.034282031340068;0.08309594185974432;1;0;10978.362987995148;10978.362987995148;10978.362987995148;18209.317073395592;1;0;0;0;0;1.0
120135;1;1;26.764659792716433;0.036017008941068754;1;0;3552.647990334779;3552.647990334779;3552.647990334779;4067.8118996182457;1;0;0;0;0;1.0
120137;1;1;8.64850963969219;0.10364294977601353;1;0;6128.595015686005;6128.595015686005;6128.595015686005;4061.4059247979894;1;0;0;0;0;1.0
122506;1;1;3.3667117800563546;0.22900526766323342;0;0;5027.866946287453;5027.866946287453;5027.866946287453;6620.506954122218;0;0;0;0;0;1.0
123159;1;1;5.466826409667604;0.15463535537385797;1;0;19903.845026135445;19903.845026135445;19903.845026135445;8878.303005152498;1;0;0;0;0;1.0
126001;1;1;;1.0;0;0;233.83899983949956;233.83899983949956;233.83899983949956;5454.26690480113;0;0;0;0;0;1.0
127293;1;1;26.215932548193;0.03674318336251149;1;0;1758.6809972897172;1758.6809972897172;1758.6809972897172;16725.627012159675;1;0;0;0;0;1.0
127600;1;1;164.0418646830927;0.006059068721261499;1;0;6843.813014773652;6843.813014773652;6843.813014773652;10124.076666441862;1;0;0;0;0;1.0
129225;1;1;6.804499804239775;0.12813120956922217;1;0;35292.2721041739;35292.2721041739;35292.2721041739;15619.885925913346;1;0;0;0;0;1.0
129447;1;1;80.46550321764266;0.012275134388213465;1;0;15072.411986935884;15072.411986935884;15072.411986935884;24592.072931451723;1;0;0;0;0;1.0
129462;1;1;4.593678929139686;0.17877322110688273;1;0;63711.01201296225;63711.01201296225;63711.01201296225;6401.21596174757;1;0;0;0;0;1.0
130747;1;1;2.235121442944397;0.3091074068273199;0;0;27590.618978381157;27590.618978381157;27590.618978381157;0.0;0;0;0;0;0;1.0
131436;2;2;14.69669832512647;0.06370766509535647;1;0;3373.6799905374646;965.4230077042012;4339.102998241666;1932.1119865126675;1;1;0;1;0;0.777506316836586
131858;1;1;3.6547271573541624;0.2148353633187857;0;0;32159.581875801086;32159.581875801086;32159.581875801086;0.0;0;0;0;0;0;1.0
132315;1;1;;1.0;0;0;1130.1730072498322;1130.1730072498322;1130.1730072498322;5099.521018981934;0;0;0;0;0;1.0
132812;1;1;1.2806315903209167;0.43847502781424075;0;0;36182.86198043823;36182.86198043823;36182.86198043823;505.6530017852783;0;0;0;0;0;1.0
133692;1;1;23.10987775766515;0.0414767760355846;1;0;5019.062987044454;5019.062987044454;5019.062987044454;7723.414990643389;1;0;0;0;0;1.0
133710;1;1;1.3889479277836005;0.4185943060415604;0;0;4049.298964627087;4049.298964627087;4049.298964627087;4610.88387342589;0;0;0;0;0;1.0
134065;1;1;9.401493878510037;0.0961400363909309;1;0;9446.383928988129;9446.383928988129;9446.383928988129;4648.357899969793;1;0;0;0;0;1.0
134586;1;1;5.6028436319291455;0.1514498988230365;1;0;18878.8049775362;18878.8049775362;18878.8049775362;27615.715027858852;1;0;0;0;0;1.0
135287;1;1;0.0;1.0;0;0;596.1569947618992;596.1569947618992;596.1569947618992;3705.610899273306;0;0;0;0;0;1.0
135868;1;1;30.746775932633437;0.031499261598154;1;0;3159.833000048995;3159.833000048995;3159.833000048995;15848.412875368493;1;0;0;0;0;1.0
136557;1;1;23.813630640511267;0.04030043061765329;1;0;6174.849989145994;6174.849989145994;6174.849989145994;2112.0529895520303;1;0;0;0;0;1.0
137763;1;1;6.918048279869172;0.12629374874391683;1;0;5729.269008122385;5729.269008122385;5729.269008122385;7291.9168474522885;1;0;0;0;0;1.0
137898;1;1;;1.0;0;0;573.6569962501526;573.6569962501526;573.6569962501526;1707.9810090065002;0;0;0;0;0;1.0
142012;1;1;3.740809941123079;0.2109344209996117;0;0;32992.64504241943;32992.64504241943;32992.64504241943;0.0;0;0;0;0;0;1.0
142682;1;1;15.665808836402674;0.060003088347907074;1;0;2265.0379905235022;2265.0379905235022;2265.0379905235022;12375.560977319255;1;0;0;0;0;1.0
143397;8;8;8.784760158375358;0.10219974570802746;1;0;13089.311986923218;15.161000252701342;23945.844988673925;61.063001587986946;1;1;0;1;1;0.5466214281899132
144863;1;1;11.975121667220776;0.07707056824956897;1;0;12955.215036150068;12955.215036150068;12955.215036150068;22931.415681743412;1;0;0;0;0;1.0
145326;1;1;4.950911301073559;0.16804148968236135;1;0;16017.989965677261;16017.989965677261;16017.989965677261;23171.832014972344;1;0;0;0;0;1.0
146018;3;3;34.212068447734296;0.028399354087486003;3;0;22968.10502052307;1223.8820118494332;44662.699993062764;7840.097065959359;1;0;0;1;0;0.514256975599115
146807;1;1;13.362366651910362;0.06962640797552598;1;0;16187.803956966847;16187.803956966847;16187.803956966847;19338.63762344478;1;0;0;0;0;1.0
149164;1;1;9.070329991058289;0.09930161185263307;1;0;18286.933985726908;18286.933985726908;18286.933985726908;20926.062635421753;1;0;0;0;0;1.0
150401;1;1;2.2724130409223915;0.3055848963730236;0;0;7870.159006655216;7870.159006655216;7870.159006655216;11858.001894025132;0;0;0;0;0;1.0
150951;1;1;3.1584409182651765;0.2404747403306096;0;0;20119.91096353531;20119.91096353531;20119.91096353531;11132.21103023435;0;0;0;0;0;1.0
150964;1;1;12.15244450100032;0.07603149360743884;1;0;2899.0730270119384;2899.0730270119384;2899.0730270119384;15557.807963256957;1;0;0;0;0;1.0
151081;2;2;4.8385234763518845;0.17127618036484032;1;0;43475.281981274486;348.9449896812439;43824.22697095573;154138.92588342726;1;1;0;1;0;0.9920376236205488
151970;1;1;6.731325406778433;0.129343928419214;1;0;10653.900984220207;10653.900984220207;10653.900984220207;5439.872944105999;1;0;0;0;0;1.0
152528;1;1;13.090246405709413;0.07097107965370973;1;0;11686.687924508005;11686.687924508005;11686.687924508005;15198.263725496829;1;0;0;0;0;1.0
152557;1;1;;1.0;0;1;6.295000247657299;6.295000247657299;6.295000247657299;3111.024927139282;0;0;1;0;0;1.0
153093;1;1;1.253368428717917;0.44378007042947826;0;0;11746.195960998535;11746.195960998535;11746.195960998535;0.0;0;0;0;0;0;1.0
153783;1;1;6.810247118960336;0.12803692185006246;1;0;13675.623979002237;13675.623979002237;13675.623979002237;16118.446449276991;1;0;0;0;0;1.0
155497;1;1;69.41793633148308;0.014200927378681375;1;0;4618.996993158013;4618.996993158013;4618.996993158013;30704.95834331622;1;0;0;0;0;1.0
156287;1;1;;1.0;0;0;486.7590003013611;486.7590003013611;486.7590003013611;9977.39204788208;0;0;0;0;0;1.0
158544;1;1;13.847763516959029;0.06735021061305332;1;0;9514.844039201736;9514.844039201736;9514.844039201736;11620.498033773736;1;0;0;0;0;1.0
161857;1;1;3.5137990016007334;0.2215428732305911;0;0;8663.28899884224;8663.28899884224;8663.28899884224;6452.7520088249585;0;0;0;0;0;1.0
162827;1;1;35.52380269135232;0.02737940538258269;1;0;6893.686012415215;6893.686012415215;6893.686012415215;21760.181987494463;1;0;0;0;0;1.0
162973;3;3;6.092676831393693;0.1409904925561796;2;0;153781.9371433258;20766.161105155945;269681.3321919441;82371.72495856101;1;1;0;1;0;0.5702357515568501
163954;1;1;7.2882410631256995;0.12065286137115266;1;0;10374.490976803005;10374.490976803005;10374.490976803005;6110.638922349201;1;0;0;0;0;1.0
164222;1;1;244.69796653353902;0.0040700377545187984;1;0;15985.006000243127;15985.006000243127;15985.006000243127;54648.00301739643;1;0;0;0;0;1.0
164237;2;2;5.1087705024046235;0.16369906180079372;1;0;45420.37499254942;407.99101533775683;45828.366007887176;188790.6595998141;1;1;0;1;0;0.991097413002516
164491;1;1;2.9304037222311865;0.25442678937631535;0;0;14990.019997119904;14990.019997119904;14990.019997119904;10198.299998582224;0;0;0;0;0;1.0
165171;2;2;3.724619751830315;0.21165724492698076;0;0;10706.407988220453;4.145999908447266;10710.5539881289;0.0;0;0;0;1;0;0.9996129051855728
165183;1;1;41.4410065564835;0.02356211789343707;1;0;9603.54298773408;9603.54298773408;9603.54298773408;13574.861797090038;1;0;0;0;0;1.0
165295;1;1;1.3110479707370302;0.4327041293223715;0;0;3431.1979949474335;3431.1979949474335;3431.1979949474335;0.0;0;0;0;0;0;1.0
165585;2;2;;1.0;0;0;1597.846996307373;0.0;1597.846996307373;0.0;0;0;0;1;0;1.0
166831;1;1;3.076856476066011;0.24528702589132018;0;0;9969.3959146142;9969.3959146142;9969.3959146142;13316.125895781326;0;0;0;0;0;1.0
171122;1;1;50.46728061595829;0.019429820033855322;1;0;2949.162979081273;2949.162979081273;2949.162979081273;5469.769965703017;1;0;0;0;0;1.0
171901;1;1;24.675164483331933;0.038948143862883144;1;0;18578.73007502407;18578.73007502407;18578.73007502407;14821.834880837006;1;0;0;0;0;1.0
174453;1;1;13.397318275331635;0.06945737955334362;1;0;8219.643995841965;8219.643995841965;8219.643995841965;11704.21295471955;1;0;0;0;0;1.0
175022;1;1;5.734788413661304;0.14848276420555867;1;0;4948.969956435263;4948.969956435263;4948.969956435263;7690.616033371538;1;0;0;0;0;1.0
175213;1;1;2.908865026772188;0.25582873625743147;0;0;4080.7550198435783;4080.7550198435783;4080.7550198435783;20830.752979643294;0;0;0;0;0;1.0
175356;1;1;8.095492538485564;0.10994456823187104;1;0;34488.11107647419;34488.11107647419;34488.11107647419;16051.517944624415;1;0;0;0;0;1.0
175514;1;1;1.9097087779461976;0.3436770056094221;0;0;2577.3690230175853;2577.3690230175853;2577.3690230175853;17942.1386598869;0;0;0;0;0;1.0
175560;1;1;0.6608996667424494;0.6020833287066142;0;0;3046.75500176847;3046.75500176847;3046.75500176847;1959.1350049972534;0;0;0;0;0;1.0
176306;1;1;1.9569885859535636;0.3381818938193575;0;0;9773.142035007477;9773.142035007477;9773.142035007477;29096.141989029944;0;0;0;0;0;1.0
177379;1;1;16.904526081352998;0.05585179945318232;1;0;3121.759985756129;3121.759985756129;3121.759985756129;2987.9879444264807;1;0;0;0;0;1.0
179215;1;1;7.710675976289363;0.11480165290524183;1;0;19091.298033237457;19091.298033237457;19091.298033237457;9337.995981816668;1;0;0;0;0;1.0
184486;2;2;3.4380032584800255;0.2253265583095788;0;0;3930.7079813033342;2179.6969998925924;6110.404981195927;12181.419632639503;0;0;0;1;0;0.6432810907623372
185674;2;2;2.0100582240498888;0.332219487320929;0;0;10201.259107232094;6316.453000664711;16517.712107896805;0.0;0;0;0;1;0;0.6175951633371225
186396;1;1;33.835325914484656;0.028706491865609227;1;0;3007.8270118534565;3007.8270118534565;3007.8270118534565;1636.99898514722;1;0;0;0;0;1.0
186748;1;1;38.1796729156383;0.025523439211787215;1;0;8054.431985467672;8054.431985467672;8054.431985467672;20335.56001234334;1;0;0;0;0;1.0
187213;3;3;9.419390245404177;0.09597490605950608;1;0;26040.31198000908;19287.878005504608;66494.38298153877;0.0;1;1;0;1;0;0.3916167172682662
187258;1;1;4.664066690437062;0.17655159351996186;1;0;21759.342967834324;21759.342967834324;21759.342967834324;19695.094735215884;1;0;0;0;0;1.0
191828;1;1;58.79917652673447;0.01672263830510992;1;0;4649.358039163053;4649.358039163053;4649.358039163053;6150.041887726053;1;0;0;0;0;1.0
192082;1;1;;1.0;0;0;9331.932975769043;9331.932975769043;9331.932975769043;0.5650000133318824;0;0;0;0;0;1.0
194098;1;1;7.668228565592697;0.11536382461917975;1;0;36498.214057445526;36498.214057445526;36498.214057445526;0.0;1;0;0;0;0;1.0
194265;1;1;77.88469600055829;0.01267673009721585;1;0;4892.532997213304;4892.532997213304;4892.532997213304;17115.31502533378;1;0;0;0;0;1.0
194423;1;1;3.2553623716486584;0.23499761304994787;0;0;4397.168020248413;4397.168020248413;4397.168020248413;5011.72897233977;0;0;0;0;0;1.0
195088;1;1;84.61865776219679;0.01167969723115106;1;0;4255.2710249666125;4255.2710249666125;4255.2710249666125;8912.130948062986;1;0;0;0;0;1.0
197257;2;2;27.697270461805147;0.03484651968315097;1;0;9793.352951698005;7969.139012929052;17762.491964627057;31742.742010966875;1;1;0;1;0;0.5513501692893589
198827;1;1;445.1165769622402;0.0022415665582510764;1;0;11760.828970901668;11760.828970901668;11760.828970901668;32955.00489780062;1;0;0;0;0;1.0
201264;1;1;8.679977250741178;0.10330602790656682;1;0;2544.8710011541843;2544.8710011541843;2544.8710011541843;7895.918786348659;1;0;0;0;0;1.0
201391;1;1;88.93613625991102;0.011119001122196857;1;0;5122.989004075527;5122.989004075527;5122.989004075527;22506.118224394275;1;0;0;0;0;1.0
215480;1;1;7.510383452955713;0.11750351855799088;1;0;60057.36900639534;60057.36900639534;60057.36900639534;22550.414977178443;1;0;0;0;0;1.0
215929;1;1;;1.0;0;0;57.389998719096184;57.389998719096184;57.389998719096184;2994.538939848542;0;0;0;0;0;1.0
222824;1;1;3.763676731582965;0.20992188520477142;0;0;3491.2669918779284;3491.2669918779284;3491.2669918779284;12091.831019169069;0;0;0;0;0;1.0
223900;1;1;81.28844374162611;0.012152374677784118;1;0;4853.5931232869625;4853.5931232869625;4853.5931232869625;10294.60896864289;1;0;0;0;0;1.0
226011;1;1;;1.0;0;0;535.4710029885173;535.4710029885173;535.4710029885173;8506.259113311768;0;0;0;0;0;1.0
227509;1;1;2.609881814950099;0.27701737931102416;0;0;23245.504990236368;23245.504990236368;23245.504990236368;0.0;0;0;0;0;0;1.0
227913;1;1;1.8846069896554607;0.346667675557231;0;0;14022.697978019714;14022.697978019714;14022.697978019714;0.0;0;0;0;0;0;1.0
228831;1;1;0.050564051039274055;0.9518696161464374;0;0;39953.61298131943;39953.61298131943;39953.61298131943;0.0;0;0;0;0;0;1.0
228837;1;1;1.5708501370081718;0.38897638785112165;0;0;14642.941973686218;14642.941973686218;14642.941973686218;0.0;0;0;0;0;0;1.0
241341;1;1;0.728831018562739;0.5784255310454508;0;0;23669.2189950943;23669.2189950943;23669.2189950943;0.0;0;0;0;0;0;1.0
552884;1;1;11.080755259585624;0.08277628165726954;1;0;9791.41995126754;9791.41995126754;9791.41995126754;17196.79867206316;1;0;0;0;0;1.0
553509;1;1;5.24967359997483;0.1600083562770426;1;0;11239.457041025162;11239.457041025162;11239.457041025162;12201.91400125483;1;0;0;0;0;1.0
555287;1;1;28.686593201840417;0.03368523943454735;1;0;8965.062973221764;8965.062973221764;8965.062973221764;12271.793948039995;1;0;0;0;0;1.0
556799;1;1;9.336408088324806;0.09674540628185158;1;0;12739.699011415243;12739.699011415243;12739.699011415243;4542.555962958839;1;0;0;0;0;1.0
556837;1;1;;1.0;0;0;1230.646998256445;1230.646998256445;1230.646998256445;3259.7029786370695;0;0;0;0;0;1.0
571965;1;1;3.946403213086404;0.20216710141105354;0;0;37787.49998164177;37787.49998164177;37787.49998164177;28374.066025282023;0;0;0;0;0;1.0
582164;1;1;;1.0;0;0;2219.5020022392273;2219.5020022392273;2219.5020022392273;0.0;0;0;0;0;0;1.0
585660;1;1;6.348338813451151;0.13608517862152703;1;0;9770.207996964455;9770.207996964455;9770.207996964455;20046.12904463662;1;0;0;0;0;1.0
585704;3;3;5.838856756690532;0.14622327028880794;2;0;21882.48499107361;1573.922999382019;36279.23999360204;18791.33693151537;1;1;0;1;0;0.6031682305068313
591571;1;1;3.834098053509649;0.20686382215064517;0;0;28150.08390688896;28150.08390688896;28150.08390688896;26734.433873064816;0;0;0;0;0;1.0
593829;1;1;;1.0;0;1;3.591000040993095;3.591000040993095;3.591000040993095;3787.7171323299413;0;0;1;0;0;1.0
594379;1;1;;1.0;0;0;590.4909978806973;590.4909978806973;590.4909978806973;4884.326896429062;0;0;0;0;0;1.0
595687;1;1;12.827361832843081;0.07232037550538209;1;0;4614.8930187840015;4614.8930187840015;4614.8930187840015;9350.233090438414;1;0;0;0;0;1.0
688436;3;3;1.2993258259250782;0.43491008917697604;0;1;11819.258005142212;0.0;12549.47900223732;52091.87731933594;0;0;1;1;0;0.9418126444161606
689836;1;1;10.708020081010964;0.08541153782456205;1;0;12946.043942809105;12946.043942809105;12946.043942809105;33094.69198874198;1;0;0;0;0;1.0
690299;3;3;11.993723737220334;0.0769602325109864;1;0;4102.284008264542;1174.4900025725365;7997.786002397537;6595.20390856266;1;1;0;1;0;0.5129274535521179
691339;1;1;3.3152912262148155;0.23173407021179337;0;0;2802.5100015103817;2802.5100015103817;2802.5100015103817;18776.53224280663;0;0;0;0;0;1.0
692112;2;2;8.712026836333708;0.10296511910973058;1;0;10874.349981069565;6931.511007413268;17805.860988482833;10411.121956066578;1;1;0;1;0;0.6107174479292689
692126;1;1;5.208535848990852;0.16106857145111628;1;0;3943.3540194034576;3943.3540194034576;3943.3540194034576;7709.177985267248;1;0;0;0;0;1.0
692320;1;1;36.35801370404702;0.026768018447717132;1;0;15917.344042003155;15917.344042003155;15917.344042003155;10082.18096221576;1;0;0;0;0;1.0
692466;2;2;11.717536176720625;0.07863158288713927;1;1;32981.301886200905;0.0910000043222671;32981.39288620523;23299.71494250628;1;1;1;1;0;0.9999972408683697
692550;1;1;6.3239118224343285;0.1365390551176269;1;0;18403.23801994417;18403.23801994417;18403.23801994417;13899.28300630895;1;0;0;0;0;1.0
692590;1;1;12.45123670615858;0.0743426066944577;1;0;33028.39797320962;33028.39797320962;33028.39797320962;19651.133918426;1;0;0;0;0;1.0
692712;1;1;1.8322452550533517;0.35307676770427243;0;0;18584.06894683838;18584.06894683838;18584.06894683838;31560.115894354996;0;0;0;0;0;1.0
692971;1;1;2.2429994706017498;0.30835651040499445;0;0;33732.88697385788;33732.88697385788;33732.88697385788;0.0;0;0;0;0;0;1.0
693106;3;3;35.53154171401953;0.027373605193788873;2;0;25945.982968091965;7884.040991783142;54893.11296829581;27071.37606753374;1;1;0;1;0;0.47266371981995964
694066;1;1;162.37710531611674;0.006120808653483669;1;0;9752.514008753002;9752.514008753002;9752.514008753002;6785.362914599595;1;0;0;0;0;1.0
694569;2;2;4.743872379988474;0.17409857563757478;1;0;31485.841102719307;22568.58803046029;54054.4291331796;18378.85408440628;1;1;0;1;0;0.5824840185647752
694753;1;1;133.10756240267276;0.007456701039702666;1;0;4244.0759830307215;4244.0759830307215;4244.0759830307215;6849.468996560201;1;0;0;0;0;1.0
695851;1;1;8.076040156462854;0.11018020885329835;1;0;35318.18495899439;35318.18495899439;35318.18495899439;29480.818969901302;1;0;0;0;0;1.0
696579;1;1;;1.0;0;1;12.58999964594841;12.58999964594841;12.58999964594841;262.17799282073975;0;0;1;0;0;1.0
696780;1;1;3.70917716520217;0.21235132272987417;0;0;33902.967933766544;33902.967933766544;33902.967933766544;17420.083917476935;0;0;0;0;0;1.0
696935;2;2;6.636405524721684;0.13095166263272093;1;0;33655.70480823517;10956.305001974106;44612.009810209274;34055.68808100931;1;1;0;1;0;0.7544090694728844
697434;1;1;24.102636514377103;0.03983645301270515;1;0;7633.194981563836;7633.194981563836;7633.194981563836;13013.345711785369;1;0;0;0;0;1.0
697435;1;1;23.78358449589092;0.04034928846413635;1;0;5887.124046653509;5887.124046653509;5887.124046653509;17207.1729021013;1;0;0;0;0;1.0
698929;1;1;;1.0;0;1;13.31699999049306;13.31699999049306;13.31699999049306;1374.6979866027832;0;0;1;0;0;1.0
698970;1;1;16.263074373249093;0.05792710952746648;1;0;10984.413975417614;10984.413975417614;10984.413975417614;13410.145091224462;1;0;0;0;0;1.0
699307;1;1;2.734015416065123;0.26780821410046357;0;0;15780.053952217102;15780.053952217102;15780.053952217102;0.0;0;0;0;0;0;1.0
700296;2;2;28.243617656535285;0.03419549563754205;1;0;943.9439919507131;736.8329930305481;1680.7769849812612;11826.218057363876;1;1;0;1;0;0.5616116833972694
700623;1;1;6.659289821899459;0.13056040745981407;1;0;22550.472920179367;22550.472920179367;22550.472920179367;41297.79700143356;1;0;0;0;0;1.0
700810;1;1;;1.0;0;1;38.79599949717521;38.79599949717521;38.79599949717521;1660.6789919137955;0;0;1;0;0;1.0
701696;1;1;5.992150925183437;0.14301750787419756;1;0;9391.71903014183;9391.71903014183;9391.71903014183;62892.98509207368;1;0;0;0;0;1.0
702016;1;1;7.381055339537;0.11931671603247565;1;0;9332.282945632935;9332.282945632935;9332.282945632935;12026.898976399563;1;0;0;0;0;1.0
702339;2;2;3.077828309801585;0.24522856874488103;0;0;34383.954005241394;2612.852997839451;36996.807003080845;0.0;0;0;0;1;0;0.92937625677746
703035;2;2;6.1361489432163445;0.1401316043088765;1;0;38437.857978105545;6199.550997495651;44637.408975601196;0.0;1;1;0;1;0;0.8611131080461161
703359;1;1;;1.0;0;0;362.7820014953613;362.7820014953613;362.7820014953613;3363.2919883728027;0;0;0;0;0;1.0
703415;1;1;0.9593199445574115;0.5103811670869756;0;0;6707.240000277758;6707.240000277758;6707.240000277758;0.0;0;0;0;0;0;1.0
704806;1;1;2.731579953077102;0.2679830025282961;0;0;1058.7200012207031;1058.7200012207031;1058.7200012207031;10274.051044106483;0;0;0;0;0;1.0
705057;2;2;10.634246020415091;0.08595314197802408;1;1;13585.226059675217;16.701000194996595;13601.927059870213;57420.887976277154;1;1;1;1;0;0.9987721592593839
705536;1;1;14.899666794717211;0.06289439979536286;1;0;12399.214018583298;12399.214018583298;12399.214018583298;26039.382178515545;1;0;0;0;0;1.0
706277;1;1;8.094447305597486;0.10995720425852774;1;0;6616.699992984533;6616.699992984533;6616.699992984533;1056.9570145318285;1;0;0;0;0;1.0
706335;1;1;5.056809782655434;0.1651034184470589;1;0;6538.453012019396;6538.453012019396;6538.453012019396;13224.535858241143;1;0;0;0;0;1.0
706538;1;1;7.826540099261393;0.11329467591538844;1;0;21341.06997036934;21341.06997036934;21341.06997036934;306.7300002297852;1;0;0;0;0;1.0
707268;1;1;17.831498705103602;0.0531025180555059;1;0;3682.7539879903197;3682.7539879903197;3682.7539879903197;11507.652670082403;1;0;0;0;0;1.0
707738;2;2;1.4194417910695434;0.41331847853960474;0;0;82870.32084655762;14301.769061088562;97172.08990764618;30671.06797272165;0;0;0;1;0;0.8528201968828583
708813;1;1;12.549176103996793;0.07380522567014357;1;0;862.8209925591945;862.8209925591945;862.8209925591945;7132.665965571767;1;0;0;0;0;1.0
708823;2;2;45.988687701953886;0.021281717981632798;1;0;14530.819020152092;6678.921959795058;21209.74097994715;5353.025048609823;1;1;0;1;0;0.6851012010891752
709084;1;1;7.13787443748241;0.12288221054309692;1;0;23851.48796916008;23851.48796916008;23851.48796916008;0.0;1;0;0;0;0;1.0
709341;1;1;12.00153787114669;0.07691397817016885;1;0;12535.605013176799;12535.605013176799;12535.605013176799;6421.565927579533;1;0;0;0;0;1.0
709624;1;1;3.1658035351882305;0.24004972667411578;0;0;49593.80499076843;49593.80499076843;49593.80499076843;20196.802978779888;0;0;0;0;0;1.0
710494;1;1;1.056234445112963;0.486325867352671;0;0;1133.6289959810674;1133.6289959810674;1133.6289959810674;5186.839799143374;0;0;0;0;0;1.0
710570;2;2;;1.0;0;0;2159.193019479513;35.36299979686737;2194.5560192763805;0.0;0;0;0;1;0;0.983886034584559
710897;1;1;1.0855239598756208;0.47949580980102446;0;0;874.8450046777725;874.8450046777725;874.8450046777725;6817.734983563423;0;0;0;0;0;1.0
711145;1;1;49.109085780888485;0.01995646067806326;1;0;7740.288975208998;7740.288975208998;7740.288975208998;25893.93803921505;1;0;0;0;0;1.0
711259;1;1;4.437317293479106;0.18391422571555371;1;0;3173.751001536846;3173.751001536846;3173.751001536846;10245.108024008106;1;0;0;0;0;1.0
711464;1;1;2.661207350916051;0.2731339430283279;0;0;24728.997985839844;24728.997985839844;24728.997985839844;0.0;0;0;0;0;0;1.0
712273;1;1;3.4577460458213682;0.22432861578944965;0;0;2502.265990704298;2502.265990704298;2502.265990704298;2543.010979597573;0;0;0;0;0;1.0
712641;1;1;27.303277369607105;0.035331597360305333;1;0;2135.319004688412;2135.319004688412;2135.319004688412;4044.137950344477;1;0;0;0;0;1.0
713405;1;1;1.166530066457769;0.461567561642465;0;0;6476.4780015945435;6476.4780015945435;6476.4780015945435;601.467003788799;0;0;0;0;0;1.0
713578;1;1;30.729427304044787;0.031516484379550166;1;0;6848.433998405933;6848.433998405933;6848.433998405933;20848.893011145992;1;0;0;0;0;1.0
713894;1;1;0.9370645320797382;0.5162450622779953;0;0;2004.537982404232;2004.537982404232;2004.537982404232;0.0;0;0;0;0;0;1.0
714489;1;1;231.78117965401046;0.004295879939633992;1;0;2342.4879857958294;2342.4879857958294;2342.4879857958294;4307.201887249248;1;0;0;0;0;1.0
714588;1;1;131.30131648654103;0.007558503774236666;1;0;4006.7040006779134;4006.7040006779134;4006.7040006779134;4153.782953299582;1;0;0;0;0;1.0
714621;1;1;7.563214598267394;0.11677857520963346;1;0;5376.587015986443;5376.587015986443;5376.587015986443;1976.5259838240454;1;0;0;0;0;1.0
714976;2;2;5.350746076798868;0.15746181439268883;1;0;9956.789979338646;2739.4689799547195;12696.258959293365;5062.67698282795;1;1;0;1;0;0.7842302217733601
715586;1;1;1.343919113120208;0.4266358827838591;0;0;7341.677003860474;7341.677003860474;7341.677003860474;0.0;0;0;0;0;0;1.0
716143;1;1;1.4820672720311776;0.40288996646801556;0;0;6933.824989080429;6933.824989080429;6933.824989080429;8787.29000329459;0;0;0;0;0;1.0
716671;1;1;13.432671996140458;0.06928723941536377;1;0;32927.97898411751;32927.97898411751;32927.97898411751;18878.45584695658;1;0;0;0;0;1.0
716735;1;1;19.93788137069365;0.047760324088934845;1;0;13592.846017304808;13592.846017304808;13592.846017304808;13570.92692157079;1;0;0;0;0;1.0
716968;1;1;2.3445609263035325;0.2989929087957197;0;0;3603.7140197753906;3603.7140197753906;3603.7140197753906;2515.8429805114865;0;0;0;0;0;1.0
717438;1;1;25.61558115409744;0.03757197688865986;1;0;9933.316011607647;9933.316011607647;9933.316011607647;20726.725979498704;1;0;0;0;0;1.0
717797;1;1;26.791164751490292;0.03598265883931242;1;0;7119.4779855189845;7119.4779855189845;7119.4779855189845;7185.0579495447455;1;0;0;0;0;1.0
717974;1;1;13.330493693724515;0.06978126653360947;1;0;20616.103035651147;20616.103035651147;20616.103035651147;12801.438728888286;1;0;0;0;0;1.0
718040;1;1;;1.0;0;0;52.50999915599823;52.50999915599823;52.50999915599823;1868.5240025520325;0;0;0;0;0;1.0
718645;1;1;14.476712315898403;0.06461320593087158;1;0;9023.507011711597;9023.507011711597;9023.507011711597;17607.638964700163;1;0;0;0;0;1.0
718990;1;1;25.506924942488112;0.03772599055415492;1;0;9303.078028352931;9303.078028352931;9303.078028352931;10594.221913721063;1;0;0;0;0;1.0
719301;1;1;31.23579989515561;0.031021411078751605;1;0;5104.632008694112;5104.632008694112;5104.632008694112;22686.366828665603;1;0;0;0;0;1.0
719912;1;1;299.79266066083625;0.0033245492021082477;1;0;5458.04002841562;5458.04002841562;5458.04002841562;11814.083803509828;1;0;0;0;0;1.0
720022;1;1;30.276075124223805;0.031973321333580135;1;0;6476.395011454821;6476.395011454821;6476.395011454821;25677.934350375668;1;0;0;0;0;1.0
720199;1;1;3.847757871800882;0.2062809295441384;0;0;2165.421981945634;2165.421981945634;2165.421981945634;0.0;0;0;0;0;0;1.0
720260;1;1;;1.0;0;0;1153.2089956998825;1153.2089956998825;1153.2089956998825;2461.821998357773;0;0;0;0;0;1.0
720480;1;1;;1.0;0;0;250.41700160503387;250.41700160503387;250.41700160503387;3203.7949919700623;0;0;0;0;0;1.0
720808;1;1;6.347822191515658;0.13609474670667376;1;0;4982.00999045372;4982.00999045372;4982.00999045372;9362.00799752376;1;0;0;0;0;1.0
720967;2;2;25.171870884676103;0.038208961231942735;1;0;8278.806964049116;5835.6529841423035;14114.45994819142;29923.36851836217;1;1;0;1;0;0.5865479086296841
721906;1;1;1.0264618993763701;0.49347091120131253;0;0;12238.687009096146;12238.687009096146;12238.687009096146;0.0;0;0;0;0;0;1.0
722764;1;1;13.219134533631511;0.07032776837681441;1;0;6619.339016348124;6619.339016348124;6619.339016348124;5257.477996519301;1;0;0;0;0;1.0
722853;1;1;4.103058498590232;0.19596091251477116;1;0;6544.944936484098;6544.944936484098;6544.944936484098;3956.55090605421;1;0;0;0;0;1.0
722929;1;1;7.749054179620694;0.11429806919350383;1;0;24527.63193295896;24527.63193295896;24527.63193295896;15803.559109238093;1;0;0;0;0;1.0
722955;1;1;37.69609500629814;0.025842400889217403;1;0;1499.8430042266846;1499.8430042266846;1499.8430042266846;8258.611874633352;1;0;0;0;0;1.0
723437;1;1;44.07210736759634;0.02218667061303039;1;0;18690.20701981336;18690.20701981336;18690.20701981336;31522.571375685744;1;0;0;0;0;1.0
723468;1;1;4.0520031060091375;0.19794128764698177;1;0;15352.238990664482;15352.238990664482;15352.238990664482;14646.652028553886;1;0;0;0;0;1.0
723701;1;1;93.10719821338249;0.010626179707662312;1;0;5997.659979045391;5997.659979045391;5997.659979045391;21192.069342879928;1;0;0;0;0;1.0
723937;1;1;16.97713364625793;0.05562622049083766;1;0;29459.575504280627;29459.575504280627;29459.575504280627;25363.26978096133;1;0;0;0;0;1.0
723966;1;1;0.0;1.0;0;1;43.06000007688999;43.06000007688999;43.06000007688999;5505.784994602203;0;0;1;0;0;1.0
724118;1;1;1.131417395210173;0.4691713609203198;0;0;25915.86203622818;25915.86203622818;25915.86203622818;321.3590026162565;0;0;0;0;0;1.0
724334;1;1;6.819541203303666;0.1278847408051909;1;0;6304.664996743202;6304.664996743202;6304.664996743202;21796.24000446312;1;0;0;0;0;1.0
724881;1;1;9.63676467470026;0.0940135492870796;1;0;14731.136983305216;14731.136983305216;14731.136983305216;34787.259888078086;1;0;0;0;0;1.0
725159;1;1;1.054387716815863;0.48676303494937173;0;0;11693.41199016571;11693.41199016571;11693.41199016571;0.0;0;0;0;0;0;1.0
726547;1;1;5.69505818320188;0.14936389985512488;1;0;20712.302037239075;20712.302037239075;20712.302037239075;0.0;1;0;0;0;0;1.0
727027;1;1;7.089835380100895;0.12361190963907205;1;0;15051.487000197172;15051.487000197172;15051.487000197172;24511.182000262663;1;0;0;0;0;1.0
727135;1;1;0.0;1.0;0;0;1248.243020772934;1248.243020772934;1248.243020772934;5370.829994320869;0;0;0;0;0;1.0
727137;1;1;0.0;1.0;0;0;1052.7049989700317;1052.7049989700317;1052.7049989700317;5702.673052072525;0;0;0;0;0;1.0
727423;1;1;42.610601666123586;0.022930204165855228;1;0;2506.205985546112;2506.205985546112;2506.205985546112;5283.499976789113;1;0;0;0;0;1.0
727903;1;1;3.4761419062257906;0.22340667944622505;0;0;3253.826006293297;3253.826006293297;3253.826006293297;17033.79904628347;0;0;0;0;0;1.0
729113;1;1;6.322934853238288;0.13655727109982252;1;0;31252.019069604576;31252.019069604576;31252.019069604576;12712.12682042038;1;0;0;0;0;1.0
730631;1;1;7.93054763148361;0.11197521599623028;1;0;18271.597032546997;18271.597032546997;18271.597032546997;19519.97198349214;1;0;0;0;0;1.0
731486;1;1;4.287166856503766;0.1891372122614016;1;0;19510.017009973526;19510.017009973526;19510.017009973526;15433.655997310998;1;0;0;0;0;1.0
731568;1;1;2.73005751309855;0.2680923810124586;0;0;8771.621043600142;8771.621043600142;8771.621043600142;9872.95893632411;0;0;0;0;0;1.0
731681;1;1;46.013389673468055;0.02127053605250567;1;0;7084.391996085644;7084.391996085644;7084.391996085644;27961.37333175924;1;0;0;0;0;1.0
732971;1;1;18.933532273496425;0.050166723402535;1;0;3620.0229759905487;3620.0229759905487;3620.0229759905487;8936.212823661743;1;0;0;0;0;1.0
733114;1;1;1.4456612651667833;0.4088873689267039;0;0;11373.925014019012;11373.925014019012;11373.925014019012;16263.473970848601;0;0;0;0;0;1.0
734306;2;2;1.4063879250046223;0.4155605958661379;0;0;5249.963940441608;262.983002692461;5512.946943134069;1876.3690066337585;0;0;0;1;0;0.9522972004981863
734481;1;1;39.15557188178296;0.024903144274572308;1;0;24343.720949605107;24343.720949605107;24343.720949605107;19793.595784997684;1;0;0;0;0;1.0
734540;1;1;;1.0;0;0;7248.640021800995;7248.640021800995;7248.640021800995;4239.448167800903;0;0;0;0;0;1.0
734850;1;1;;1.0;0;0;1155.9960132539272;1155.9960132539272;1155.9960132539272;2306.75595103018;0;0;0;0;0;1.0
735579;1;1;10.843661029953639;0.08443335193998831;1;0;1973.6719831638038;1973.6719831638038;1973.6719831638038;12735.17662481335;1;0;0;0;0;1.0
735831;1;1;0.0;1.0;0;0;475.194995097816;475.194995097816;475.194995097816;3850.838850043714;0;0;0;0;0;1.0
736207;1;1;46.4938486507182;0.021055358291854877;1;0;21998.63763717562;21998.63763717562;21998.63763717562;26137.90264686197;1;0;0;0;0;1.0
736402;17;17;1.6352413141551514;0.37947188920745817;0;1;3677.4680213928223;1.1030000373721125;17704.857017330825;1635.8480027217884;0;0;1;1;1;0.20770955776672154
737347;1;1;3.4234472343859053;0.22606802952829325;0;0;18295.00898885727;18295.00898885727;18295.00898885727;0.0;0;0;0;0;0;1.0
738516;1;1;4.46173913169522;0.18309186431055688;1;0;23163.861969560385;23163.861969560385;23163.861969560385;3615.442003011587;1;0;0;0;0;1.0
738591;1;1;11.957549514558606;0.07717508614390695;1;0;15207.705012619495;15207.705012619495;15207.705012619495;27959.44090165489;1;0;0;0;0;1.0
738793;1;1;;1.0;0;0;177.23200023174286;177.23200023174286;177.23200023174286;2678.850993156433;0;0;0;0;0;1.0
739178;1;1;1.3481744662942354;0.4258627347984697;0;0;12888.458983421326;12888.458983421326;12888.458983421326;0.0;0;0;0;0;0;1.0
739616;1;1;24.439049296122697;0.03930964511918358;1;0;10163.36504071951;10163.36504071951;10163.36504071951;8843.25297467236;1;0;0;0;0;1.0
740230;1;1;11.855604942191865;0.07778708232687036;1;0;32592.800928235054;32592.800928235054;32592.800928235054;15946.63473286177;1;0;0;0;0;1.0
740351;1;1;118.84949278372416;0.008343798348855444;1;0;2961.655032914132;2961.655032914132;2961.655032914132;4931.463904701988;1;0;0;0;0;1.0
740532;1;1;7.200978233614906;0.12193667285947794;1;0;30645.73408126831;30645.73408126831;30645.73408126831;36522.37198072509;1;0;0;0;0;1.0
740863;1;1;8.512425812700918;0.10512565560982433;1;0;15945.009986549616;15945.009986549616;15945.009986549616;43960.41906714358;1;0;0;0;0;1.0
741214;1;1;;1.0;0;1;28.800000354647636;28.800000354647636;28.800000354647636;8231.123130097985;0;0;1;0;0;1.0
741254;1;1;59.21492169542979;0.0166071792812096;1;0;4054.360022045672;4054.360022045672;4054.360022045672;2942.8299676094903;1;0;0;0;0;1.0
741910;1;1;24.54543059976598;0.03914594416776678;1;0;7288.9349711462855;7288.9349711462855;7288.9349711462855;14282.442099555512;1;0;0;0;0;1.0
742207;2;2;5.114887166313252;0.16353531517457476;1;0;37194.90486371517;2798.939999256283;39993.844862971455;25437.78896221798;1;1;0;1;0;0.9300157309494467
742993;1;1;5.422633346084465;0.15569937533638695;1;0;9021.784957826138;9021.784957826138;9021.784957826138;0.0;1;0;0;0;0;1.0
743047;1;1;4.637256858111787;0.17739124279232374;1;0;1301.924988552928;1301.924988552928;1301.924988552928;27136.714244823437;1;0;0;0;0;1.0
743335;1;1;7.104112072075929;0.12339414745332399;1;0;2556.5929662082344;2556.5929662082344;2556.5929662082344;1809.1789980798494;1;0;0;0;0;1.0
744851;2;2;16.686922784007052;0.05653894757228343;1;1;5005.669986654073;2.659000062849372;5008.328986716922;6879.810937780188;1;1;1;1;0;0.9994690843852507
744897;1;1;2.117083025601934;0.32081275724341407;0;0;50446.98998427391;50446.98998427391;50446.98998427391;0.0;0;0;0;0;0;1.0
745415;1;1;75.2202611804778;0.013119871075122067;1;0;9799.719014078146;9799.719014078146;9799.719014078146;19212.051639603218;1;0;0;0;0;1.0
745424;1;1;6.856745770828347;0.127279159739767;1;0;14136.98095304519;14136.98095304519;14136.98095304519;10640.70480919315;1;0;0;0;0;1.0
745464;1;1;1.3366988954583516;0.4279541544456658;0;0;3064.9099989831448;3064.9099989831448;3064.9099989831448;0.0;0;0;0;0;0;1.0
745959;1;1;22.07606798596417;0.04333493906363259;1;0;13409.173084400594;13409.173084400594;13409.173084400594;30418.497965795686;1;0;0;0;0;1.0
745999;1;1;15.659326434525866;0.060026436478700325;1;0;28101.071984142065;28101.071984142065;28101.071984142065;28271.29299113422;1;0;0;0;0;1.0
746421;1;1;27.51773794995642;0.03506589483902345;1;0;14210.642019808292;14210.642019808292;14210.642019808292;14156.04396573035;1;0;0;0;0;1.0
746764;1;1;16.26581435395646;0.05791791684420898;1;0;19540.142063766718;19540.142063766718;19540.142063766718;16281.093985158834;1;0;0;0;0;1.0
747439;1;1;64.7766727161761;0.015202958111228324;1;0;6762.616960525513;6762.616960525513;6762.616960525513;9566.169067094103;1;0;0;0;0;1.0
748404;1;1;;1.0;0;0;551.444001397118;551.444001397118;551.444001397118;3883.9109754785895;0;0;0;0;0;1.0
748606;1;1;;1.0;0;0;56.576001048088074;56.576001048088074;56.576001048088074;2884.2889916971326;0;0;0;0;0;1.0
748977;1;1;1.351659574180594;0.4252316155702245;0;0;10715.255002498627;10715.255002498627;10715.255002498627;0.0;0;0;0;0;0;1.0
749578;1;1;1.2390358167475242;0.4466208144238725;0;0;20944.339030265808;20944.339030265808;20944.339030265808;0.0;0;0;0;0;0;1.0
750388;1;1;184.85078729127105;0.005380660553418961;1;0;884.2419805433601;884.2419805433601;884.2419805433601;9084.098980951589;1;0;0;0;0;1.0
750496;1;1;;1.0;0;1;13.087000198662281;13.087000198662281;13.087000198662281;3645.2440223693848;0;0;1;0;0;1.0
751215;1;1;10.126680448231909;0.08987406483475541;1;0;5540.206982657313;5540.206982657313;5540.206982657313;10143.14291846077;1;0;0;0;0;1.0
751403;2;2;9.765053098705852;0.09289317858731393;1;0;40720.44705414772;524.0239765942097;41244.47103074193;193734.9439322031;1;1;0;1;0;0.9872946854815128
751454;1;1;19.260490351017356;0.04935714697298953;1;0;18204.103971980512;18204.103971980512;18204.103971980512;15799.971635344322;1;0;0;0;0;1.0
751780;1;1;134.7139651970266;0.007368438454717771;1;0;3516.2270013149828;3516.2270013149828;3516.2270013149828;2939.86596553633;1;0;0;0;0;1.0
751926;1;1;3.6518726542406896;0.21496719156496916;0;0;6263.170005984604;6263.170005984604;6263.170005984604;14656.528843516484;0;0;0;0;0;1.0
752093;1;1;13.57052707681601;0.06863169703662654;1;0;2015.7579745054245;2015.7579745054245;2015.7579745054245;15004.260961593827;1;0;0;0;0;1.0
757719;1;1;0.0;1.0;0;0;989.0179902613163;989.0179902613163;989.0179902613163;6277.415087752044;0;0;0;0;0;1.0
759548;1;1;31.410405451931982;0.030854288493339106;1;0;32093.01680263318;32093.01680263318;32093.01680263318;16312.121589907794;1;0;0;0;0;1.0
764446;1;1;10.271174756980912;0.0887218964802795;1;0;11057.779003597796;11057.779003597796;11057.779003597796;8651.91980817297;1;0;0;0;0;1.0
770736;1;1;26.071244754654476;0.03693956480623469;1;0;7820.976999711245;7820.976999711245;7820.976999711245;16989.637937065214;1;0;0;0;0;1.0
776146;1;1;3.00325715096236;0.2497965936961121;0;0;26134.946020126343;26134.946020126343;26134.946020126343;0.0;0;0;0;0;0;1.0
778612;1;1;13.40763399100698;0.06940764879397855;1;0;982.0179890394211;982.0179890394211;982.0179890394211;25494.348962557502;1;0;0;0;0;1.0
785007;1;1;11.69843602502595;0.07874985533881575;1;0;13514.883969433606;13514.883969433606;13514.883969433606;3648.6330428919755;1;0;0;0;0;1.0
785360;1;1;6.066569682870079;0.14151137608167633;1;0;13255.320017188787;13255.320017188787;13255.320017188787;11759.783984634327;1;0;0;0;0;1.0
785531;1;1;2.868513510327615;0.258497223114341;0;0;9741.430975675583;9741.430975675583;9741.430975675583;0.0;0;0;0;0;0;1.0
785596;1;1;20.252107574743686;0.047054156698717944;1;0;5710.03502035141;5710.03502035141;5710.03502035141;17946.41902621044;1;0;0;0;0;1.0
785642;1;1;6.125420069644983;0.1403426029940469;1;0;8540.210972301662;8540.210972301662;8540.210972301662;14798.213993503014;1;0;0;0;0;1.0
790904;1;1;18.994582467574492;0.050013547500765004;1;0;16312.310905717313;16312.310905717313;16312.310905717313;17451.195941552985;1;0;0;0;0;1.0
805535;1;1;4.010912014301666;0.19956446993000387;1;0;6130.393006190658;6130.393006190658;6130.393006190658;3364.867965026875;1;0;0;0;0;1.0
805537;1;1;34.70723187874741;0.028005531299534595;1;0;4470.8850093483925;4470.8850093483925;4470.8850093483925;2995.5649699197384;1;0;0;0;0;1.0
806207;1;1;78.21590485816222;0.012623727542979172;1;0;9146.86791343987;9146.86791343987;9146.86791343987;15435.879662903491;1;0;0;0;0;1.0
809909;1;1;5.12046887603505;0.1633861751859472;1;0;18684.292026519775;18684.292026519775;18684.292026519775;30204.22492492944;1;0;0;0;0;1.0
811757;1;1;26.604111456201476;0.03622648755011248;1;0;13966.664072275162;13966.664072275162;13966.664072275162;15589.55599179864;1;0;0;0;0;1.0
812506;1;1;3.985386336377073;0.20058626002628102;0;0;22733.280973374844;22733.280973374844;22733.280973374844;21771.18217777158;0;0;0;0;0;1.0
812691;1;1;8.076215761284129;0.11017807710848394;1;0;11084.175010204315;11084.175010204315;11084.175010204315;5630.173009490827;1;0;0;0;0;1.0
813191;1;1;0.0;1.0;0;0;330.85399981588125;330.85399981588125;330.85399981588125;5371.024796307087;0;0;0;0;0;1.0
821251;1;1;3.8138549738740655;0.20773371973755703;0;0;8941.417003750801;8941.417003750801;8941.417003750801;10180.133987504174;0;0;0;0;0;1.0
821253;1;1;15.718929329809901;0.05981244254780102;1;0;7872.249996367842;7872.249996367842;7872.249996367842;6350.6829341360135;1;0;0;0;0;1.0
821258;1;1;14.988406076589698;0.06254532160427204;1;0;7877.066956907511;7877.066956907511;7877.066956907511;5240.790991404327;1;0;0;0;0;1.0
821264;1;1;5.6270255289442535;0.15089726086498254;1;0;4622.760010719299;4622.760010719299;4622.760010719299;7476.245011225226;1;0;0;0;0;1.0
821268;1;1;2.600821245847312;0.2777144244950402;0;0;12300.110991239548;12300.110991239548;12300.110991239548;6025.103007314145;0;0;0;0;0;1.0
821784;1;1;1.7113709440668583;0.3688171115753247;0;0;16364.606045633554;16364.606045633554;16364.606045633554;13229.116933205747;0;0;0;0;0;1.0
829143;2;2;6.542897767346802;0.13257504355010605;1;0;26941.202918291092;7275.991025626659;34217.19394391775;0.0;1;1;0;1;0;0.7873586291864825
847175;1;1;18.167243928132923;0.052172341717435934;1;0;38655.62509417534;38655.62509417534;38655.62509417534;55230.64696790266;1;0;0;0;0;1.0
851473;1;1;4.676794545872219;0.17615574985484236;1;0;29307.206001758575;29307.206001758575;29307.206001758575;28256.605955354404;1;0;0;0;0;1.0
859760;2;2;1.8771009970798098;0.3475720876726179;0;0;24345.832043275237;0.0;24345.832043275237;138.71600187150761;0;0;0;1;0;1.0
863162;2;2;13.820037628923622;0.06747621193945848;1;0;7435.807976663113;1038.4339987635612;8474.241975426674;12857.407057570992;1;1;0;1;0;0.8774599543210144
865899;1;1;22.727770194847388;0.042144710260939536;1;0;9987.76406320557;9987.76406320557;9987.76406320557;13271.03772299795;1;0;0;0;0;1.0
866821;2;2;8.746735385084625;0.10259845584094696;1;1;3069.128024816513;37.187000162899494;3106.3150249794126;8473.405095368624;1;1;1;1;0;0.9880285805322833
867344;1;1;;1.0;0;0;6588.706001281738;6588.706001281738;6588.706001281738;0.0;0;0;0;0;0;1.0
867869;1;1;3.7616258760739676;0.21001229958547588;0;0;23414.96900574118;23414.96900574118;23414.96900574118;12511.864697993966;0;0;0;0;0;1.0
868792;1;1;8.78078680955928;0.10224126335343976;1;0;14627.196934537962;14627.196934537962;14627.196934537962;26422.105920812348;1;0;0;0;0;1.0
870640;1;1;25.41538454492328;0.03785672695013588;1;0;4955.302970513701;4955.302970513701;4955.302970513701;18602.729167472455;1;0;0;0;0;1.0
872270;3;3;4.627404839411477;0.17770180545684391;3;0;64308.675064086914;32536.95087337494;160144.5679244995;18332.643993533566;1;0;0;1;0;0.4015663840337399
874661;1;1;7.9861847338106005;0.11128193216833068;1;0;21391.806926250458;21391.806926250458;21391.806926250458;16019.923920975532;1;0;0;0;0;1.0
878287;1;1;18.56288268495097;0.05111721089904937;1;0;8341.83903875202;8341.83903875202;8341.83903875202;6372.525887991302;1;0;0;0;0;1.0
878846;1;1;7.576476366501274;0.11659800100492138;1;0;15436.84802031517;15436.84802031517;15436.84802031517;22790.01797746215;1;0;0;0;0;1.0
881402;2;2;4.646032844459;0.17711551235154377;1;0;19240.39400291443;571.3829929605126;19811.77699587494;0.0;1;1;0;1;0;0.9711594273911178
884000;1;1;9.15632203321866;0.09846084012787926;1;0;8672.78801141493;8672.78801141493;8672.78801141493;6005.125923830317;1;0;0;0;0;1.0
885322;1;1;5.6868984703807515;0.1495461617115087;1;0;6563.585014790297;6563.585014790297;6563.585014790297;6190.954967819154;1;0;0;0;0;1.0
885769;1;1;65.18574437657767;0.015108993778332238;1;0;1911.2260007932782;1911.2260007932782;1911.2260007932782;5784.577995151281;1;0;0;0;0;1.0
890111;1;1;;1.0;0;0;58.558999829925604;58.558999829925604;58.558999829925604;6974.690104603767;0;0;0;0;0;1.0
891106;1;1;49.984146584060895;0.019613940155911693;1;0;901.6679946556687;901.6679946556687;901.6679946556687;7604.583954917151;1;0;0;0;0;1.0
893520;1;1;84.80933607594652;0.011653743587002453;1;0;2708.383991440758;2708.383991440758;2708.383991440758;5953.3748298846185;1;0;0;0;0;1.0
896125;1;1;2.0927656941747714;0.32333519538305194;0;0;21677.017012119293;21677.017012119293;21677.017012119293;0.0;0;0;0;0;0;1.0
896592;1;1;36.76924754281433;0.026476566652974057;1;0;5515.614019498229;5515.614019498229;5515.614019498229;11692.609017405659;1;0;0;0;0;1.0
897353;1;1;6.2537559209459905;0.13785961519774795;1;0;11614.345985017717;11614.345985017717;11614.345985017717;12084.74376939144;1;0;0;0;0;1.0
897928;1;1;4.116329770957131;0.19545260856258806;1;0;32601.315030813217;32601.315030813217;32601.315030813217;0.0;1;0;0;0;0;1.0
898693;1;1;3.075662211110958;0.2453589007631269;0;0;28077.85505104065;28077.85505104065;28077.85505104065;19391.95198028232;0;0;0;0;0;1.0
903068;1;1;16.059313612686466;0.05861900558861477;1;0;7187.162050306797;7187.162050306797;7187.162050306797;11416.648950219736;1;0;0;0;0;1.0
906291;1;1;2.722491062233262;0.2686373139066887;0;0;15949.293976306915;15949.293976306915;15949.293976306915;0.0;0;0;0;0;0;1.0
906991;1;1;2.2740444291868274;0.30543262977294705;0;0;41577.694027900696;41577.694027900696;41577.694027900696;0.0;0;0;0;0;0;1.0
909265;1;1;1.8387573569260258;0.3522668105324997;0;0;13477.230974435806;13477.230974435806;13477.230974435806;0.0;0;0;0;0;0;1.0
