sample_id;group_id;gp_nr;plz;sample_type;window_anchored_to_install;n_days;first_day;last_day;has_PV;has_Waermepumpe;has_Batterie;has_EV;has_WP_Boiler;einsp_mean_kwh_d;einsp_max_kwh_d;frac_days_feedin;he00;he01;he02;he03;he04;he05;he06;he07;he08;he09;he10;he11;he12;he13;he14;he15;he16;he17;he18;he19;he20;he21;he22;he23;n_production_only_meters;has_production_only_meter
104479_current;104479;104479;8962;cross_sectional;1;363;2025-08-01;2026-07-31;1;0;1;0;0;14.889;58.974;0.5427;0.0047;0.0044;0.0041;0.0039;0.0039;0.0041;0.0063;0.0083;0.0132;0.3343;1.2798;2.0684;2.4551;2.566;2.3112;1.8446;1.2041;0.6004;0.1319;0.014;0.0075;0.007;0.0062;0.0053;0;0
104987_current;104987;104987;4322;cross_sectional;1;365;2025-08-01;2026-07-31;1;0;1;0;0;21.619;76.182;0.5918;0.004;0.0038;0.0037;0.0036;0.004;0.003;0.0059;0.0132;0.0644;0.6044;1.7762;2.7909;3.2931;3.5242;3.3707;2.7954;1.8482;1.0571;0.3829;0.038;0.0152;0.0073;0.005;0.0043;0;0
106914_current;106914;106914;5608;cross_sectional;1;363;2025-08-01;2026-07-31;1;0;1;0;0;18.562;67.899;0.6033;0.004;0.0037;0.0034;0.0031;0.0032;0.0032;0.0043;0.006;0.0509;0.3978;1.1527;2.0837;2.9014;3.1761;3.063;2.5047;1.7996;0.9227;0.4003;0.0569;0.0067;0.0052;0.0046;0.0041;0;0
107868_current;107868;107868;5322;cross_sectional;1;107;2026-04-16;2026-07-31;1;0;1;0;0;0.0;0.0;0.0;0.0;0.0;0.0;0.0;0.0;0.0;0.0;0.0;0.0;0.0;0.0;0.0;0.0;0.0;0.0;0.0;0.0;0.0;0.0;0.0;0.0;0.0;0.0;0.0;0;0
108398_current;108398;108398;5332;cross_sectional;1;365;2025-08-01;2026-07-31;1;0;0;0;0;8.707;37.131;0.6959;0.038;0.0412;0.0416;0.0433;0.0432;0.0445;0.0447;0.0613;0.2594;0.4956;0.7974;0.9763;1.1484;1.2312;1.0894;0.85;0.6207;0.4338;0.2469;0.0603;0.041;0.0348;0.0314;0.0327;0;0
108801_current;108801;108801;5322;cross_sectional;1;72;2026-05-21;2026-07-31;1;1;1;0;0;39.353;60.434;0.9861;0.0031;0.0029;0.0031;0.0029;0.0052;0.0188;0.017;0.0076;0.0062;0.038;1.6007;5.2259;6.1754;6.199;5.7933;4.9663;4.2846;3.0281;1.5922;0.3692;0.0036;0.0034;0.0032;0.0029;1;1
108808_current;108808;108808;5322;cross_sectional;0;59;2026-06-03;2026-07-31;1;0;1;0;0;57.474;76.823;1.0;0.0109;0.0113;0.0116;0.0116;0.0121;0.0177;0.024;0.1839;2.6527;5.6259;6.8867;7.3735;7.2814;7.1344;6.8435;5.9969;4.1854;1.9663;0.9914;0.2022;0.0142;0.013;0.012;0.0118;1;1
109103_current;109103;109103;5322;cross_sectional;0;92;2026-05-01;2026-07-31;0;1;0;0;0;0.0;0.0;0.0;0.0;0.0;0.0;0.0;0.0;0.0;0.0;0.0;0.0;0.0;0.0;0.0;0.0;0.0;0.0;0.0;0.0;0.0;0.0;0.0;0.0;0.0;0.0;0.0;0;0
109520_current;109520;109520;4313;cross_sectional;0;288;2025-10-17;2026-07-31;0;0;0;0;0;0.0;0.0;0.0;0.0;0.0;0.0;0.0;0.0;0.0;0.0;0.0;0.0;0.0;0.0;0.0;0.0;0.0;0.0;0.0;0.0;0.0;0.0;0.0;0.0;0.0;0.0;0.0;0;0
112352_current;112352;112352;5105;cross_sectional;0;365;2025-08-01;2026-07-31;1;0;1;1;0;20.419;79.104;0.6137;0.0014;0.0013;0.0012;0.0012;0.001;0.006;0.2329;0.7555;1.0718;1.586;2.0331;2.3855;2.4823;2.2195;2.4948;2.1835;1.6321;0.9857;0.3185;0.0141;0.0035;0.0033;0.0025;0.0018;0;0
113592_current;113592;113592;5106;cross_sectional;1;365;2025-08-01;2026-07-31;1;0;1;1;0;52.835;152.753;0.8247;0.0129;0.0111;0.0096;0.0079;0.0075;0.0211;0.0868;0.7403;1.754;3.3889;5.1765;6.4976;7.4366;7.6712;6.8808;5.5239;3.798;2.3577;1.2075;0.1593;0.0286;0.0223;0.019;0.0154;0;0
115673_current;115673;115673;4317;cross_sectional;0;361;2025-08-01;2026-07-31;0;1;0;0;0;9.296;21.536;0.8532;0.0;0.0;0.0;0.0;0.0;0.0;0.0022;0.0151;0.0451;0.1329;0.4441;0.8442;1.1889;1.4345;1.5578;1.4157;1.0683;0.7517;0.3575;0.0368;0.0008;0.0;0.0;0.0;1;1
117726_current;117726;117726;4310;cross_sectional;0;365;2025-08-01;2026-07-31;1;0;1;0;0;20.12;60.753;0.874;0.0345;0.031;0.0241;0.0212;0.0168;0.0199;0.1035;0.298;0.568;1.1042;1.9743;2.6705;3.1248;3.0715;2.6494;1.9856;1.269;0.6869;0.2906;0.0654;0.029;0.0249;0.0231;0.0337;0;0
118160_current;118160;118160;5607;cross_sectional;0;143;2026-03-11;2026-07-31;1;0;1;0;0;37.584;65.741;0.9441;0.5537;0.5002;0.4253;0.3929;0.3549;0.2885;0.0918;0.2247;0.7493;0.9066;0.8471;1.5661;4.1772;5.4409;5.1823;4.8691;3.8724;2.6957;1.4219;0.6575;0.615;0.5892;0.5909;0.5706;0;0
118168_current;118168;118168;5607;cross_sectional;1;331;2025-09-02;2026-07-31;1;0;1;1;0;24.043;100.217;0.568;0.006;0.0051;0.005;0.0041;0.0042;0.0109;0.0287;0.2052;0.9831;1.7959;2.5826;2.7204;3.3658;3.4817;3.0979;2.3031;1.6631;1.1575;0.4972;0.0849;0.012;0.01;0.0098;0.0088;0;0
118180_current;118180;118180;5607;cross_sectional;1;363;2025-08-01;2026-07-31;1;1;1;1;0;45.302;143.311;0.7273;0.0031;0.0029;0.0026;0.0023;0.0021;0.0025;0.0076;0.6416;1.8752;3.4639;4.8973;5.7748;6.2024;5.9926;5.3082;4.527;3.329;2.1105;0.946;0.194;0.0053;0.0043;0.0037;0.0032;0;0
118265_current;118265;118265;5607;cross_sectional;1;363;2025-08-01;2026-07-31;1;0;1;0;0;19.376;64.365;0.6997;0.0039;0.004;0.0027;0.0011;0.0005;0.0005;0.0188;0.0443;0.1736;0.9801;1.6176;2.5847;3.192;3.349;2.8954;2.1829;1.3807;0.6414;0.2022;0.0404;0.0257;0.0153;0.0115;0.0075;0;0
118609_current;118609;118609;5607;cross_sectional;1;335;2025-08-29;2026-07-31;1;0;1;0;0;15.639;67.893;0.4657;0.0029;0.004;0.0028;0.0024;0.0023;0.0021;0.0033;0.0125;0.0483;0.5934;1.2419;1.7891;2.2036;2.4614;2.3731;1.9767;1.4772;0.946;0.4145;0.0679;0.0043;0.0034;0.003;0.003;0;0
118639_current;118639;118639;5607;cross_sectional;1;343;2025-08-21;2026-07-31;1;0;1;1;0;52.774;172.131;0.7755;0.0021;0.002;0.0014;0.0014;0.0013;0.0015;0.0069;0.5077;2.3336;3.9258;5.3957;6.4334;7.3174;7.6577;6.8445;5.5116;3.6449;2.0468;0.9103;0.2155;0.0051;0.0026;0.0026;0.0021;0;0
120135_current;120135;120135;4313;cross_sectional;1;284;2025-10-21;2026-07-31;1;0;1;1;0;14.323;57.966;0.5704;0.005;0.0047;0.0044;0.0038;0.0034;0.0047;0.0055;0.043;0.4578;0.4917;1.057;1.5927;2.1751;2.298;1.9903;1.6351;1.1567;0.7898;0.4069;0.1567;0.0201;0.0084;0.0067;0.0055;0;0
120137_current;120137;120137;4313;cross_sectional;1;284;2025-10-21;2026-07-31;1;0;1;1;0;14.299;67.596;0.7007;0.0097;0.0088;0.0078;0.0076;0.0076;0.0168;0.0295;0.0417;0.1744;0.617;0.9527;1.4862;1.9752;2.2005;2.2087;1.9408;1.384;0.7907;0.3194;0.0611;0.0205;0.0151;0.0127;0.0105;0;0
122506_current;122506;122506;5622;cross_sectional;0;364;2025-08-01;2026-07-31;1;0;1;0;0;9.009;41.558;0.5522;0.0014;0.0014;0.0012;0.0011;0.0012;0.0017;0.0127;0.0625;0.1673;0.3798;0.6377;1.0663;1.3463;1.3517;1.3491;1.1886;0.803;0.4278;0.1666;0.0304;0.0043;0.0032;0.0023;0.0016;0;0
123159_current;123159;123159;4310;cross_sectional;1;365;2025-08-01;2026-07-31;1;1;1;0;0;7.369;26.692;0.5753;0.0001;0.0001;0.0001;0.0001;0.0002;0.0002;0.0009;0.0093;0.0304;0.1351;0.6569;1.1411;1.4005;1.4321;1.1726;0.8658;0.4102;0.0928;0.0089;0.0048;0.0031;0.0024;0.0008;0.0004;0;0
126001_current;126001;126001;4312;cross_sectional;0;134;2026-03-20;2026-07-31;1;0;1;0;0;40.603;65.907;0.9776;0.0095;0.0087;0.0078;0.0085;0.0135;0.0135;0.0132;0.0896;0.7709;2.2853;3.9815;5.0403;5.589;5.6429;5.2642;4.452;3.2865;2.3243;1.3439;0.4157;0.0121;0.01;0.0103;0.0096;0;0
127293_current;127293;127293;4313;cross_sectional;1;364;2025-08-01;2026-07-31;1;0;1;0;0;27.622;80.402;0.739;0.0066;0.0074;0.0069;0.0066;0.0074;0.0316;0.1431;0.4659;1.1263;1.7347;2.5079;2.9363;3.5509;3.9246;3.7637;3.0304;2.0135;1.3023;0.7436;0.2638;0.0286;0.0077;0.0059;0.0065;0;0
127600_current;127600;127600;5235;cross_sectional;1;365;2025-08-01;2026-07-31;1;0;1;0;0;16.458;55.017;0.589;0.0028;0.0025;0.0023;0.0023;0.0022;0.0029;0.0039;0.0043;0.0808;0.7986;1.7699;2.3286;2.2875;2.5054;2.5544;2.0684;1.3472;0.5593;0.1024;0.0134;0.0059;0.0055;0.0044;0.0034;0;0
129225_current;129225;129225;5072;cross_sectional;1;365;2025-08-01;2026-07-31;1;1;1;0;0;14.875;47.001;0.6493;0.0001;0.0;0.0;0.0;0.0;0.0005;0.0048;0.0333;0.3507;1.008;1.4444;1.8053;2.2613;2.4242;2.1639;1.4817;1.1049;0.5722;0.2016;0.0154;0.001;0.0006;0.0004;0.0002;0;0
129447_current;129447;129447;5072;cross_sectional;1;365;2025-08-01;2026-07-31;1;0;1;0;0;20.204;67.705;0.6274;0.0;0.0;0.0;0.0;0.0;0.0001;0.0001;0.0204;0.152;0.6271;1.417;2.2267;2.7805;3.0608;3.1704;2.7483;2.0417;1.3046;0.5687;0.0854;0.0002;0.0;0.0;0.0;0;0
129462_current;129462;129462;5072;cross_sectional;0;355;2025-08-01;2026-07-31;1;0;1;1;0;4.812;38.295;0.338;0.0008;0.0004;0.0002;0.0001;0.0001;0.0002;0.0011;0.0059;0.0064;0.0095;0.0129;0.1251;0.6267;1.0385;1.0174;0.8053;0.6312;0.4396;0.0689;0.0076;0.0062;0.0048;0.0023;0.0013;0;0
130747_current;130747;130747;5622;cross_sectional;0;364;2025-08-01;2026-07-31;0;1;0;0;0;0.0;0.0;0.0;0.0;0.0;0.0;0.0;0.0;0.0;0.0;0.0;0.0;0.0;0.0;0.0;0.0;0.0;0.0;0.0;0.0;0.0;0.0;0.0;0.0;0.0;0.0;0.0;0;0
131436_current;131436;131436;4313;cross_sectional;1;338;2025-08-01;2026-07-31;1;0;1;0;0;5.532;25.436;0.3905;0.002;0.002;0.0017;0.0015;0.001;0.0009;0.001;0.0021;0.0104;0.0824;0.2351;0.6249;0.8825;0.9692;0.9105;0.7429;0.5413;0.3286;0.1501;0.0274;0.0054;0.0041;0.0029;0.0024;0;0
131858_current;131858;131858;5443;cross_sectional;1;156;2026-02-26;2026-07-31;1;0;1;0;0;0.0;0.0;0.0;0.0;0.0;0.0;0.0;0.0;0.0;0.0;0.0;0.0;0.0;0.0;0.0;0.0;0.0;0.0;0.0;0.0;0.0;0.0;0.0;0.0;0.0;0.0;0.0;0;0
132315_current;132315;132315;4312;cross_sectional;1;87;2026-04-18;2026-07-15;1;0;1;0;0;56.738;75.97;1.0;0.0;0.0;0.0;0.0;0.0;0.001;0.0907;0.8481;2.9031;4.3552;5.4647;5.8969;6.1377;6.0936;5.463;4.4939;3.3626;2.6103;2.0204;2.6489;3.0033;1.2561;0.0882;0.0;0;0
132812_current;132812;132812;5726;cross_sectional;0;364;2025-08-01;2026-07-31;1;1;1;1;0;1.389;75.289;0.0247;0.0006;0.0003;0.0004;0.0004;0.0004;0.0004;0.0016;0.003;0.0022;0.0465;0.1505;0.18;0.1979;0.1847;0.1452;0.1593;0.138;0.0986;0.058;0.0119;0.004;0.0019;0.0024;0.001;0;0
133692_current;133692;133692;5608;cross_sectional;1;365;2025-08-01;2026-07-31;1;0;1;0;0;13.451;44.918;0.7288;0.0307;0.0292;0.028;0.026;0.0198;0.0155;0.0194;0.0556;0.4082;1.1395;1.6304;1.7459;1.8909;1.9993;1.8867;1.4182;0.6737;0.1858;0.0607;0.0397;0.0402;0.0393;0.0359;0.0322;0;0
133710_current;133710;133710;5726;cross_sectional;1;149;2026-03-05;2026-07-31;1;0;1;0;0;30.946;69.539;0.8322;0.0031;0.002;0.0012;0.0009;0.001;0.0029;0.0042;0.0077;0.016;0.6153;2.6685;4.3261;5.1893;5.3998;4.549;3.671;2.3195;1.3453;0.6838;0.1105;0.009;0.0081;0.0067;0.0047;0;0
134065_current;134065;134065;5316;cross_sectional;1;365;2025-08-01;2026-07-31;1;0;1;1;0;9.871;38.358;0.5452;0.0008;0.0007;0.0006;0.0006;0.0007;0.0012;0.0014;0.002;0.0073;0.2207;0.8136;1.3384;1.6104;1.7417;1.5726;1.2291;0.7875;0.3842;0.1328;0.0188;0.0024;0.0015;0.0014;0.001;0;0
134586_current;134586;134586;5726;cross_sectional;1;365;2025-08-01;2026-07-31;1;1;1;0;0;19.336;51.151;0.7397;0.001;0.0004;0.0003;0.0002;0.0002;0.0017;0.0139;0.1132;0.4558;1.0198;1.8256;2.5936;2.8978;3.0657;2.7896;2.2507;1.4566;0.6821;0.1438;0.0142;0.0035;0.0035;0.0018;0.0009;0;0
135287_current;135287;135287;4333;cross_sectional;1;129;2026-03-25;2026-07-31;1;0;1;0;0;28.726;49.239;0.9612;0.0024;0.0022;0.0019;0.0016;0.0016;0.0038;0.0041;0.0165;0.1384;1.3807;3.27;3.6058;3.9836;4.2422;4.0609;3.4625;2.5669;1.4641;0.476;0.0279;0.0037;0.0033;0.0029;0.0026;0;0
135868_current;135868;135868;4313;cross_sectional;1;364;2025-08-01;2026-07-31;1;0;1;0;0;27.243;82.022;0.7308;0.0075;0.0075;0.0051;0.0041;0.0045;0.0069;0.0169;0.048;0.2776;1.09;2.0342;2.9426;3.7779;4.2715;4.2414;3.4437;2.4602;1.573;0.7982;0.1991;0.013;0.008;0.007;0.0056;0;0
136557_current;136557;136557;4325;cross_sectional;1;301;2025-10-04;2026-07-31;1;0;1;0;0;7.017;39.247;0.4053;0.0039;0.0044;0.0043;0.0039;0.0035;0.0027;0.0059;0.0081;0.0102;0.0133;0.0218;0.1275;0.4053;1.0321;1.5034;1.555;1.2406;0.8079;0.2344;0.0099;0.005;0.0047;0.0045;0.0044;0;0
137763_current;137763;137763;4313;cross_sectional;1;364;2025-08-01;2026-07-31;1;0;1;0;0;17.046;58.379;0.6758;0.001;0.0007;0.0007;0.0006;0.0007;0.0007;0.004;0.0223;0.1635;0.5146;1.8052;2.8561;3.236;3.0157;2.4912;1.7817;0.8197;0.2288;0.0798;0.0145;0.0036;0.0021;0.0015;0.0009;0;0
137898_current;137898;137898;4315;cross_sectional;1;59;2026-06-03;2026-07-31;1;0;0;1;0;28.654;48.655;1.0;0.0;0.0;0.0;0.0;0.0;0.0042;0.1481;1.4028;1.7695;1.9758;2.7304;3.4125;3.7521;3.6272;3.1574;2.3958;2.0371;1.4325;0.7559;0.0525;0.0001;0.0;0.0;0.0;0;0
142012_current;142012;142012;5074;cross_sectional;1;361;2025-08-01;2026-07-31;0;1;0;0;0;0.0;0.0;0.0;0.0;0.0;0.0;0.0;0.0;0.0;0.0;0.0;0.0;0.0;0.0;0.0;0.0;0.0;0.0;0.0;0.0;0.0;0.0;0.0;0.0;0.0;0.0;0.0;0;0
142682_current;142682;142682;4303;cross_sectional;1;362;2025-08-01;2026-07-31;1;0;1;0;0;19.022;64.736;0.674;0.0316;0.0337;0.0363;0.0359;0.0294;0.0217;0.0219;0.026;0.0461;0.4826;1.7078;2.6875;3.3056;3.4427;3.2606;2.3205;0.968;0.3312;0.0873;0.0236;0.0262;0.0315;0.0324;0.0325;0;0
143397_current;143397;143397;5620;cross_sectional;1;333;2025-08-01;2026-07-31;1;0;1;0;0;0.182;0.339;0.0;0.0008;0.0003;0.0001;0.0001;0.0019;0.0057;0.0086;0.0095;0.0109;0.0093;0.0099;0.0105;0.0112;0.0106;0.0102;0.0106;0.0131;0.0151;0.0134;0.0105;0.0089;0.0063;0.0034;0.0017;0;0
144863_current;144863;144863;5105;cross_sectional;1;365;2025-08-01;2026-07-31;1;0;1;0;0;27.064;79.284;0.7507;0.003;0.0025;0.002;0.0018;0.0016;0.0038;0.0326;0.2871;0.5236;1.6327;2.1702;3.3096;4.5523;4.6102;4.2631;3.2301;1.7597;0.5289;0.0969;0.0221;0.0117;0.0076;0.0064;0.0043;0;0
145326_current;145326;145326;5426;cross_sectional;1;365;2025-08-01;2026-07-31;1;0;0;1;0;22.937;63.088;0.9452;0.0;0.0;0.0;0.0;0.0;0.0263;0.227;0.4458;0.7289;1.4622;2.2839;2.7788;3.1198;3.337;3.136;2.4197;1.5377;0.8944;0.4529;0.0864;0.0004;0.0;0.0;0.0;0;0
146018_current;146018;146018;4324;cross_sectional;1;354;2025-08-11;2026-07-31;1;1;1;1;0;22.147;80.735;0.5593;0.0008;0.0004;0.0005;0.001;0.0009;0.0033;0.0123;0.0417;0.174;1.2969;2.5932;3.406;3.6518;3.5818;2.8552;1.9962;1.148;0.7761;0.4487;0.1402;0.0107;0.0034;0.0024;0.0012;0;0
146807_current;146807;146807;5106;cross_sectional;1;364;2025-08-01;2026-07-31;1;0;1;0;0;13.572;56.171;0.6538;0.0028;0.0024;0.0022;0.0015;0.0011;0.0026;0.0049;0.0407;0.1539;0.4171;0.585;1.4557;2.0071;2.259;2.1447;1.8748;1.3841;0.7624;0.3748;0.0736;0.0076;0.006;0.0044;0.0036;0;0
149164_current;149164;149164;5600;cross_sectional;1;363;2025-08-01;2026-07-31;1;1;1;0;0;22.611;83.056;0.5978;0.0052;0.005;0.005;0.0051;0.0051;0.0085;0.0113;0.0966;0.5461;1.4412;2.287;2.8528;3.2699;3.3324;2.9327;2.4971;1.763;0.9877;0.4998;0.0293;0.0095;0.0081;0.0066;0.0056;0;0
150401_current;150401;150401;4313;cross_sectional;1;364;2025-08-01;2026-07-31;1;0;1;0;0;19.871;68.2;0.6868;0.0008;0.0004;0.0002;0.0002;0.0002;0.0029;0.0162;0.0361;0.1532;0.7375;1.8833;2.6415;3.1257;3.1839;2.9376;2.3954;1.4931;0.8177;0.3556;0.0657;0.0072;0.0046;0.0088;0.0034;0;0
150951_current;150951;150951;5506;cross_sectional;1;365;2025-08-01;2026-07-31;1;0;0;0;0;16.537;49.798;0.8712;0.0;0.0;0.0;0.0;0.0;0.0099;0.1526;0.5241;0.717;1.2579;1.8671;2.1417;2.278;2.2888;2.0323;1.5731;0.9447;0.5219;0.1953;0.032;0.0002;0.0;0.0001;0.0002;0;0
150964_current;150964;150964;5107;cross_sectional;1;349;2025-08-01;2026-07-31;1;0;0;0;0;28.643;98.498;0.6189;0.0053;0.0052;0.005;0.0048;0.0046;0.0058;0.0061;0.0129;0.4194;1.6463;2.9813;3.931;4.4371;4.663;4.2105;3.2213;1.9634;0.8395;0.2277;0.029;0.0071;0.0058;0.0053;0.0053;0;0
151081_current;151081;151081;4310;cross_sectional;0;365;2025-08-01;2026-07-31;0;0;1;0;0;171.301;457.092;0.9973;0.0107;0.0074;0.0073;0.0075;0.0083;0.218;1.7529;6.1315;12.1743;18.2748;23.2032;23.8902;23.9901;21.7812;16.6825;10.9194;6.4527;3.7865;1.5123;0.4094;0.0422;0.0126;0.0141;0.0117;0;0
151970_current;151970;151970;5306;cross_sectional;1;365;2025-08-01;2026-07-31;1;0;1;0;0;8.47;47.737;0.537;0.0016;0.0014;0.0011;0.001;0.001;0.0011;0.0013;0.0025;0.0767;0.3103;0.7386;0.958;1.2565;1.3643;1.309;0.9887;0.7243;0.4533;0.2261;0.0426;0.0038;0.0027;0.0025;0.002;0;0
152528_current;152528;152528;5225;cross_sectional;1;365;2025-08-01;2026-07-31;1;0;1;1;0;18.537;76.521;0.6411;0.0018;0.0017;0.0016;0.0016;0.0015;0.0025;0.0024;0.0026;0.1347;0.2768;0.752;1.8376;2.5899;2.9457;3.1594;2.8201;2.0525;1.2836;0.5705;0.0895;0.0028;0.0021;0.0019;0.0019;0;0
152557_current;152557;152557;5070;cross_sectional;1;71;2026-05-21;2026-07-31;1;0;1;0;0;42.642;57.677;1.0;0.0064;0.0065;0.0065;0.0063;0.0064;0.0091;0.006;0.0199;1.0754;2.684;5.2094;5.8853;5.9623;5.6739;5.2402;4.2647;3.1469;2.2168;1.0542;0.1372;0.0065;0.006;0.0063;0.0062;1;1
153093_current;153093;153093;5504;cross_sectional;1;365;2025-08-01;2026-07-31;0;0;0;1;0;0.0;0.0;0.0;0.0;0.0;0.0;0.0;0.0;0.0;0.0;0.0;0.0;0.0;0.0;0.0;0.0;0.0;0.0;0.0;0.0;0.0;0.0;0.0;0.0;0.0;0.0;0.0;0;0
153783_current;153783;153783;5619;cross_sectional;1;365;2025-08-01;2026-07-31;1;1;1;1;0;18.734;60.64;0.6356;0.0057;0.0054;0.0052;0.0049;0.0046;0.006;0.0083;0.0682;0.299;1.0114;2.117;2.8939;3.1734;3.1757;2.6059;1.9128;1.0236;0.2651;0.1006;0.0232;0.0068;0.0061;0.0057;0.0056;0;0
155497_current;155497;155497;5108;cross_sectional;1;365;2025-08-01;2026-07-31;1;0;1;0;0;48.464;152.556;0.7014;0.0048;0.0042;0.004;0.0035;0.0027;0.0027;0.0059;0.0689;0.509;1.7382;3.7072;5.3279;6.7387;7.4086;7.1889;6.0543;4.6154;3.0666;1.6148;0.3646;0.0118;0.0093;0.0069;0.0055;0;0
156287_current;156287;156287;5322;cross_sectional;1;69;2026-05-24;2026-07-31;0;1;0;0;0;142.033;185.259;1.0;0.0;0.0;0.0;0.0;0.0;0.1459;1.7717;5.8415;9.3505;12.7624;15.3681;17.0988;17.232;16.5575;14.6208;11.6806;9.0193;5.9094;3.3794;1.2654;0.0297;0.0;0.0;0.0;0;0
158544_current;158544;158544;4310;cross_sectional;1;364;2025-08-01;2026-07-31;1;1;1;0;0;13.826;49.9;0.5934;0.0001;0.0001;0.0001;0.0;0.0001;0.0048;0.0633;0.2335;0.5069;0.5219;0.8528;1.4954;1.9788;2.2026;2.0494;1.6794;1.133;0.72;0.3298;0.0525;0.0012;0.0005;0.0002;0.0001;0;0
161857_current;161857;161857;4324;cross_sectional;1;344;2025-08-21;2026-07-31;1;0;0;1;0;18.745;61.511;0.9041;0.0;0.0;0.0;0.0;0.0;0.0026;0.0398;0.2922;1.0304;1.8787;2.2925;2.5076;2.5173;2.3673;2.1178;1.6853;1.1686;0.6012;0.2185;0.0255;0.0002;0.0;0.0;0.0;0;0
162827_current;162827;162827;5225;cross_sectional;1;364;2025-08-01;2026-07-31;1;0;1;0;0;28.63;72.429;0.7637;0.0012;0.0007;0.0007;0.0005;0.0008;0.0014;0.003;0.0142;0.3925;1.4506;2.9314;3.8907;4.352;4.6547;4.3856;3.3584;1.9752;0.9433;0.2374;0.0246;0.005;0.0029;0.0021;0.0014;0;0
162973_current;162973;162973;5727;cross_sectional;1;364;2025-08-01;2026-07-31;1;0;0;0;0;59.492;218.645;0.9038;0.0;0.0;0.0;0.0;0.0;0.0197;0.1269;0.3078;1.0743;3.1592;5.0121;6.9675;8.8591;9.4329;8.5906;6.3597;4.6584;2.8782;1.6647;0.3771;0.0044;0.0;0.0;0.0;0;0
163954_current;163954;163954;4322;cross_sectional;1;363;2025-08-01;2026-07-31;1;0;1;0;0;7.185;34.465;0.4435;0.0036;0.0027;0.0022;0.0016;0.0018;0.0036;0.0121;0.0237;0.0367;0.1016;0.4476;0.7674;0.9876;1.264;1.2516;1.038;0.7145;0.3686;0.0866;0.022;0.0131;0.013;0.0146;0.0066;0;0
164222_current;164222;164222;8962;cross_sectional;0;364;2025-08-01;2026-07-31;1;1;1;0;0;43.308;142.104;0.6209;0.0022;0.0022;0.0023;0.0022;0.0024;0.0044;0.0417;1.1388;2.653;3.501;4.2307;5.1005;5.6496;5.8323;5.2224;4.1007;2.7842;1.7636;1.0254;0.2376;0.0033;0.0027;0.0024;0.0022;0;0
164237_current;164237;164237;5622;cross_sectional;1;363;2025-08-01;2026-07-31;1;0;1;0;0;250.918;611.691;0.9945;0.2748;0.2374;0.2198;0.192;0.1568;0.2983;1.5402;4.7878;10.3953;19.7315;27.5609;32.9322;34.9876;34.4052;30.3187;23.5951;15.4569;8.073;3.4121;0.9359;0.397;0.3833;0.3253;0.3009;0;0
164491_current;164491;164491;5105;cross_sectional;0;364;2025-08-01;2026-07-31;1;0;0;0;0;16.443;49.512;0.7747;0.0;0.0;0.0;0.0;0.0;0.0009;0.0644;0.303;0.7305;1.2834;1.8156;2.2067;2.3903;2.382;2.0476;1.5642;0.9917;0.5166;0.1403;0.0056;0.0;0.0;0.0;0.0;0;0
165171_current;165171;165171;5506;cross_sectional;1;365;2025-07-31;2026-07-30;1;1;1;1;0;0.0;0.0;0.0;0.0;0.0;0.0;0.0;0.0;0.0;0.0;0.0;0.0;0.0;0.0;0.0;0.0;0.0;0.0;0.0;0.0;0.0;0.0;0.0;0.0;0.0;0.0;0.0;0;0
165183_current;165183;165183;5504;cross_sectional;1;365;2025-08-01;2026-07-31;1;0;1;0;0;13.954;58.818;0.589;0.0074;0.0066;0.0056;0.0053;0.0059;0.0082;0.0081;0.0082;0.1944;0.4071;0.8315;1.5842;2.0415;2.3873;2.2585;1.9143;1.3189;0.6712;0.2264;0.0301;0.0099;0.008;0.0076;0.0075;0;0
165295_current;165295;165295;4313;cross_sectional;0;364;2025-08-01;2026-07-31;1;1;1;0;0;0.0;0.0;0.0;0.0;0.0;0.0;0.0;0.0;0.0;0.0;0.0;0.0;0.0;0.0;0.0;0.0;0.0;0.0;0.0;0.0;0.0;0.0;0.0;0.0;0.0;0.0;0.0;0;0
165585_current;165585;165585;5614;cross_sectional;0;64;2026-05-29;2026-07-31;1;0;1;0;0;0.0;0.0;0.0;0.0;0.0;0.0;0.0;0.0;0.0;0.0;0.0;0.0;0.0;0.0;0.0;0.0;0.0;0.0;0.0;0.0;0.0;0.0;0.0;0.0;0.0;0.0;0.0;0;0
166831_current;166831;166831;5725;cross_sectional;1;365;2025-08-01;2026-07-31;1;0;1;1;0;23.115;82.665;0.6;0.0057;0.0054;0.0051;0.005;0.0049;0.0064;0.0105;0.0476;0.5201;1.2683;2.3143;3.1465;3.4773;3.6815;3.5251;2.7696;1.7002;0.4716;0.0864;0.0248;0.0122;0.011;0.0092;0.007;0;0
171122_current;171122;171122;5745;cross_sectional;0;288;2025-10-16;2026-07-31;1;0;1;0;0;18.794;64.104;0.6042;0.0012;0.001;0.0007;0.0008;0.0008;0.0006;0.0007;0.0011;0.2687;0.8141;1.704;2.3285;2.6366;2.8542;2.7804;2.365;1.7159;0.9726;0.3071;0.0296;0.0025;0.0026;0.003;0.0019;0;0
171901_current;171901;171901;5304;cross_sectional;1;364;2025-08-01;2026-07-31;1;1;1;0;0;15.892;67.666;0.5467;0.0011;0.0007;0.0005;0.0002;0.0002;0.0008;0.0019;0.0098;0.0692;0.418;1.2233;1.9345;2.5307;2.7802;2.6045;2.0353;1.3417;0.6561;0.2287;0.0461;0.0038;0.0019;0.0017;0.0011;0;0
174453_current;174453;174453;5706;cross_sectional;1;364;2025-08-01;2026-07-31;1;0;1;0;0;11.652;47.645;0.5714;0.0047;0.0045;0.0045;0.0042;0.0042;0.0045;0.0062;0.0078;0.0573;0.277;0.9843;1.7581;2.1458;2.2411;1.9092;1.347;0.6607;0.1654;0.0285;0.0127;0.0076;0.0063;0.0054;0.005;0;0
175022_current;175022;175022;5313;cross_sectional;0;364;2025-08-01;2026-07-31;1;0;1;0;0;6.186;21.193;0.5797;0.0035;0.0033;0.0029;0.0029;0.0029;0.003;0.0037;0.0047;0.0053;0.0072;0.0142;0.059;0.3683;0.9898;1.3894;1.4028;1.0413;0.6069;0.2185;0.0385;0.0051;0.0049;0.0044;0.0038;0;0
175213_current;175213;175213;5313;cross_sectional;0;363;2025-08-01;2026-07-31;1;0;0;0;0;16.636;44.195;0.9229;0.0;0.0;0.0;0.0;0.0;0.0112;0.2402;0.6634;1.1156;1.688;2.0699;2.352;2.3716;2.0964;1.6204;1.1526;0.7122;0.3787;0.1406;0.0232;0.0004;0.0;0.0;0.0;0;0
175356_current;175356;175356;5313;cross_sectional;1;363;2025-08-01;2026-07-31;1;0;1;0;0;11.565;48.021;0.5647;0.0006;0.0005;0.0003;0.0004;0.0002;0.0004;0.0009;0.0101;0.0319;0.1168;0.7051;1.2406;1.7682;2.0075;2.0722;1.7056;1.1269;0.5704;0.1813;0.013;0.0045;0.0038;0.0022;0.0011;0;0
175514_current;175514;175514;5313;cross_sectional;1;365;2025-08-01;2026-07-31;1;0;1;0;0;22.789;68.318;0.6932;0.0024;0.0021;0.0021;0.0021;0.002;0.0043;0.0052;0.0587;0.7639;1.5679;2.3643;2.9845;3.3731;3.3412;2.9815;2.3404;1.5593;0.8995;0.4207;0.0888;0.009;0.007;0.0055;0.0038;0;0
175560_current;175560;175560;5313;cross_sectional;0;205;2026-01-07;2026-07-31;1;0;1;0;0;9.508;72.082;0.1707;0.0001;0.0001;0.0001;0.0001;0.0001;0.0001;0.0001;0.0004;0.0012;0.1789;0.8925;1.5082;1.6221;1.47;1.3694;1.0574;0.761;0.5043;0.1332;0.0083;0.0002;0.0003;0.0001;0.0001;0;0
176306_current;176306;176306;5707;cross_sectional;1;365;2025-08-01;2026-07-31;1;0;0;0;0;50.644;130.209;0.9726;0.0;0.0;0.0;0.0;0.0;0.0152;0.1124;1.0811;2.5147;4.134;5.4256;6.4823;6.9259;6.6636;6.1746;4.9695;3.3395;1.8934;0.7759;0.1357;0.0011;0.0;0.0;0.0;0;0
177379_current;177379;177379;5312;cross_sectional;0;200;2025-11-12;2026-07-31;1;0;1;0;0;14.78;54.599;0.545;0.0014;0.001;0.0009;0.0009;0.0011;0.0034;0.0038;0.0047;0.0516;0.6249;1.651;2.1815;2.4799;2.5885;2.1805;1.4228;0.9052;0.5097;0.1348;0.0121;0.0075;0.0067;0.0037;0.0022;0;0
179215_current;179215;179215;5607;cross_sectional;1;329;2025-09-04;2026-07-31;1;1;0;0;0;28.172;94.718;0.8419;0.0;0.0;0.0;0.0;0.0;0.0806;0.5113;0.6381;1.4804;2.2953;2.8912;3.4191;3.7466;3.7183;3.2679;2.5809;1.7767;1.1334;0.5661;0.0663;0.0001;0.0;0.0;0.0;0;0
184486_current;184486;184486;5305;cross_sectional;1;365;2025-08-01;2026-07-31;1;0;1;0;0;17.218;49.302;0.663;0.007;0.0065;0.0068;0.0066;0.0067;0.0068;0.0084;0.0101;0.0144;0.1088;1.8015;3.0111;3.3473;3.3169;2.9275;1.9262;0.5851;0.0657;0.0178;0.0083;0.0076;0.0075;0.0069;0.0066;0;0
185674_current;185674;185674;5330;cross_sectional;0;365;2025-08-01;2026-07-31;0;1;0;0;0;0.0;0.0;0.0;0.0;0.0;0.0;0.0;0.0;0.0;0.0;0.0;0.0;0.0;0.0;0.0;0.0;0.0;0.0;0.0;0.0;0.0;0.0;0.0;0.0;0.0;0.0;0.0;0;0
186396_current;186396;186396;4324;cross_sectional;1;267;2025-11-07;2026-07-31;1;0;1;1;0;6.131;30.656;0.397;0.0007;0.0007;0.0008;0.0007;0.0008;0.0013;0.0024;0.005;0.0159;0.0832;0.1291;0.4676;0.9283;1.1732;1.069;0.8988;0.6974;0.4522;0.1813;0.0149;0.004;0.0016;0.0015;0.0007;0;0
186748_current;186748;186748;5074;cross_sectional;1;365;2025-08-01;2026-07-31;1;1;1;0;0;22.125;71.607;0.6329;0.0011;0.0013;0.0012;0.0011;0.0011;0.0012;0.002;0.0041;0.0661;0.8553;1.9276;2.6231;3.2371;3.5236;3.4293;2.8455;1.9305;1.1673;0.4424;0.0583;0.0021;0.0014;0.0014;0.0012;0;0
187213_current;187213;187213;5113;cross_sectional;0;360;2025-08-01;2026-07-31;0;1;0;0;0;0.0;0.0;0.0;0.0;0.0;0.0;0.0;0.0;0.0;0.0;0.0;0.0;0.0;0.0;0.0;0.0;0.0;0.0;0.0;0.0;0.0;0.0;0.0;0.0;0.0;0.0;0.0;0;0
187258_current;187258;187258;5106;cross_sectional;1;365;2025-08-01;2026-07-31;1;0;1;1;0;11.767;46.249;0.6137;0.0074;0.0062;0.0047;0.0037;0.0042;0.0032;0.0065;0.0239;0.0619;0.5325;1.2353;1.7494;2.0685;2.1385;1.8614;1.2864;0.5097;0.1294;0.0531;0.026;0.0171;0.0147;0.0132;0.0102;0;0
190040 / 750463_current;190040 / 750463;190040 / 750463;5504;cross_sectional;1;365;2025-08-01;2026-07-31;0;1;0;0;0;0.0;0.0;0.0;0.0;0.0;0.0;0.0;0.0;0.0;0.0;0.0;0.0;0.0;0.0;0.0;0.0;0.0;0.0;0.0;0.0;0.0;0.0;0.0;0.0;0.0;0.0;0.0;0;0
191828_current;191828;191828;5452;cross_sectional;0;266;2025-11-08;2026-07-31;1;0;1;0;0;23.12;72.705;0.5827;0.0039;0.0035;0.0032;0.0031;0.003;0.0089;0.0037;0.0063;0.2684;0.8637;2.1012;2.8623;3.1744;3.4775;3.4131;2.9168;2.1736;1.1721;0.5193;0.1205;0.0073;0.0054;0.0045;0.0044;0;0
192082_current;192082;192082;5620;cross_sectional;0;137;2026-03-17;2026-07-31;1;0;1;1;0;0.004;0.014;0.0;0.0;0.0;0.0;0.0;0.0;0.0001;0.0007;0.0001;0.0002;0.0003;0.0002;0.0002;0.0002;0.0001;0.0002;0.0002;0.0003;0.0005;0.0003;0.0002;0.0001;0.0001;0.0;0.0;0;0
194098_current;194098;194098;5504;cross_sectional;0;365;2025-08-01;2026-07-31;0;1;0;0;0;0.0;0.0;0.0;0.0;0.0;0.0;0.0;0.0;0.0;0.0;0.0;0.0;0.0;0.0;0.0;0.0;0.0;0.0;0.0;0.0;0.0;0.0;0.0;0.0;0.0;0.0;0.0;0;0
194265_current;194265;194265;5078;cross_sectional;1;365;2025-08-01;2026-07-31;1;1;1;0;0;28.737;80.893;0.6685;0.0041;0.0037;0.0036;0.0033;0.0033;0.0052;0.0075;0.0078;0.0106;0.3196;2.4413;3.8876;4.8588;5.2958;4.9051;3.6511;2.2419;0.9072;0.1467;0.0126;0.0056;0.005;0.0046;0.0046;0;0
194423_current;194423;194423;4324;cross_sectional;0;280;2025-10-25;2026-07-31;1;0;0;0;0;17.877;46.223;0.8;0.0;0.0;0.0;0.0;0.0;0.0;0.0048;0.0382;0.2506;0.9965;1.8872;2.665;3.0967;2.9737;2.5107;1.9048;1.1326;0.3952;0.0209;0.0;0.0;0.0;0.0;0.0;0;0
195088_current;195088;195088;4313;cross_sectional;1;363;2025-08-01;2026-07-31;1;1;1;0;0;18.869;63.95;0.584;0.0071;0.0086;0.0095;0.0084;0.0056;0.0053;0.0071;0.0089;0.1439;0.7185;1.5024;2.2128;2.8111;3.0874;2.9016;2.4037;1.6077;0.8924;0.4009;0.0898;0.0104;0.0103;0.0088;0.0067;0;0
197257_current;197257;197257;5426;cross_sectional;1;338;2025-08-01;2026-07-31;1;0;1;1;0;53.1;153.576;0.9556;0.0363;0.0267;0.0268;0.022;0.0192;0.029;0.0744;0.5912;2.0741;3.6109;5.6094;7.009;7.6958;7.6975;6.7174;5.0872;3.0984;1.9675;1.0179;0.2921;0.1358;0.1084;0.0935;0.0597;0;0
198827_current;198827;198827;5225;cross_sectional;1;365;2025-08-01;2026-07-31;1;0;1;0;0;37.242;104.21;0.7205;0.002;0.002;0.0019;0.0017;0.0016;0.0021;0.0227;0.3703;1.485;2.9929;4.4615;5.2901;5.7111;5.6274;4.9675;3.3732;1.9128;0.7356;0.2134;0.0566;0.0037;0.0026;0.0023;0.0022;0;0
201264_current;201264;201264;5076;cross_sectional;1;365;2025-08-01;2026-07-31;1;0;1;0;0;19.208;48.807;0.7863;0.0067;0.006;0.0056;0.0059;0.0054;0.0073;0.0309;0.163;0.7857;1.7262;2.4302;2.8028;3.0336;2.975;2.4955;1.6759;0.7467;0.1957;0.0534;0.0206;0.0111;0.0092;0.0082;0.0074;0;0
201391_current;201391;201391;5076;cross_sectional;1;364;2025-08-01;2026-07-31;1;0;1;0;0;35.756;109.777;0.7225;0.0059;0.006;0.0061;0.0056;0.0053;0.0068;0.0073;0.084;0.7063;2.1477;3.6009;4.3823;5.0282;5.3961;5.0114;4.0483;2.8129;1.7215;0.6732;0.0646;0.0134;0.0089;0.0065;0.0063;0;0
215480_current;215480;215480;5504;cross_sectional;1;352;2025-08-01;2026-07-31;1;0;0;1;0;34.464;135.531;0.7699;0.0;0.0;0.0;0.0;0.0;0.0115;0.1295;0.5872;1.4831;2.6925;3.9208;4.8783;5.2287;5.1457;4.1183;2.9783;1.9015;1.0377;0.325;0.0259;0.0;0.0;0.0;0.0;0;0
215929_current;215929;215929;5724;cross_sectional;1;86;2026-05-07;2026-07-31;1;0;0;0;0;34.819;62.724;0.9884;0.0046;0.0045;0.005;0.0078;0.0067;0.0097;0.0233;0.46;1.6173;2.7928;3.3585;3.6216;4.5866;4.9162;4.4455;3.8142;2.7677;1.5863;0.6756;0.0933;0.007;0.0059;0.0045;0.0045;0;0
222824_current;222824;222824;5304;cross_sectional;0;365;2025-08-01;2026-07-31;1;0;1;0;0;19.996;56.701;0.7507;0.0268;0.03;0.0311;0.028;0.0203;0.0174;0.0198;0.0231;0.0396;0.408;1.5552;2.4479;3.0561;3.1519;3.1307;2.6089;1.8287;0.9953;0.4061;0.0769;0.0229;0.023;0.0253;0.023;0;0
223900_current;223900;223900;5607;cross_sectional;1;280;2025-10-25;2026-07-31;1;0;1;0;0;36.757;125.678;0.6036;0.0;0.0;0.0;0.0;0.0;0.0;0.0001;0.0444;0.8384;2.2233;3.912;5.1026;6.0769;6.094;5.1649;3.6659;1.9697;0.9941;0.5616;0.1088;0.0004;0.0001;0.0;0.0;0;0
227509_pre_install;227509;227509;5113;augmented_before;1;364;2025-01-16;2026-01-15;0;0;0;0;0;0.0;0.0;0.0;0.0;0.0;0.0;0.0;0.0;0.0;0.0;0.0;0.0;0.0;0.0;0.0;0.0;0.0;0.0;0.0;0.0;0.0;0.0;0.0;0.0;0.0;0.0;0.0;0;0
227509_current;227509;227509;5113;cross_sectional;1;181;2026-01-16;2026-07-31;0;1;0;0;0;0.0;0.0;0.0;0.0;0.0;0.0;0.0;0.0;0.0;0.0;0.0;0.0;0.0;0.0;0.0;0.0;0.0;0.0;0.0;0.0;0.0;0.0;0.0;0.0;0.0;0.0;0.0;0;0
227913_current;227913;227913;5426;cross_sectional;0;58;2026-06-04;2026-07-31;0;0;0;0;0;0.0;0.0;0.0;0.0;0.0;0.0;0.0;0.0;0.0;0.0;0.0;0.0;0.0;0.0;0.0;0.0;0.0;0.0;0.0;0.0;0.0;0.0;0.0;0.0;0.0;0.0;0.0;0;0
228831_current;228831;228831;8962;cross_sectional;1;295;2025-10-10;2026-07-31;1;0;0;0;0;0.0;0.0;0.0;0.0;0.0;0.0;0.0;0.0;0.0;0.0;0.0;0.0;0.0;0.0;0.0;0.0;0.0;0.0;0.0;0.0;0.0;0.0;0.0;0.0;0.0;0.0;0.0;0;0
228837_current;228837;228837;5463;cross_sectional;1;363;2025-08-01;2026-07-31;1;0;1;0;0;0.0;0.0;0.0;0.0;0.0;0.0;0.0;0.0;0.0;0.0;0.0;0.0;0.0;0.0;0.0;0.0;0.0;0.0;0.0;0.0;0.0;0.0;0.0;0.0;0.0;0.0;0.0;0;0
241341_current;241341;241341;5625;cross_sectional;0;364;2025-08-01;2026-07-31;0;1;0;0;0;0.0;0.0;0.0;0.0;0.0;0.0;0.0;0.0;0.0;0.0;0.0;0.0;0.0;0.0;0.0;0.0;0.0;0.0;0.0;0.0;0.0;0.0;0.0;0.0;0.0;0.0;0.0;0;0
552884_current;552884;552884;5522;cross_sectional;1;365;2025-08-01;2026-07-31;1;0;1;1;0;22.496;78.114;0.7233;0.0039;0.0028;0.0026;0.0026;0.0026;0.0028;0.041;0.3417;0.8375;1.5208;2.1268;2.737;3.3051;3.4237;3.0856;2.3448;1.3848;0.7673;0.4293;0.11;0.0076;0.0058;0.0054;0.0047;0;0
553509_current;553509;553509;4313;cross_sectional;1;362;2025-08-01;2026-07-31;1;1;0;1;0;24.527;67.796;0.9365;0.0;0.0;0.0;0.0;0.0;0.0928;0.5845;1.3908;2.3313;3.0587;3.4772;3.3899;3.2573;2.9419;2.1515;1.1694;0.4387;0.1807;0.0557;0.0065;0.0;0.0;0.0;0.0;0;0
555287_current;555287;555287;5706;cross_sectional;1;365;2025-08-01;2026-07-31;1;0;1;1;0;20.851;73.394;0.6055;0.0156;0.0157;0.0157;0.0142;0.0095;0.0074;0.009;0.0466;0.5734;1.4551;2.3698;3.0797;3.4252;3.2321;2.7934;2.0274;1.2553;0.3552;0.0477;0.0208;0.0228;0.024;0.0216;0.0137;0;0
556799_current;556799;556799;5113;cross_sectional;0;349;2025-08-12;2026-07-31;1;0;1;0;0;12.993;73.006;0.3782;0.0014;0.0024;0.0008;0.0009;0.0011;0.0016;0.0019;0.0042;0.0765;0.4173;1.1315;1.8318;2.153;2.0456;1.7097;1.3599;1.0183;0.7438;0.3941;0.0871;0.0035;0.0025;0.0023;0.0019;0;0
556837_current;556837;556837;5236;cross_sectional;1;150;2026-03-04;2026-07-31;1;0;1;0;0;21.73;42.468;0.9;0.0056;0.0058;0.0056;0.0066;0.0043;0.0042;0.0079;0.0149;0.0331;0.6777;2.5159;3.6435;3.9486;3.9205;3.1643;2.259;1.1229;0.2909;0.0453;0.0169;0.0127;0.0098;0.0075;0.0065;0;0
571965_current;571965;571965;5464;cross_sectional;1;361;2025-08-01;2026-07-31;1;0;0;1;0;23.149;72.858;0.9058;0.0;0.0;0.0;0.0;0.0;0.0287;0.2554;0.7067;1.0431;1.6779;2.5611;2.9555;3.1338;3.2065;2.8821;2.1461;1.4051;0.7481;0.3172;0.0814;0.0006;0.0;0.0;0.0;0;0
582164_current;582164;582164;5614;cross_sectional;1;142;2026-03-12;2026-07-31;0;1;0;0;0;0.0;0.0;0.0;0.0;0.0;0.0;0.0;0.0;0.0;0.0;0.0;0.0;0.0;0.0;0.0;0.0;0.0;0.0;0.0;0.0;0.0;0.0;0.0;0.0;0.0;0.0;0.0;0;0
585660_current;585660;585660;4322;cross_sectional;1;364;2025-08-01;2026-07-31;1;0;0;0;0;31.506;78.743;0.9313;0.0;0.0;0.0;0.0;0.0;0.0141;0.1796;0.6474;1.5668;2.62;3.506;4.1506;4.4077;4.2819;3.8193;2.9495;1.9187;0.9433;0.4237;0.0765;0.0013;0.0;0.0;0.0;0;0
585704_current;585704;585704;5312;cross_sectional;1;365;2025-08-01;2026-07-31;1;0;1;0;0;51.295;160.855;0.8712;0.0086;0.0085;0.0091;0.0066;0.0066;0.0177;0.2324;0.9332;2.3089;4.1475;5.6177;6.9775;7.9665;7.627;6.3012;4.4001;2.7997;1.4047;0.3838;0.0897;0.0191;0.0131;0.0068;0.0086;0;0
591571_current;591571;591571;5426;cross_sectional;1;365;2025-08-01;2026-07-31;1;0;1;1;0;32.76;112.649;0.6548;0.0;0.0;0.0;0.0;0.0;0.0;0.0048;0.0241;0.0613;0.869;3.0935;4.5448;5.2847;5.3545;4.9589;3.9331;2.6693;1.4567;0.473;0.0323;0.0;0.0;0.0;0.0;0;0
593829_current;593829;593829;5425;cross_sectional;1;58;2026-06-04;2026-07-31;1;1;1;0;0;64.652;88.18;1.0;0.0036;0.0034;0.0037;0.0037;0.0053;0.0046;0.0065;0.0088;2.2781;5.6179;7.1632;8.4678;8.5706;8.5622;7.6399;6.221;4.9596;3.1849;1.5138;0.411;0.0079;0.0061;0.0043;0.0039;1;1
594379_current;594379;594379;4333;cross_sectional;1;99;2026-04-24;2026-07-31;1;0;0;0;0;48.626;70.497;0.9899;0.0033;0.003;0.0032;0.0034;0.0033;0.0051;0.128;0.6838;1.8015;4.4133;6.0965;6.8542;6.9563;6.7446;5.8458;4.567;2.8536;1.3518;0.2603;0.0287;0.0068;0.0048;0.0039;0.0033;0;0
595687_current;595687;595687;4310;cross_sectional;0;365;2025-08-01;2026-07-31;1;0;1;0;0;18.623;63.85;0.6329;0.0105;0.0097;0.009;0.0087;0.0071;0.0084;0.0112;0.0133;0.166;0.5176;1.1841;2.033;2.6486;2.9242;2.8796;2.4215;1.7664;1.2281;0.5495;0.1668;0.0182;0.0151;0.0137;0.0125;0;0
688436_pre_install;688436;688436;5620;augmented_before;1;289;2025-05-09;2026-04-26;0;0;0;0;0;0.0;0.0;0.0;0.0;0.0;0.0;0.0;0.0;0.0;0.0;0.0;0.0;0.0;0.0;0.0;0.0;0.0;0.0;0.0;0.0;0.0;0.0;0.0;0.0;0.0;0.0;0.0;1;1
688436_current;688436;688436;5620;cross_sectional;1;66;2026-04-27;2026-07-31;1;0;0;0;0;789.271;1079.853;0.9394;0.0;0.0;0.0;0.0;0.0537;2.6535;13.4597;32.9326;51.4361;69.6856;80.6213;89.9426;92.4396;91.6278;79.7803;67.3776;53.3544;35.632;20.2547;7.4174;0.6018;0.0;0.0;0.0;1;1
689836_current;689836;689836;5237;cross_sectional;1;364;2025-08-01;2026-07-31;1;0;0;0;0;66.245;150.318;0.9725;0.0;0.0;0.0;0.0;0.0;0.0306;0.1951;0.7505;1.8246;4.4143;7.1102;8.7503;9.6932;9.7602;9.0496;7.1878;4.6112;2.1087;0.6705;0.0862;0.0024;0.0;0.0;0.0;0;0
690299_current;690299;690299;4317;cross_sectional;1;363;2025-08-01;2026-07-31;1;0;0;0;0;14.843;49.444;0.6088;0.0018;0.0018;0.0016;0.0015;0.0014;0.0029;0.0084;0.0315;0.1198;0.2453;1.031;2.1866;2.7619;2.709;2.4051;1.7293;1.0172;0.4251;0.1242;0.0224;0.0065;0.0042;0.0029;0.0022;0;0
691339_current;691339;691339;4317;cross_sectional;1;364;2025-08-01;2026-07-31;1;0;1;0;0;41.102;107.071;0.9066;0.0023;0.0015;0.0013;0.0013;0.0014;0.0018;0.0075;0.0391;0.1196;0.6217;2.2851;4.1589;5.691;6.6762;6.7625;5.634;4.3765;3.0408;1.3645;0.2952;0.0101;0.0044;0.0032;0.0023;0;0
692112_current;692112;692112;8962;cross_sectional;0;364;2025-08-01;2026-07-31;1;0;1;0;0;8.093;33.174;0.5192;0.0055;0.0059;0.0047;0.0041;0.004;0.0047;0.0032;0.0034;0.0289;0.3159;0.9366;1.3636;1.4824;1.489;1.2316;0.7949;0.3354;0.0634;0.0068;0.003;0.0018;0.0012;0.0014;0.0015;0;0
692126_current;692126;692126;8962;cross_sectional;1;364;2025-08-01;2026-07-31;1;0;1;0;0;9.68;35.486;0.5659;0.0003;0.0001;0.0002;0.0001;0.0001;0.0004;0.0021;0.0038;0.0849;0.3758;0.974;1.5482;1.7855;1.7593;1.4584;0.9861;0.5017;0.1574;0.0312;0.0083;0.0007;0.0004;0.0004;0.0005;0;0
692320_current;692320;692320;8962;cross_sectional;0;364;2025-08-01;2026-07-31;1;0;1;0;0;8.048;27.497;0.5495;0.0006;0.0006;0.0005;0.0005;0.0004;0.0005;0.0015;0.0048;0.0084;0.0167;0.0779;0.2915;0.8586;1.4013;1.5255;1.4203;1.2263;0.8848;0.3064;0.0145;0.0026;0.0015;0.0011;0.0008;0;0
692466_current;692466;692466;8962;cross_sectional;0;364;2025-08-01;2026-07-31;1;0;1;0;0;21.87;77.78;0.9286;0.0003;0.0003;0.0002;0.0002;0.0003;0.0317;0.2201;0.609;1.253;2.057;2.825;3.3409;3.4052;2.9143;2.178;1.4209;0.8955;0.4451;0.2204;0.0506;0.0009;0.0005;0.0002;0.0002;1;1
692550_current;692550;692550;8962;cross_sectional;1;364;2025-08-01;2026-07-31;1;0;0;0;0;18.961;71.361;0.5632;0.068;0.0621;0.0543;0.0355;0.016;0.0093;0.0112;0.0259;0.0546;0.0683;0.1397;0.7086;2.2941;3.5591;3.903;3.4297;2.4397;1.3472;0.4151;0.0601;0.0508;0.0683;0.0764;0.0646;0;0
692590_current;692590;692590;8962;cross_sectional;1;365;2025-08-01;2026-07-31;0;0;1;0;1;14.811;53.958;0.6685;0.0001;0.0001;0.0001;0.0001;0.0001;0.0026;0.0173;0.1588;0.8168;1.2905;1.7981;2.1418;2.313;2.379;1.9895;1.2468;0.5211;0.093;0.0364;0.0048;0.0006;0.0003;0.0001;0.0001;0;0
692712_current;692712;692712;8962;cross_sectional;0;363;2025-08-01;2026-07-31;1;0;0;0;0;23.653;59.64;0.8237;0.0;0.0;0.0;0.0;0.0;0.0002;0.1183;0.6755;1.432;2.296;3.0316;3.4545;3.5148;3.3452;2.7451;1.831;0.9539;0.2441;0.0103;0.0004;0.0;0.0;0.0;0.0;0;0
692971_pre_install;692971;692971;5244;augmented_before;1;97;2023-06-09;2023-09-14;0;0;0;0;0;0.0;0.0;0.0;0.0;0.0;0.0;0.0;0.0;0.0;0.0;0.0;0.0;0.0;0.0;0.0;0.0;0.0;0.0;0.0;0.0;0.0;0.0;0.0;0.0;0.0;0.0;0.0;0;0
692971_current;692971;692971;5244;cross_sectional;1;365;2025-08-01;2026-07-31;0;1;0;0;0;0.0;0.0;0.0;0.0;0.0;0.0;0.0;0.0;0.0;0.0;0.0;0.0;0.0;0.0;0.0;0.0;0.0;0.0;0.0;0.0;0.0;0.0;0.0;0.0;0.0;0.0;0.0;0;0
693106_current;693106;693106;5706;cross_sectional;1;365;2025-08-01;2026-07-31;1;1;1;0;0;33.243;106.698;0.7671;0.1656;0.1718;0.1823;0.198;0.2307;0.2354;0.1604;0.1518;0.3015;1.5496;2.8113;3.865;4.5902;4.7953;4.3853;3.6319;2.5167;1.3873;0.6351;0.3359;0.3258;0.2511;0.1945;0.1707;0;0
694066_current;694066;694066;5707;cross_sectional;1;346;2025-08-20;2026-07-31;1;0;1;1;0;19.608;70.691;0.5751;0.0016;0.0016;0.0015;0.0015;0.0024;0.0023;0.0046;0.0064;0.3678;1.3682;2.3264;3.3043;3.6039;3.2902;2.5874;1.7208;0.7693;0.1847;0.0434;0.0095;0.0041;0.0025;0.0021;0.0017;0;0
694569_current;694569;694569;5452;cross_sectional;0;364;2025-08-01;2026-07-31;1;0;1;0;0;27.093;109.65;0.5797;0.0025;0.0014;0.0008;0.0005;0.0002;0.0001;0.0016;0.0076;0.0143;0.1801;1.4026;2.6167;4.1068;5.2349;5.3175;4.3086;2.5785;1.0372;0.2155;0.0313;0.014;0.0095;0.0068;0.0043;0;0
694753_current;694753;694753;5620;cross_sectional;1;256;2025-11-18;2026-07-31;0;0;1;1;0;21.71;76.719;0.5469;0.001;0.001;0.0016;0.0013;0.001;0.0009;0.0012;0.0016;0.0051;0.1133;1.4764;2.6111;3.0391;3.0996;3.132;2.9448;2.4364;1.71;0.909;0.2166;0.0026;0.0015;0.0013;0.0011;0;0
695851_current;695851;695851;5452;cross_sectional;1;365;2025-08-01;2026-07-31;1;0;1;0;0;24.177;90.363;0.5753;0.0018;0.0006;0.0008;0.0006;0.0004;0.0011;0.0037;0.0082;0.0614;0.4883;1.4006;2.7772;3.6702;3.8851;3.8194;3.3319;2.4871;1.4882;0.5842;0.1226;0.0254;0.01;0.005;0.003;0;0
696780_current;696780;696780;4310;cross_sectional;1;364;2025-08-01;2026-07-31;1;0;1;1;0;27.646;75.898;0.8736;0.0003;0.0002;0.0002;0.0003;0.0004;0.0116;0.1504;0.5792;1.29;2.2919;3.1402;3.6268;3.9513;3.742;3.4118;2.5893;1.6517;0.8749;0.3023;0.0291;0.001;0.0005;0.0003;0.0003;0;0
696935_current;696935;696935;5225;cross_sectional;1;363;2025-08-01;2026-07-31;1;1;1;0;0;55.664;146.314;0.9339;0.0;0.0;0.0;0.0;0.0001;0.0641;0.2442;0.8829;2.852;4.8547;5.9219;6.3964;6.9987;7.1413;6.8041;5.7528;4.1088;2.4114;1.0088;0.2139;0.0084;0.0;0.0;0.0;0;0
697434_current;697434;697434;5108;cross_sectional;1;365;2025-08-01;2026-07-31;1;0;1;0;0;22.459;75.698;0.6055;0.0036;0.0034;0.0034;0.0032;0.0028;0.0046;0.0099;0.3474;1.4206;2.6146;3.4257;3.7119;3.6657;3.1035;2.3008;1.1497;0.4165;0.1555;0.0741;0.0208;0.0069;0.0055;0.0048;0.0039;0;0
697435_current;697435;697435;5425;cross_sectional;1;364;2025-08-01;2026-07-31;1;0;1;1;0;19.453;66.879;0.6786;0.0011;0.001;0.0009;0.001;0.0026;0.0036;0.009;0.1694;0.636;0.998;1.5172;2.1012;2.6778;2.832;2.6956;2.3163;1.7403;1.1138;0.521;0.1087;0.0026;0.0013;0.0012;0.0012;0;0
698970_current;698970;698970;5452;cross_sectional;1;365;2025-08-01;2026-07-31;1;0;1;0;0;8.536;27.919;0.5589;0.0019;0.003;0.0042;0.0042;0.0041;0.0035;0.0069;0.0078;0.0083;0.023;0.2375;0.6271;0.9753;1.311;1.4766;1.4699;1.1769;0.7335;0.3523;0.0868;0.0067;0.0055;0.0051;0.0048;0;0
699307_current;699307;699307;5316;cross_sectional;0;365;2025-08-01;2026-07-31;0;1;0;0;0;0.0;0.0;0.0;0.0;0.0;0.0;0.0;0.0;0.0;0.0;0.0;0.0;0.0;0.0;0.0;0.0;0.0;0.0;0.0;0.0;0.0;0.0;0.0;0.0;0.0;0.0;0.0;0;0
700296_current;700296;700296;4310;cross_sectional;1;365;2025-08-01;2026-07-31;1;1;1;0;0;12.188;35.587;0.6301;0.0159;0.0156;0.0158;0.015;0.014;0.0125;0.0124;0.0137;0.1247;0.6776;1.1759;1.5873;1.8718;1.9434;1.7387;1.4046;0.912;0.4464;0.0883;0.0262;0.0211;0.0196;0.0185;0.0168;0;0
700623_current;700623;700623;5074;cross_sectional;1;362;2025-08-01;2026-07-31;1;0;0;0;0;60.111;153.079;0.9282;0.0;0.0;0.0;0.0;0.0;0.0147;0.4488;1.7526;3.3332;5.605;7.2216;8.1912;8.5553;8.0783;6.8532;4.9154;2.9007;1.4479;0.6197;0.1708;0.0023;0.0;0.0;0.0;0;0
700810_current;700810;700810;5236;cross_sectional;1;58;2026-06-03;2026-07-31;1;1;1;0;0;28.254;43.712;1.0;0.0017;0.002;0.0015;0.0011;0.0008;0.0016;0.0103;0.0289;0.0702;0.5876;0.9758;1.6391;3.7434;4.6169;4.5769;4.1571;3.2873;2.541;1.5926;0.4111;0.0019;0.0019;0.0015;0.0016;1;1
701696_current;701696;701696;5304;cross_sectional;1;364;2025-08-01;2026-07-31;1;0;0;0;0;117.781;271.89;0.9808;0.0;0.0;0.0;0.0;0.0;0.0879;0.8081;2.8124;6.0081;9.9425;13.2371;14.7266;15.2403;15.0161;14.1239;11.4818;7.8189;4.3877;1.7591;0.3248;0.0055;0.0;0.0;0.0;0;0
702016_current;702016;702016;4313;cross_sectional;0;361;2025-08-01;2026-07-31;1;0;0;0;0;23.598;65.67;0.9003;0.0;0.0;0.0;0.0;0.0;0.0497;0.4328;0.9287;1.2569;1.83;2.5012;2.7238;2.9037;2.9676;2.7049;2.1758;1.5643;0.9606;0.4995;0.0977;0.0007;0.0;0.0;0.0;0;0
702339_current;702339;702339;5304;cross_sectional;0;364;2025-08-01;2026-07-31;0;1;0;0;0;0.0;0.0;0.0;0.0;0.0;0.0;0.0;0.0;0.0;0.0;0.0;0.0;0.0;0.0;0.0;0.0;0.0;0.0;0.0;0.0;0.0;0.0;0.0;0.0;0.0;0.0;0.0;0;0
703035_pre_install;703035;703035;5443;augmented_before;1;203;2023-01-01;2023-09-03;0;0;0;0;0;0.0;0.0;0.0;0.0;0.0;0.0;0.0;0.0;0.0;0.0;0.0;0.0;0.0;0.0;0.0;0.0;0.0;0.0;0.0;0.0;0.0;0.0;0.0;0.0;0.0;0.0;0.0;0;0
703035_current;703035;703035;5443;cross_sectional;1;365;2025-08-01;2026-07-31;0;1;0;0;0;0.0;0.0;0.0;0.0;0.0;0.0;0.0;0.0;0.0;0.0;0.0;0.0;0.0;0.0;0.0;0.0;0.0;0.0;0.0;0.0;0.0;0.0;0.0;0.0;0.0;0.0;0.0;0;0
703359_current;703359;703359;5070;cross_sectional;1;84;2026-05-09;2026-07-31;1;0;0;0;0;39.551;54.628;1.0;0.0;0.0;0.0;0.0;0.0;0.0247;0.2364;1.185;2.3885;3.811;4.6693;4.9192;5.0861;4.8537;4.2345;3.3387;2.3014;1.5813;0.7703;0.1499;0.0008;0.0;0.0;0.0;0;0
703415_current;703415;703415;4310;cross_sectional;0;365;2025-08-01;2026-07-31;1;0;1;0;0;0.0;0.0;0.0;0.0;0.0;0.0;0.0;0.0;0.0;0.0;0.0;0.0;0.0;0.0;0.0;0.0;0.0;0.0;0.0;0.0;0.0;0.0;0.0;0.0;0.0;0.0;0.0;0;0
704806_current;704806;704806;4316;cross_sectional;1;336;2025-08-30;2026-07-31;1;0;0;0;0;30.438;75.434;0.9881;0.0;0.0;0.0;0.0;0.0;0.0231;0.5027;1.5257;2.486;3.3806;3.6828;3.9162;4.0929;3.9657;3.2319;2.0897;1.0076;0.371;0.1347;0.0267;0.0005;0.0;0.0;0.0;0;0
705057_current;705057;705057;4317;cross_sectional;1;358;2025-08-07;2026-07-31;1;0;0;0;0;158.762;375.356;0.986;0.0;0.0;0.0;0.0;0.001;0.1278;0.7457;4.964;11.2916;16.9514;21.1915;23.1111;22.4999;20.606;16.5786;11.1774;6.1301;2.3555;0.7865;0.2257;0.0187;0.0;0.0;0.0;1;1
705536_current;705536;705536;5725;cross_sectional;1;365;2025-08-01;2026-07-31;1;0;1;1;0;43.783;136.995;0.7699;0.0017;0.0015;0.0015;0.0036;0.0009;0.0047;0.0327;0.5602;2.3391;4.1774;5.5543;6.1245;6.2741;6.0472;5.2623;3.948;2.2665;0.9155;0.2066;0.0347;0.0157;0.0059;0.0019;0.0026;0;0
706277_current;706277;706277;5075;cross_sectional;1;331;2025-09-04;2026-07-31;1;0;1;0;0;3.186;19.312;0.3505;0.0006;0.0004;0.0003;0.0003;0.0003;0.0007;0.0048;0.0115;0.0269;0.0632;0.2237;0.3779;0.4833;0.5827;0.6011;0.4497;0.2373;0.0878;0.0233;0.0059;0.0011;0.0013;0.0009;0.0008;0;0
706335_current;706335;706335;4310;cross_sectional;1;355;2025-08-01;2026-07-31;1;0;1;0;0;14.307;58.387;0.6085;0.0028;0.0026;0.0029;0.0024;0.0019;0.0016;0.005;0.0361;0.1449;0.5914;1.1827;1.7272;2.198;2.441;2.2044;1.7852;1.1094;0.5944;0.2071;0.0411;0.009;0.0065;0.0054;0.0038;0;0
706538_current;706538;706538;4303;cross_sectional;0;365;2025-08-01;2026-07-31;0;1;0;0;0;0.458;1.693;0.1425;0.0;0.0;0.0;0.0;0.0;0.0;0.0;0.0;0.0;0.0063;0.0499;0.0742;0.1238;0.1169;0.0689;0.0175;0.0003;0.0;0.0;0.0;0.0;0.0;0.0;0.0;0;0
707268_current;707268;707268;5027;cross_sectional;1;364;2025-08-01;2026-07-31;1;1;1;1;0;18.669;64.032;0.6896;0.0051;0.0051;0.0049;0.0048;0.0057;0.0069;0.0446;0.266;0.9481;1.8287;2.5309;2.86;2.8487;2.5994;2.0557;1.3772;0.7779;0.3131;0.1254;0.0352;0.0076;0.0063;0.0058;0.0055;0;0
707738_current;707738;707738;5443;cross_sectional;0;355;2025-08-01;2026-07-31;1;0;0;0;0;23.851;64.195;0.831;0.0;0.0;0.0;0.0;0.0;0.0;0.0007;0.037;0.454;1.6379;2.55;3.0501;3.7098;3.8131;3.7294;2.8491;1.5113;0.4492;0.0594;0.0004;0.0;0.0;0.0;0.0;0;0
708813_current;708813;708813;5316;cross_sectional;0;365;2025-08-01;2026-07-31;1;0;1;0;0;15.712;47.349;0.674;0.0003;0.0003;0.0002;0.0003;0.0003;0.0034;0.0086;0.1505;0.7756;1.3948;1.9362;2.0249;2.0781;1.9229;1.8318;1.5057;1.0584;0.6385;0.3061;0.0732;0.0007;0.0004;0.0004;0.0003;0;0
708823_current;708823;708823;5316;cross_sectional;1;364;2025-08-01;2026-07-31;1;0;1;0;0;10.274;39.678;0.5577;0.0043;0.0042;0.0051;0.0039;0.0033;0.0036;0.005;0.0076;0.0493;0.2913;0.8525;1.3768;1.7481;1.8889;1.6521;1.2279;0.7651;0.3015;0.0533;0.0085;0.0062;0.0055;0.0049;0.0046;0;0
709084_current;709084;709084;5316;cross_sectional;0;364;2025-08-01;2026-07-31;0;1;0;0;0;0.0;0.0;0.0;0.0;0.0;0.0;0.0;0.0;0.0;0.0;0.0;0.0;0.0;0.0;0.0;0.0;0.0;0.0;0.0;0.0;0.0;0.0;0.0;0.0;0.0;0.0;0.0;0;0
709341_current;709341;709341;4317;cross_sectional;1;200;2026-01-13;2026-07-31;1;1;1;1;0;13.666;46.306;0.565;0.0096;0.0084;0.008;0.0073;0.0071;0.0077;0.0136;0.0325;0.053;0.3129;1.4214;2.0726;2.6934;2.5725;2.1966;1.4648;0.5878;0.0916;0.0277;0.0208;0.0192;0.0153;0.0128;0.0097;0;0
709624_pre_install;709624;709624;5113;augmented_before;1;129;2023-02-09;2023-08-01;0;0;0;0;0;0.0;0.0;0.0;0.0;0.0;0.0;0.0;0.0;0.0;0.0;0.0;0.0;0.0;0.0;0.0;0.0;0.0;0.0;0.0;0.0;0.0;0.0;0.0;0.0;0.0;0.0;0.0;0;0
709624_current;709624;709624;5113;cross_sectional;1;363;2025-08-01;2026-07-31;1;0;0;0;0;17.964;57.749;0.7961;0.0;0.0;0.0;0.0;0.0;0.0011;0.0217;0.0849;0.2558;0.9256;1.8029;2.3663;2.852;2.9261;2.5683;1.9116;1.2582;0.6884;0.2678;0.0332;0.0;0.0;0.0;0.0;0;0
710494_current;710494;710494;4312;cross_sectional;1;155;2026-02-27;2026-07-31;1;1;1;0;0;33.448;59.82;0.9419;0.0053;0.0046;0.0044;0.0039;0.0035;0.0042;0.0088;0.0089;0.0223;0.6907;2.701;4.0966;4.9897;4.9778;4.7879;4.3175;3.2865;2.214;1.0792;0.208;0.0099;0.0082;0.008;0.0068;0;0
710570_current;710570;710570;5070;cross_sectional;0;104;2026-03-19;2026-06-30;1;0;1;0;0;0.0;0.0;0.0;0.0;0.0;0.0;0.0;0.0;0.0;0.0;0.0;0.0;0.0;0.0;0.0;0.0;0.0;0.0;0.0;0.0;0.0;0.0;0.0;0.0;0.0;0.0;0.0;0;0
710897_current;710897;710897;4315;cross_sectional;1;174;2026-02-06;2026-07-31;1;0;0;0;0;38.82;64.457;1.0;0.0;0.0;0.0;0.0;0.0;0.021;0.3605;1.6772;2.8338;3.6279;4.2444;4.6575;4.7212;4.5347;4.0329;3.1725;2.2138;1.557;0.9655;0.1968;0.0036;0.0;0.0;0.0;0;0
711145_current;711145;711145;4303;cross_sectional;1;365;2025-08-01;2026-07-31;1;0;1;1;0;29.258;92.525;0.6932;0.0081;0.0068;0.0051;0.0045;0.0039;0.006;0.0835;0.7349;1.292;1.8466;2.4835;3.2721;3.6794;3.747;3.533;3.0192;2.4169;1.8146;1.0083;0.2411;0.0214;0.0142;0.0086;0.0071;0;0
711259_current;711259;711259;5506;cross_sectional;0;365;2025-08-01;2026-07-31;1;0;0;0;0;13.006;34.561;0.8466;0.0;0.0;0.0;0.0;0.0;0.0084;0.0896;0.3202;0.5384;0.9114;1.3789;1.7103;1.9498;1.9791;1.7453;1.307;0.7115;0.2389;0.0922;0.0248;0.0001;0.0;0.0;0.0;0;0
711464_current;711464;711464;8962;cross_sectional;1;364;2025-08-01;2026-07-31;0;1;0;0;0;0.0;0.0;0.0;0.0;0.0;0.0;0.0;0.0;0.0;0.0;0.0;0.0;0.0;0.0;0.0;0.0;0.0;0.0;0.0;0.0;0.0;0.0;0.0;0.0;0.0;0.0;0.0;0;0
712273_current;712273;712273;4313;cross_sectional;1;284;2025-10-21;2026-07-31;1;0;1;0;1;8.954;38.897;0.4577;0.0006;0.0003;0.0003;0.0003;0.0002;0.0012;0.0026;0.0035;0.0094;0.2077;0.5307;0.9255;1.2337;1.3682;1.374;1.2232;0.9704;0.6497;0.333;0.1049;0.0085;0.0034;0.0015;0.001;0;0
712641_current;712641;712641;4313;cross_sectional;1;266;2025-11-07;2026-07-31;1;1;1;0;0;15.064;45.931;0.5414;0.0158;0.0156;0.0162;0.0164;0.0145;0.0144;0.0086;0.0087;0.0187;0.214;0.9825;1.5996;2.0125;2.1978;2.1593;1.9125;1.6434;1.2787;0.7301;0.1428;0.0141;0.0147;0.0168;0.0162;0;0
713405_current;713405;713405;4315;cross_sectional;1;183;2026-01-30;2026-07-31;0;1;1;1;0;3.287;14.162;0.5956;0.0014;0.0012;0.0012;0.001;0.0009;0.0007;0.0006;0.0011;0.004;0.0164;0.0651;0.1341;0.3157;0.5741;0.8162;0.8057;0.4693;0.0636;0.0044;0.0021;0.0019;0.0022;0.002;0.0016;0;0
713578_current;713578;713578;4313;cross_sectional;1;364;2025-08-01;2026-07-31;1;0;1;0;0;41.966;103.676;0.7857;0.0023;0.0011;0.0003;0.0001;0.0001;0.0017;0.0091;0.5613;1.9875;3.3091;4.7352;5.7182;6.3446;6.2629;5.4164;3.9304;2.2842;1.0568;0.2766;0.0476;0.0084;0.0053;0.0035;0.0031;0;0
713894_current;713894;713894;4323;cross_sectional;1;365;2025-08-01;2026-07-31;1;0;0;1;0;0.0;0.0;0.0;0.0;0.0;0.0;0.0;0.0;0.0;0.0;0.0;0.0;0.0;0.0;0.0;0.0;0.0;0.0;0.0;0.0;0.0;0.0;0.0;0.0;0.0;0.0;0.0;0;0
714489_current;714489;714489;4313;cross_sectional;1;230;2025-08-01;2026-07-31;1;1;1;0;0;17.005;57.46;0.5609;0.0018;0.0018;0.0017;0.0015;0.0016;0.0025;0.0031;0.0081;0.3293;1.4952;2.3141;2.9624;3.1912;2.6685;1.9818;1.2579;0.5766;0.1479;0.0431;0.0052;0.0026;0.0025;0.0024;0.0019;0;0
714588_current;714588;714588;4313;cross_sectional;0;337;2025-08-29;2026-07-31;1;0;1;1;0;12.315;53.547;0.5519;0.0006;0.0006;0.0007;0.0012;0.0006;0.0017;0.0017;0.0579;0.3106;0.6467;1.045;1.2841;1.2999;1.6387;1.8956;1.3879;1.2216;0.9235;0.4706;0.1205;0.0021;0.0014;0.0008;0.0005;0;0
714621_current;714621;714621;5107;cross_sectional;1;365;2025-08-01;2026-07-31;1;0;1;0;0;5.411;40.151;0.4521;0.0008;0.0008;0.0009;0.0006;0.0005;0.0018;0.0023;0.0105;0.0405;0.1336;0.3599;0.6129;0.7647;0.9066;0.9038;0.7878;0.5565;0.2576;0.055;0.0056;0.0029;0.0024;0.0014;0.0015;0;0
714976_current;714976;714976;4313;cross_sectional;1;362;2025-08-01;2026-07-31;1;1;0;0;0;13.916;52.85;0.6713;0.0;0.0;0.0;0.0;0.0;0.0011;0.0565;0.3873;1.0196;1.7137;1.7132;1.7614;1.6734;1.748;1.604;1.3171;0.7073;0.1767;0.0335;0.0036;0.0;0.0;0.0;0.0;0;0
715586_current;715586;715586;4322;cross_sectional;1;363;2025-08-01;2026-07-31;1;0;1;0;0;0.0;0.0;0.0;0.0;0.0;0.0;0.0;0.0;0.0;0.0;0.0;0.0;0.0;0.0;0.0;0.0;0.0;0.0;0.0;0.0;0.0;0.0;0.0;0.0;0.0;0.0;0.0;0;0
716143_current;716143;716143;4303;cross_sectional;0;365;2025-08-01;2026-07-31;1;0;0;0;0;10.106;30.666;0.8438;0.0;0.0;0.0;0.0;0.0;0.0001;0.0042;0.0893;0.5316;1.15;1.4924;1.512;1.4572;1.328;1.0835;0.84;0.4832;0.1282;0.0059;0.0001;0.0;0.0;0.0;0.0;0;0
716671_current;716671;716671;8962;cross_sectional;1;364;2025-08-01;2026-07-31;1;1;1;0;0;15.378;56.675;0.5632;0.0013;0.0011;0.0007;0.0005;0.0004;0.0025;0.0135;0.0336;0.099;0.561;1.3793;2.0322;2.4998;2.682;2.3728;1.7999;1.1405;0.5756;0.1653;0.0077;0.0025;0.0025;0.0022;0.0017;0;0
716735_current;716735;716735;5443;cross_sectional;0;365;2025-08-01;2026-07-31;1;0;1;0;0;9.722;32.837;0.589;0.0018;0.0015;0.0015;0.0014;0.0014;0.0017;0.0022;0.0029;0.0071;0.1289;0.6775;1.4233;1.8001;1.905;1.6706;1.2522;0.6389;0.1645;0.0238;0.0029;0.0024;0.0026;0.0047;0.0037;0;0
716968_current;716968;716968;4315;cross_sectional;1;176;2026-02-06;2026-07-31;1;1;0;0;0;14.294;36.777;0.9602;0.0;0.0;0.0;0.0;0.0;0.0008;0.0446;0.3687;0.4483;0.674;1.045;1.3977;1.8666;2.0369;2.0299;1.7353;1.1624;0.8004;0.5273;0.1563;0.0;0.0;0.0;0.0;0;0
717438_current;717438;717438;5225;cross_sectional;1;365;2025-08-01;2026-07-31;1;0;1;0;0;23.355;78.726;0.6575;0.0041;0.0045;0.004;0.0038;0.0042;0.0059;0.1176;0.4485;0.8838;1.4165;1.9512;2.3967;2.8103;3.036;2.9348;2.5099;2.0342;1.5713;0.9171;0.2741;0.0125;0.0053;0.0048;0.0042;0;0
717797_current;717797;717797;4324;cross_sectional;1;360;2025-08-06;2026-07-31;1;0;1;0;0;19.958;63.201;0.6833;0.0025;0.0027;0.0017;0.0026;0.0023;0.0099;0.0135;0.0165;0.0275;0.1168;0.8399;2.1573;3.0307;3.4133;3.3301;2.7682;1.9986;1.3337;0.6891;0.1801;0.0097;0.0045;0.0038;0.0034;0;0
717974_current;717974;717974;5452;cross_sectional;1;357;2025-08-01;2026-07-31;1;0;1;1;0;21.41;64.811;0.7507;0.0061;0.0057;0.0053;0.0043;0.0036;0.0032;0.0072;0.0208;0.1268;0.6513;2.0618;3.2156;3.7158;3.8439;3.4003;2.5162;1.3778;0.3262;0.0546;0.0208;0.0129;0.0117;0.0103;0.0079;0;0
718040_current;718040;718040;4324;cross_sectional;0;54;2026-06-07;2026-07-31;1;0;1;0;0;34.602;56.151;0.7963;0.0178;0.0168;0.0168;0.0164;0.0172;0.0182;0.0209;0.4702;1.4776;1.9761;3.0952;3.7697;4.1621;4.2994;3.8944;3.6323;3.0095;2.4741;1.686;0.4359;0.0303;0.0249;0.0219;0.0188;0;0
718645_current;718645;718645;5504;cross_sectional;0;364;2025-08-01;2026-07-31;1;0;1;0;0;21.27;57.669;0.783;0.0001;0.0001;0.0001;0.0001;0.0001;0.0004;0.0405;0.2758;0.8702;1.6276;2.3202;2.8399;3.0639;3.0036;2.6434;2.1202;1.4075;0.7297;0.2475;0.0587;0.02;0.0002;0.0002;0.0001;0;0
718990_current;718990;718990;5027;cross_sectional;1;364;2025-08-01;2026-07-31;1;1;1;1;0;17.027;77.883;0.5302;0.0006;0.0006;0.0007;0.0005;0.0007;0.0052;0.0091;0.0372;0.2081;0.6722;1.4751;2.2429;2.6913;2.8673;2.5549;2.0148;1.3528;0.6651;0.1992;0.0192;0.0049;0.0024;0.0014;0.0008;0;0
719301_current;719301;719301;5504;cross_sectional;1;365;2025-08-01;2026-07-31;1;0;1;0;0;36.676;108.515;0.6986;0.008;0.0073;0.0071;0.0066;0.0061;0.007;0.0106;0.0138;0.0405;0.8587;3.0969;4.9172;5.7792;6.1513;5.783;4.6524;3.0063;1.6578;0.571;0.0578;0.0106;0.0095;0.009;0.0083;0;0
719912_current;719912;719912;5235;cross_sectional;1;365;2025-08-01;2026-07-31;1;0;1;0;0;19.22;56.293;0.6411;0.0011;0.001;0.0009;0.0009;0.0011;0.0013;0.0023;0.0586;0.7953;1.5944;2.3021;2.6959;2.8733;2.8926;2.5583;1.8965;1.0725;0.3739;0.0778;0.0151;0.0014;0.0013;0.0012;0.0012;0;0
720022_current;720022;720022;4310;cross_sectional;1;365;2025-08-01;2026-07-31;1;1;1;0;0;41.902;128.597;0.7288;0.0023;0.0012;0.0014;0.0012;0.0009;0.0071;0.0298;0.2262;1.2661;2.8431;4.4647;5.3961;6.085;6.072;5.4974;4.4326;2.9815;1.7223;0.7175;0.1248;0.0117;0.0062;0.0064;0.0047;0;0
720199_current;720199;720199;4314;cross_sectional;1;365;2025-08-01;2026-07-31;1;0;1;0;0;0.0;0.0;0.0;0.0;0.0;0.0;0.0;0.0;0.0;0.0;0.0;0.0;0.0;0.0;0.0;0.0;0.0;0.0;0.0;0.0;0.0;0.0;0.0;0.0;0.0;0.0;0.0;0;0
720260_current;720260;720260;4312;cross_sectional;1;87;2026-04-18;2026-07-15;1;0;1;0;0;27.492;43.874;1.0;0.0;0.0;0.0;0.0;0.0;0.0003;0.0305;0.5473;1.7104;2.5293;3.004;3.1749;3.2367;3.4422;3.4478;2.9641;2.022;1.089;0.273;0.0206;0.0003;0.0;0.0;0.0;0;0
720480_current;720480;720480;4313;cross_sectional;1;106;2026-04-16;2026-07-31;1;0;0;1;0;30.049;45.847;1.0;0.0;0.0;0.0;0.0;0.0;0.0692;0.6142;1.4294;1.8456;2.3112;2.9203;3.0333;3.4173;3.305;2.9874;2.6443;2.2112;1.7816;1.124;0.3425;0.0125;0.0;0.0;0.0;0;0
720808_current;720808;720808;4325;cross_sectional;1;238;2025-12-05;2026-07-31;1;0;0;0;0;39.309;97.545;0.9538;0.0;0.0;0.0;0.0;0.0;0.2125;0.6969;1.8703;2.7174;3.4282;4.1573;4.7145;4.6558;4.2735;3.7248;3.0866;2.4143;1.8684;1.1174;0.3587;0.0122;0.0;0.0;0.0;0;0
720967_current;720967;720967;4310;cross_sectional;0;362;2025-08-01;2026-07-31;1;1;1;0;0;22.843;56.971;0.7486;0.0012;0.0009;0.0008;0.0008;0.0008;0.0017;0.0037;0.0808;0.948;2.1648;3.1353;3.6725;3.9396;3.7258;2.7414;1.378;0.621;0.3004;0.0986;0.0142;0.0042;0.0038;0.0029;0.0023;0;0
721906_current;721906;721906;4310;cross_sectional;0;360;2025-08-01;2026-07-31;0;1;0;0;0;0.0;0.0;0.0;0.0;0.0;0.0;0.0;0.0;0.0;0.0;0.0;0.0;0.0;0.0;0.0;0.0;0.0;0.0;0.0;0.0;0.0;0.0;0.0;0.0;0.0;0.0;0.0;0;0
722764_current;722764;722764;5620;cross_sectional;1;365;2025-08-01;2026-07-31;1;0;1;0;0;7.574;34.499;0.4685;0.0048;0.0047;0.0045;0.0041;0.0038;0.0034;0.0039;0.0068;0.0122;0.0148;0.0298;0.4729;0.8358;1.5556;1.562;1.392;0.9722;0.4576;0.1886;0.0226;0.0061;0.0053;0.0051;0.0052;0;0
722853_current;722853;722853;4315;cross_sectional;1;184;2026-01-29;2026-07-31;1;0;1;1;0;21.503;49.698;0.7935;0.0057;0.0028;0.002;0.0015;0.001;0.0009;0.0017;0.0051;0.024;0.0473;0.0755;0.9296;3.6001;4.3655;4.3131;3.7026;2.5948;1.3749;0.3545;0.0322;0.0254;0.0197;0.0139;0.0093;0;0
722929_current;722929;722929;5106;cross_sectional;1;365;2025-08-01;2026-07-31;1;0;1;0;0;25.592;95.257;0.5781;0.001;0.0007;0.0006;0.0006;0.0007;0.001;0.0015;0.003;0.0949;0.5314;2.1361;3.7607;4.4211;4.4535;3.917;2.9504;2.0008;0.9658;0.3001;0.0383;0.0042;0.004;0.0025;0.0016;0;0
722955_current;722955;722955;5304;cross_sectional;1;365;2025-08-01;2026-07-31;1;0;1;0;0;12.929;45.858;0.6;0.0052;0.0052;0.0051;0.0049;0.0049;0.0059;0.0088;0.0091;0.0095;0.0329;0.3836;1.1168;1.4617;1.8539;2.3084;2.1469;1.6645;1.1247;0.6136;0.1384;0.0067;0.0063;0.006;0.0059;0;0
723437_current;723437;723437;4310;cross_sectional;1;365;2025-08-01;2026-07-31;1;1;1;0;0;26.722;86.859;0.6027;0.0055;0.0051;0.0049;0.0067;0.0098;0.0122;0.0089;0.0145;0.0594;0.9349;2.2641;3.4015;4.049;4.2978;4.0728;3.3347;2.4015;1.3916;0.3775;0.0453;0.0071;0.0062;0.0059;0.0056;0;0
723468_current;723468;723468;4310;cross_sectional;1;365;2025-08-01;2026-07-31;0;1;0;1;0;15.874;50.818;0.9397;0.0;0.0;0.0;0.0;0.0;0.0025;0.0447;0.1432;0.2789;0.5547;0.9277;1.4442;1.8148;2.2581;2.4453;2.2417;1.7444;1.3076;0.518;0.1457;0.0029;0.0;0.0;0.0;0;0
723701_current;723701;723701;5707;cross_sectional;1;106;2026-04-17;2026-07-31;1;1;1;1;0;71.962;112.828;1.0;0.0013;0.0012;0.001;0.0012;0.0011;0.0071;0.0114;0.268;3.1585;6.1718;8.0916;9.3539;9.8248;9.7939;8.631;7.1598;5.1732;2.9246;1.1592;0.1941;0.0156;0.0121;0.0035;0.002;0;0
723937_current;723937;723937;5235;cross_sectional;1;365;2025-08-01;2026-07-31;1;0;1;0;0;41.021;112.918;0.7616;0.0079;0.0076;0.0068;0.0052;0.0038;0.0045;0.0077;0.108;0.8457;2.2529;4.0329;5.2692;6.0092;6.3107;5.861;4.6984;3.0491;1.6526;0.666;0.1851;0.0123;0.0087;0.0084;0.0081;0;0
723966_current;723966;723966;5235;cross_sectional;1;93;2026-04-30;2026-07-31;1;0;1;0;0;58.6;83.566;1.0;0.0108;0.0097;0.0101;0.0095;0.0102;0.0357;0.0693;0.2378;2.4692;4.5682;6.4538;7.391;7.4742;7.6209;7.2089;6.0754;4.2544;3.0075;1.4091;0.2126;0.02;0.0158;0.0147;0.0115;1;1
724118_current;724118;724118;5745;cross_sectional;0;362;2025-08-01;2026-07-31;1;0;1;0;0;0.865;11.288;0.1105;0.0001;0.0;0.0;0.0;0.0002;0.0;0.0;0.0002;0.0006;0.0002;0.0118;0.2571;0.3151;0.1876;0.0607;0.0224;0.0077;0.0007;0.0002;0.0001;0.0001;0.0003;0.0;0.0;0;0
724334_current;724334;724334;5235;cross_sectional;1;365;2025-08-01;2026-07-31;1;0;0;0;0;35.304;100.217;0.8301;0.0;0.0;0.0;0.0;0.0;0.0286;0.4507;1.1237;1.6956;2.5062;3.4068;4.086;4.474;4.575;4.1403;3.3578;2.5043;1.7035;0.9683;0.2765;0.0069;0.0;0.0;0.0;0;0
724881_current;724881;724881;5745;cross_sectional;1;358;2025-08-01;2026-07-31;1;1;1;0;0;25.229;66.73;0.7486;0.0017;0.0016;0.0016;0.0016;0.0018;0.0136;0.2138;0.5117;1.1959;2.1195;2.8728;3.3977;3.6291;3.5736;3.128;2.4516;1.3846;0.5766;0.1237;0.021;0.002;0.002;0.002;0.0017;0;0
725159_current;725159;725159;4310;cross_sectional;0;365;2025-08-01;2026-07-31;1;0;0;0;0;0.0;0.0;0.0;0.0;0.0;0.0;0.0;0.0;0.0;0.0;0.0;0.0;0.0;0.0;0.0;0.0;0.0;0.0;0.0;0.0;0.0;0.0;0.0;0.0;0.0;0.0;0.0;0;0
726547_current;726547;726547;5107;cross_sectional;1;364;2025-08-01;2026-07-31;1;1;0;0;0;0.0;0.0;0.0;0.0;0.0;0.0;0.0;0.0;0.0;0.0;0.0;0.0;0.0;0.0;0.0;0.0;0.0;0.0;0.0;0.0;0.0;0.0;0.0;0.0;0.0;0.0;0.0;0;0
727027_current;727027;727027;5225;cross_sectional;1;365;2025-08-01;2026-07-31;1;0;1;0;0;31.673;94.828;0.7096;0.0008;0.0007;0.0006;0.0006;0.0005;0.0016;0.0033;0.1378;0.997;2.0873;3.4896;4.4788;4.9624;4.9816;4.4155;3.1216;1.8181;0.824;0.2883;0.0534;0.0033;0.0022;0.0018;0.0021;0;0
727135_current;727135;727135;4333;cross_sectional;1;129;2026-03-25;2026-07-31;1;0;0;0;0;41.634;60.729;1.0;0.0;0.0;0.0;0.0;0.0;0.0034;0.0719;0.4579;1.6975;2.8394;3.7545;4.7055;5.3861;5.8013;5.3118;4.6307;3.5368;2.29;1.0267;0.1208;0.0;0.0;0.0;0.0;0;0
727137_current;727137;727137;4333;cross_sectional;1;129;2026-03-25;2026-07-31;1;0;0;0;0;44.207;64.413;1.0;0.0;0.0;0.0;0.0;0.0;0.0025;0.0683;0.4255;1.5636;3.1948;4.5653;5.3737;5.771;5.9983;5.4273;4.7193;3.6232;2.4134;0.9668;0.0938;0.0;0.0;0.0;0.0;0;0
727423_current;727423;727423;4325;cross_sectional;1;301;2025-10-04;2026-07-31;1;1;1;0;0;17.553;55.481;0.5814;0.0004;0.0003;0.0004;0.0003;0.0004;0.0015;0.0068;0.0097;0.0132;0.1934;0.8929;1.6566;2.1636;2.7147;2.9503;2.6964;2.1094;1.368;0.6364;0.1348;0.0022;0.0005;0.0004;0.0005;0;0
727903_current;727903;727903;5707;cross_sectional;0;364;2025-08-01;2026-07-31;1;0;1;0;0;38.4;114.331;0.75;0.0063;0.0057;0.0053;0.0051;0.0058;0.0069;0.0093;0.0105;0.0244;0.8346;2.6818;4.3208;5.6296;6.1971;6.2043;5.4093;3.7686;2.1993;0.8858;0.1537;0.0116;0.0092;0.0084;0.0069;0;0
729113_current;729113;729113;4310;cross_sectional;1;365;2025-08-01;2026-07-31;0;1;0;0;0;13.731;52.395;0.5945;0.0009;0.0008;0.0007;0.0006;0.0004;0.001;0.0035;0.0157;0.3009;1.0061;1.437;1.622;1.9818;1.9684;1.6842;1.4198;1.1139;0.688;0.3908;0.0859;0.004;0.0023;0.0016;0.0012;0;0
730631_current;730631;730631;4322;cross_sectional;1;364;2025-08-01;2026-07-31;1;1;0;0;0;30.826;86.587;0.9148;0.0;0.0;0.0;0.0;0.0;0.0065;0.2756;0.7496;1.4589;1.9813;3.2641;3.8334;4.2815;4.3785;3.7608;2.8471;1.8662;1.3628;0.6472;0.1116;0.0005;0.0;0.0;0.0;0;0
731486_current;731486;731486;5074;cross_sectional;1;365;2025-08-01;2026-07-31;1;0;0;0;0;17.226;40.842;0.8411;0.0;0.0;0.0;0.0;0.0;0.0001;0.0045;0.0407;0.274;1.0181;1.7509;2.2713;2.529;2.65;2.4424;2.013;1.3218;0.6963;0.2034;0.0108;0.0;0.0;0.0;0.0;0;0
731568_current;731568;731568;4313;cross_sectional;1;364;2025-08-01;2026-07-31;1;0;1;0;0;18.265;71.289;0.5742;0.0055;0.0042;0.0035;0.0031;0.0025;0.003;0.0049;0.0082;0.0459;0.4978;1.374;2.5338;3.2171;3.302;2.9381;2.2347;1.3152;0.567;0.13;0.0295;0.0156;0.0122;0.0097;0.0079;0;0
731681_current;731681;731681;5106;cross_sectional;1;365;2025-08-01;2026-07-31;1;0;1;0;0;34.9;109.684;0.6658;0.0024;0.0024;0.0019;0.0019;0.0017;0.0028;0.0048;0.0267;0.2919;1.7189;3.3324;4.1116;4.6862;4.9146;5.0383;4.3785;3.3701;2.1507;0.8125;0.0393;0.0036;0.0026;0.0021;0.0024;0;0
732971_current;732971;732971;4317;cross_sectional;0;361;2025-08-01;2026-07-31;1;0;1;0;0;15.566;54.015;0.6288;0.0019;0.0021;0.0016;0.0009;0.0011;0.0022;0.0037;0.0966;0.6097;1.1168;1.7008;2.1038;2.2871;2.2817;2.0504;1.5207;0.9994;0.5601;0.1933;0.0238;0.0028;0.002;0.0018;0.0016;0;0
733114_current;733114;733114;4317;cross_sectional;1;364;2025-08-01;2026-07-31;1;0;0;0;0;28.035;76.336;0.9038;0.0;0.0;0.0;0.0;0.0;0.0171;0.2462;0.6136;1.5685;2.9748;3.9871;4.4764;4.4895;3.9618;2.9989;1.7869;0.6828;0.1781;0.0505;0.003;0.0;0.0;0.0;0.0;0;0
734306_current;734306;734306;4312;cross_sectional;1;342;2025-08-01;2026-07-31;0;1;1;1;0;5.411;50.702;0.152;0.0001;0.0;0.0;0.0;0.0001;0.0002;0.0021;0.0084;0.0689;0.3624;0.5464;0.6235;0.709;0.7431;0.7301;0.6313;0.4802;0.3328;0.1521;0.0178;0.0008;0.0006;0.0003;0.0001;0;0
734481_current;734481;734481;5600;cross_sectional;1;364;2025-08-01;2026-07-31;1;0;1;0;0;22.883;83.41;0.5934;0.0064;0.005;0.0037;0.0034;0.0032;0.0048;0.0454;0.44;1.0016;1.7446;2.503;3.0554;3.2269;2.9917;2.4381;2.0672;1.5799;0.9985;0.5622;0.1305;0.0305;0.0205;0.0138;0.0069;0;0
734540_current;734540;734540;8962;cross_sectional;0;140;2026-03-13;2026-07-31;1;0;1;0;0;30.282;124.08;0.3071;0.0014;0.0014;0.0013;0.0013;0.0013;0.0017;0.0076;0.1128;1.1764;2.9307;3.6895;4.4669;4.0624;4.4729;3.7759;3.0131;1.9313;0.4402;0.1658;0.0192;0.0023;0.0028;0.0017;0.0018;0;0
734850_current;734850;734850;5614;cross_sectional;1;144;2026-03-10;2026-07-31;1;1;1;1;0;16.018;46.197;0.7778;0.0017;0.0022;0.0025;0.0023;0.0024;0.0044;0.0095;0.0105;0.0132;0.038;0.64;2.0816;3.0697;3.3395;3.1056;2.2406;0.9381;0.3731;0.1131;0.017;0.005;0.0039;0.0025;0.0019;0;0
735579_current;735579;735579;8962;cross_sectional;0;362;2025-08-01;2026-07-31;1;0;1;0;0;20.461;63.824;0.7293;0.0072;0.0069;0.0068;0.0067;0.0068;0.0077;0.0127;0.0687;0.6853;1.4877;2.2512;2.7154;3.0143;3.0483;2.7321;2.1201;1.3363;0.6508;0.2297;0.0303;0.01;0.0092;0.0085;0.0078;0;0
735831_current;735831;735831;4333;cross_sectional;1;129;2026-03-25;2026-07-31;1;0;1;0;0;29.851;52.96;0.8992;0.0078;0.0081;0.0076;0.0081;0.0063;0.0074;0.0187;0.0164;0.0205;0.1221;1.8266;4.3347;5.1211;5.3405;4.7898;3.8166;2.6171;1.3676;0.3388;0.036;0.0128;0.0107;0.0084;0.0079;0;0
736207_current;736207;736207;5078;cross_sectional;1;365;2025-08-01;2026-07-31;1;0;1;0;0;34.925;90.254;0.7425;0.007;0.0068;0.0068;0.0058;0.0042;0.0047;0.005;0.0531;0.8615;2.4893;4.2784;5.3877;5.7691;5.5155;4.6432;3.1932;1.7934;0.6847;0.1416;0.035;0.0086;0.0109;0.0108;0.0083;0;0
736402_current;736402;736402;5236;cross_sectional;1;147;2026-01-06;2026-07-30;1;0;0;0;0;0.643;94.397;0.0068;0.0;0.0;0.0;0.0;0.0;0.0004;0.0024;0.0108;0.038;0.0576;0.0738;0.0828;0.0862;0.0837;0.0755;0.0501;0.0429;0.0263;0.0094;0.0031;0.0001;0.0;0.0;0.0;1;1
737347_current;737347;737347;5074;cross_sectional;0;365;2025-08-01;2026-07-31;0;1;0;0;0;0.0;0.0;0.0;0.0;0.0;0.0;0.0;0.0;0.0;0.0;0.0;0.0;0.0;0.0;0.0;0.0;0.0;0.0;0.0;0.0;0.0;0.0;0.0;0.0;0.0;0.0;0.0;0;0
738516_current;738516;738516;5225;cross_sectional;1;365;2025-08-01;2026-07-31;0;1;1;0;0;4.552;28.016;0.3918;0.0023;0.0024;0.0022;0.002;0.0015;0.0015;0.0026;0.006;0.0088;0.0129;0.0728;0.2264;0.4719;0.7072;0.8973;0.8383;0.6877;0.4524;0.1284;0.0122;0.0042;0.0044;0.0033;0.003;0;0
738591_current;738591;738591;5745;cross_sectional;0;364;2025-08-01;2026-07-31;1;0;1;0;1;19.396;72.126;0.6236;0.0018;0.0017;0.0015;0.0013;0.0012;0.0044;0.0692;0.3867;0.7729;1.3733;1.9065;2.2884;2.6054;2.657;2.492;2.0834;1.4213;0.8638;0.3793;0.0747;0.0032;0.0027;0.0023;0.0021;0;0
738793_current;738793;738793;5070;cross_sectional;1;72;2026-05-21;2026-07-31;1;1;0;0;0;36.853;47.143;1.0;0.0;0.0;0.0;0.0;0.0;0.0114;0.2501;1.0895;2.3129;3.4394;4.151;4.2545;4.5739;4.5237;4.1637;3.2997;2.459;1.453;0.621;0.2437;0.0065;0.0;0.0;0.0;0;0
739178_current;739178;739178;5105;cross_sectional;0;364;2025-08-01;2026-07-31;0;1;0;0;0;0.0;0.0;0.0;0.0;0.0;0.0;0.0;0.0;0.0;0.0;0.0;0.0;0.0;0.0;0.0;0.0;0.0;0.0;0.0;0.0;0.0;0.0;0.0;0.0;0.0;0.0;0.0;0;0
739616_current;739616;739616;4813;cross_sectional;1;365;2025-08-01;2026-07-31;1;0;1;1;0;15.079;80.296;0.5726;0.0049;0.0038;0.0039;0.0039;0.0028;0.0037;0.0091;0.0271;0.0581;0.1369;0.7455;1.5658;2.2805;2.655;2.5247;2.138;1.5163;0.9141;0.4039;0.0595;0.0065;0.0056;0.0041;0.0047;0;0
740230_current;740230;740230;8962;cross_sectional;1;364;2025-08-01;2026-07-31;1;1;1;1;0;13.017;53.771;0.4973;0.0066;0.0062;0.0059;0.0051;0.0046;0.0046;0.0062;0.028;0.1404;0.6276;0.9716;1.5691;1.907;2.111;1.8701;1.5538;1.1367;0.6704;0.2938;0.0634;0.0103;0.0087;0.0079;0.0073;0;0
740351_current;740351;740351;5107;cross_sectional;1;365;2025-08-01;2026-07-31;0;1;1;0;0;10.071;31.717;0.5753;0.0024;0.0024;0.0022;0.0021;0.0019;0.002;0.0019;0.0021;0.0124;0.1816;0.95;1.5218;1.8155;1.8888;1.6532;1.1992;0.6301;0.1642;0.0231;0.0039;0.0026;0.0028;0.0028;0.0025;0;0
740532_current;740532;740532;5727;cross_sectional;1;365;2025-08-01;2026-07-31;1;0;0;0;0;29.628;74.663;0.8849;0.0;0.0;0.0;0.0;0.0;0.0057;0.1446;0.6207;1.6045;2.5212;3.1833;4.0717;4.5366;4.3479;3.6439;2.7041;1.477;0.523;0.1948;0.0492;0.0002;0.0;0.0;0.0;0;0
740863_current;740863;740863;5727;cross_sectional;1;288;2025-10-15;2026-07-31;0;0;1;0;0;29.64;95.007;0.5833;0.0153;0.0106;0.0095;0.0092;0.0075;0.0078;0.0111;0.0178;0.062;1.3302;2.9999;3.9768;4.6817;4.8425;4.2325;3.4181;2.2786;1.1844;0.4254;0.0737;0.0111;0.0099;0.0099;0.0141;0;0
741214_current;741214;741214;4312;cross_sectional;0;107;2026-04-16;2026-07-31;0;0;1;0;0;76.924;114.914;1.0;0.0032;0.0029;0.0032;0.0034;0.0045;0.0117;0.0604;1.8105;4.3187;6.7349;8.4197;9.2087;10.0702;9.7356;8.6776;6.992;4.8323;3.5434;2.057;0.3984;0.0183;0.0086;0.006;0.0032;1;1
741254_current;741254;741254;4316;cross_sectional;1;266;2025-11-08;2026-07-31;1;1;1;0;0;11.063;37.518;0.5301;0.0016;0.0012;0.0009;0.0007;0.0006;0.0024;0.0037;0.0071;0.0113;0.0693;0.8154;1.7426;2.0903;2.1488;1.8159;1.273;0.7241;0.2843;0.0492;0.0074;0.0047;0.0038;0.0028;0.0021;0;0
741910_current;741910;741910;4313;cross_sectional;1;364;2025-08-01;2026-07-31;1;0;1;0;0;28.407;103.345;0.6484;0.0062;0.0045;0.0038;0.0035;0.0065;0.0566;0.3395;0.8623;1.4936;2.1645;2.7761;2.8924;3.025;3.558;3.5827;3.0759;2.2774;1.452;0.6734;0.1059;0.018;0.0117;0.0086;0.0089;0;0
742207_current;742207;742207;5106;cross_sectional;0;353;2025-08-01;2026-07-31;0;1;0;0;0;20.026;50.813;0.915;0.0;0.0;0.0;0.0;0.0;0.0036;0.1174;0.5349;1.128;1.8698;2.4264;2.6967;2.7671;2.7691;2.3885;1.7518;1.0468;0.4385;0.0794;0.008;0.0;0.0;0.0;0.0;0;0
742993_current;742993;742993;4317;cross_sectional;0;364;2025-08-01;2026-07-31;0;1;0;0;0;0.0;0.0;0.0;0.0;0.0;0.0;0.0;0.0;0.0;0.0;0.0;0.0;0.0;0.0;0.0;0.0;0.0;0.0;0.0;0.0;0.0;0.0;0.0;0.0;0.0;0.0;0.0;0;0
743047_current;743047;743047;4303;cross_sectional;1;357;2025-08-01;2026-07-31;1;0;1;0;0;32.28;87.348;0.7619;0.0005;0.0006;0.0006;0.0004;0.0004;0.0028;0.008;0.0232;0.2539;1.304;2.8279;4.1654;4.9083;5.0457;4.7153;3.8394;2.6628;1.7458;0.7243;0.0452;0.0027;0.0013;0.0011;0.0007;0;0
743335_current;743335;743335;5314;cross_sectional;0;274;2025-10-31;2026-07-31;1;0;1;0;0;6.603;31.191;0.5365;0.0034;0.0029;0.0026;0.0029;0.0025;0.0055;0.0048;0.0046;0.0074;0.0119;0.176;0.7919;1.0275;1.1453;1.1849;1.005;0.6965;0.385;0.1077;0.0117;0.0088;0.0065;0.0041;0.0036;0;0
744851_current;744851;744851;5027;cross_sectional;0;363;2025-08-01;2026-07-31;1;0;0;0;0;11.471;38.795;0.8072;0.0031;0.0031;0.003;0.0027;0.0028;0.0048;0.0198;0.0751;0.2506;0.6563;1.2231;1.8103;1.9642;1.9912;1.6738;1.1499;0.4861;0.0999;0.0298;0.0092;0.0032;0.0032;0.003;0.0031;1;1
744897_current;744897;744897;5106;cross_sectional;0;365;2025-08-01;2026-07-31;0;1;0;0;0;0.0;0.0;0.0;0.0;0.0;0.0;0.0;0.0;0.0;0.0;0.0;0.0;0.0;0.0;0.0;0.0;0.0;0.0;0.0;0.0;0.0;0.0;0.0;0.0;0.0;0.0;0.0;0;0
745415_current;745415;745415;5074;cross_sectional;1;365;2025-08-01;2026-07-31;1;0;1;0;0;20.165;62.908;0.6986;0.0092;0.01;0.0089;0.0096;0.0085;0.0083;0.009;0.0107;0.0197;0.0736;0.6363;1.7043;2.8804;3.5667;3.5884;3.0877;2.3307;1.4303;0.6225;0.109;0.0124;0.0107;0.0094;0.0088;0;0
745424_current;745424;745424;5027;cross_sectional;1;363;2025-08-01;2026-07-31;1;0;1;0;0;19.691;62.664;0.6501;0.0015;0.0009;0.0005;0.0003;0.0001;0.0007;0.0048;0.0081;0.2255;1.1549;1.7317;2.3337;2.8673;3.0427;2.8333;2.3859;1.9427;1.0661;0.0607;0.0095;0.0085;0.0054;0.0033;0.0024;0;0
745464_current;745464;745464;4317;cross_sectional;0;364;2025-08-01;2026-07-31;1;1;1;0;0;0.0;0.0;0.0;0.0;0.0;0.0;0.0;0.0;0.0;0.0;0.0;0.0;0.0;0.0;0.0;0.0;0.0;0.0;0.0;0.0;0.0;0.0;0.0;0.0;0.0;0.0;0.0;0;0
745959_current;745959;745959;5105;cross_sectional;1;363;2025-08-01;2026-07-31;1;1;1;1;0;31.473;99.496;0.7631;0.016;0.0154;0.0161;0.0193;0.0197;0.0287;0.0415;0.0677;0.7534;1.9421;3.1653;4.0016;4.7138;4.8899;4.4184;3.5198;2.1122;1.177;0.4199;0.0644;0.0205;0.0175;0.017;0.0162;0;0
745999_current;745999;745999;5330;cross_sectional;1;364;2025-08-01;2026-07-31;1;1;0;0;0;23.393;75.967;0.6868;0.0001;0.0002;0.0002;0.0001;0.0002;0.0001;0.0284;0.3748;1.2173;2.1747;3.0039;3.6747;3.8966;3.6397;2.6322;1.7534;0.7431;0.195;0.0523;0.005;0.0002;0.0002;0.0002;0.0002;0;0
746421_current;746421;746421;5304;cross_sectional;1;364;2025-08-01;2026-07-31;1;1;1;0;0;16.106;54.633;0.5797;0.0015;0.0008;0.0006;0.0005;0.0003;0.0011;0.0092;0.0174;0.0683;0.607;1.4171;2.0511;2.4244;2.6008;2.5144;2.0494;1.382;0.6772;0.2444;0.0281;0.0019;0.002;0.0045;0.0024;0;0
746764_current;746764;746764;5452;cross_sectional;1;365;2025-08-01;2026-07-31;1;0;1;0;0;26.734;78.807;0.7096;0.0013;0.0008;0.0008;0.0006;0.0005;0.0052;0.0148;0.1264;0.6526;1.8034;2.9157;3.5848;3.9816;3.8111;3.5457;2.8793;1.9143;0.9883;0.4101;0.0806;0.0057;0.0047;0.0035;0.0021;0;0
747439_current;747439;747439;5412;cross_sectional;0;319;2025-09-16;2026-07-31;0;0;0;1;0;29.883;117.404;0.6458;0.0021;0.0015;0.0025;0.0012;0.0015;0.0049;0.0203;0.1236;0.8565;1.7246;2.7616;3.6141;4.0344;4.3894;4.055;3.4459;2.4764;1.4909;0.694;0.1559;0.0094;0.0046;0.0086;0.0046;0;0
748404_current;748404;748404;5614;cross_sectional;1;144;2026-03-10;2026-07-31;1;1;1;1;0;26.88;73.019;0.8333;0.0031;0.003;0.003;0.0056;0.0034;0.0061;0.0049;0.0065;0.6678;0.6497;1.1206;2.6963;4.0119;4.5121;4.4352;3.7028;2.5447;1.5144;0.8168;0.1573;0.0049;0.004;0.0033;0.0028;0;0
748606_current;748606;748606;4333;cross_sectional;0;144;2026-03-10;2026-07-31;1;0;1;0;0;20.003;36.459;0.9306;0.0004;0.0004;0.0002;0.0003;0.0013;0.0003;0.0011;0.0066;0.064;0.927;1.6602;2.8804;3.2212;3.3186;2.9771;2.3871;1.2751;0.9796;0.2708;0.0277;0.0007;0.0005;0.0015;0.0005;0;0
748977_current;748977;748977;5706;cross_sectional;1;364;2025-08-01;2026-07-31;1;1;1;1;0;0.0;0.0;0.0;0.0;0.0;0.0;0.0;0.0;0.0;0.0;0.0;0.0;0.0;0.0;0.0;0.0;0.0;0.0;0.0;0.0;0.0;0.0;0.0;0.0;0.0;0.0;0.0;0;0
749578_current;749578;749578;5504;cross_sectional;0;365;2025-08-01;2026-07-31;1;0;1;0;0;0.0;0.0;0.0;0.0;0.0;0.0;0.0;0.0;0.0;0.0;0.0;0.0;0.0;0.0;0.0;0.0;0.0;0.0;0.0;0.0;0.0;0.0;0.0;0.0;0.0;0.0;0.0;0;0
750388_current;750388;750388;5107;cross_sectional;0;365;2025-08-01;2026-07-31;1;0;1;1;0;24.208;73.376;0.7096;0.0015;0.0014;0.0014;0.0015;0.0015;0.0023;0.004;0.0079;0.3872;1.8446;2.865;3.4988;3.9032;3.8613;3.297;2.3818;1.3898;0.6004;0.1374;0.013;0.002;0.0018;0.0017;0.0016;0;0
750496_current;750496;750496;4315;cross_sectional;1;38;2026-06-24;2026-07-31;1;0;0;1;0;93.429;111.909;1.0;0.0136;0.0127;0.0116;0.0117;0.011;0.1092;0.6739;1.2919;2.5276;6.7335;7.3648;10.8232;11.0366;10.8935;10.6003;10.0752;8.7808;7.1577;4.1176;1.0273;0.0519;0.0438;0.0345;0.0253;1;1
751215_current;751215;751215;5107;cross_sectional;0;365;2025-08-01;2026-07-31;1;0;1;0;0;17.278;59.159;0.8438;0.0007;0.0007;0.0008;0.0008;0.0008;0.0014;0.0526;0.3003;0.7192;1.0252;1.5321;2.0762;2.2647;2.278;2.1387;1.8358;1.45;0.9977;0.5146;0.0837;0.001;0.0009;0.0008;0.0008;0;0
751403_current;751403;751403;5105;cross_sectional;1;365;2025-08-01;2026-07-31;1;1;0;0;0;206.141;514.237;0.9945;0.0;0.0;0.0;0.0;0.0009;0.4717;2.354;5.3713;9.5812;14.3697;20.1618;25.0911;27.932;27.4396;24.2075;19.6518;14.4355;9.6422;4.6345;0.7661;0.0302;0.0;0.0;0.0;0;0
751454_current;751454;751454;4310;cross_sectional;1;363;2025-08-01;2026-07-31;1;1;1;1;0;12.849;37.274;0.6997;0.0014;0.0012;0.0011;0.0011;0.0011;0.0014;0.0016;0.0027;0.0041;0.037;0.2293;1.1655;2.1742;2.5793;2.4689;1.9556;1.2276;0.7244;0.2425;0.0216;0.0025;0.0019;0.0015;0.0014;0;0
751780_current;751780;751780;4313;cross_sectional;0;247;2025-08-01;2026-07-31;1;0;1;0;0;11.02;46.626;0.498;0.0006;0.0006;0.0005;0.0005;0.0012;0.0007;0.0017;0.0203;0.1295;0.4826;0.9965;1.3514;1.5792;1.6641;1.4686;1.3908;1.0745;0.6268;0.217;0.0088;0.0014;0.0011;0.001;0.0006;0;0
751926_current;751926;751926;8962;cross_sectional;0;364;2025-08-01;2026-07-31;1;0;1;0;0;13.69;38.619;0.8544;0.0013;0.0007;0.001;0.0008;0.0013;0.0037;0.0055;0.0121;0.0782;0.5815;1.3864;2.034;2.2946;2.3535;2.097;1.5638;0.8776;0.3267;0.0507;0.0105;0.004;0.0019;0.001;0.0024;0;0
752093_current;752093;752093;4303;cross_sectional;1;365;2025-08-01;2026-07-31;1;0;1;0;0;14.241;53.256;0.6658;0.0008;0.0008;0.001;0.0008;0.0008;0.0011;0.0019;0.0337;0.2484;0.7265;1.3352;1.8506;2.0772;2.1557;1.9563;1.5283;1.082;0.7705;0.3798;0.0819;0.0026;0.0022;0.0016;0.0011;0;0
757719_current;757719;757719;4312;cross_sectional;1;148;2026-03-06;2026-07-31;1;1;1;0;0;42.327;83.101;0.8919;0.0082;0.0074;0.0061;0.0055;0.0046;0.0055;0.0276;0.6714;1.869;2.9672;4.3479;4.9508;5.3792;5.6637;5.2734;4.4;3.2846;2.1579;1.0235;0.2286;0.013;0.0112;0.0107;0.0095;0;0
759548_current;759548;759548;8962;cross_sectional;1;365;2025-08-01;2026-07-31;1;1;1;0;0;12.339;53.83;0.5123;0.0016;0.0014;0.0013;0.0012;0.0014;0.0017;0.0019;0.012;0.123;0.3239;0.9446;1.5179;1.8913;2.0672;1.9813;1.5492;1.0817;0.5925;0.2003;0.0361;0.0022;0.0021;0.0019;0.0016;0;0
764446_current;764446;764446;5707;cross_sectional;1;364;2025-08-01;2026-07-31;0;1;0;0;0;13.342;59.739;0.5302;0.0012;0.0012;0.0011;0.001;0.001;0.0019;0.0028;0.006;0.1137;0.5228;1.185;1.8057;2.2054;2.2755;2.0716;1.564;0.981;0.4538;0.1234;0.0172;0.0024;0.0017;0.0015;0.0013;0;0
770736_current;770736;770736;5027;cross_sectional;1;364;2025-08-01;2026-07-31;1;0;1;0;0;28.292;86.517;0.6758;0.0224;0.0246;0.0259;0.0238;0.0177;0.0142;0.0167;0.0668;0.543;1.6159;2.7651;3.5307;3.9198;4.0587;3.798;3.2205;2.5208;1.3881;0.5787;0.0385;0.0289;0.0272;0.0245;0.021;0;0
776146_current;776146;776146;5452;cross_sectional;0;365;2025-08-01;2026-07-31;0;1;0;0;0;0.0;0.0;0.0;0.0;0.0;0.0;0.0;0.0;0.0;0.0;0.0;0.0;0.0;0.0;0.0;0.0;0.0;0.0;0.0;0.0;0.0;0.0;0.0;0.0;0.0;0.0;0.0;0;0
778612_current;778612;778612;5725;cross_sectional;1;365;2025-08-01;2026-07-31;0;0;1;0;0;43.362;149.297;0.8329;0.0069;0.0075;0.0065;0.0068;0.0069;0.0084;0.0337;0.3346;1.7977;3.4778;4.9917;6.1927;6.8429;6.5141;5.5146;3.9258;2.3952;0.9979;0.2192;0.0406;0.0107;0.0118;0.0108;0.0078;0;0
785007_current;785007;785007;5622;cross_sectional;1;364;2025-08-01;2026-07-31;1;0;1;1;0;4.756;19.58;0.4808;0.0013;0.0012;0.0012;0.0011;0.0011;0.0013;0.001;0.0012;0.0018;0.0027;0.0114;0.1843;0.7068;1.0174;1.0815;0.9495;0.5392;0.1795;0.0573;0.0067;0.0025;0.0023;0.0018;0.0015;0;0
785360_current;785360;785360;5622;cross_sectional;1;363;2025-08-01;2026-07-31;1;1;1;1;0;16.538;69.41;0.5537;0.0009;0.0008;0.0006;0.0002;0.0003;0.0021;0.0216;0.0457;0.2515;0.8229;1.696;2.2476;2.4624;2.5433;2.2993;1.8841;1.2869;0.6887;0.2385;0.0324;0.0045;0.0038;0.003;0.0015;0;0
785531_current;785531;785531;5622;cross_sectional;0;364;2025-08-01;2026-07-31;0;1;0;0;0;0.0;0.0;0.0;0.0;0.0;0.0;0.0;0.0;0.0;0.0;0.0;0.0;0.0;0.0;0.0;0.0;0.0;0.0;0.0;0.0;0.0;0.0;0.0;0.0;0.0;0.0;0.0;0;0
785596_current;785596;785596;5622;cross_sectional;1;363;2025-08-01;2026-07-31;1;1;1;1;0;19.214;65.873;0.5702;0.0003;0.0003;0.0003;0.0009;0.0007;0.0017;0.0033;0.1274;0.5651;1.1529;1.7153;2.1591;2.8801;3.16;2.688;2.1731;1.4354;0.7752;0.315;0.057;0.0012;0.0007;0.0005;0.0004;0;0
785642_current;785642;785642;5622;cross_sectional;0;364;2025-08-01;2026-07-31;0;1;0;0;0;27.606;78.013;0.8352;0.0;0.0;0.0;0.0;0.0001;0.0005;0.0361;0.3077;1.022;1.7814;2.3611;3.0534;3.6217;3.7298;3.4846;2.9737;2.322;1.675;0.988;0.2464;0.0017;0.0002;0.0001;0.0001;0;0
790904_current;790904;790904;5506;cross_sectional;1;364;2025-08-01;2026-07-31;1;1;1;1;0;20.418;76.631;0.5797;0.0241;0.0221;0.018;0.0137;0.0096;0.0101;0.0174;0.0266;0.0369;0.2938;1.3313;2.4152;3.1433;3.4087;3.2711;2.6943;1.893;1.13;0.4534;0.0823;0.0322;0.0315;0.0313;0.0282;0;0
805535_current;805535;805535;4313;cross_sectional;1;267;2025-11-07;2026-07-31;1;0;1;0;0;12.602;45.012;0.5393;0.0014;0.0014;0.0016;0.0017;0.0017;0.0033;0.0041;0.0061;0.0178;0.3732;1.1392;1.8002;2.2401;2.3226;2.0579;1.5012;0.7948;0.2609;0.0574;0.0075;0.0029;0.0021;0.0016;0.0015;0;0
805537_current;805537;805537;4313;cross_sectional;1;267;2025-11-07;2026-07-31;1;0;1;0;0;11.219;41.187;0.5281;0.002;0.002;0.0016;0.0012;0.0009;0.0016;0.0032;0.0035;0.0233;0.2566;0.9226;1.6411;1.9872;2.0608;1.9236;1.4054;0.6939;0.228;0.0416;0.0086;0.0036;0.0026;0.0023;0.002;0;0
806207_current;806207;806207;5225;cross_sectional;1;364;2025-08-01;2026-07-31;1;0;1;1;0;18.452;68.463;0.6181;0.0029;0.0027;0.002;0.0019;0.0021;0.0021;0.0027;0.0046;0.0078;0.189;1.2241;2.2361;3.0516;3.6926;3.369;2.3314;1.2804;0.6436;0.3287;0.0629;0.0048;0.0035;0.0032;0.0031;0;0
809909_current;809909;809909;5506;cross_sectional;1;364;2025-08-01;2026-07-31;1;0;0;0;0;37.959;100.0;0.9368;0.0;0.0;0.0;0.0;0.0;0.0501;0.2857;0.6986;1.2606;2.2286;3.4465;4.4852;5.1047;5.3555;4.9714;4.0946;2.806;1.8681;1.0209;0.28;0.0031;0.0;0.0;0.0;0;0
811757_current;811757;811757;5608;cross_sectional;1;256;2025-10-04;2026-07-31;1;0;0;0;0;28.381;87.237;0.6641;0.0284;0.0325;0.0331;0.0297;0.0212;0.0163;0.0182;0.2751;1.82;2.9368;3.9597;4.3247;4.2685;4.0556;3.2514;2.0052;0.7804;0.241;0.1441;0.0454;0.018;0.0236;0.0267;0.0258;0;0
812506_current;812506;812506;5506;cross_sectional;1;365;2025-08-01;2026-07-31;1;0;1;0;0;27.96;83.716;0.7315;0.001;0.001;0.0009;0.001;0.0011;0.0038;0.0063;0.0034;0.0215;0.6367;2.2954;3.5348;4.1855;4.4593;4.5067;4.008;2.6277;1.2764;0.3613;0.0238;0.0014;0.0011;0.0012;0.001;0;0
812691_current;812691;812691;5620;cross_sectional;1;365;2025-07-31;2026-07-30;1;1;0;1;0;15.281;42.72;0.8849;0.0;0.0;0.0;0.0;0.0;0.0008;0.0208;0.09;0.2405;0.5795;1.1389;1.3194;1.9065;2.4062;2.5027;2.1926;1.5814;0.8975;0.3474;0.057;0.0001;0.0;0.0;0.0;0;0
813191_current;813191;813191;5107;cross_sectional;1;121;2026-04-02;2026-07-31;1;0;1;0;0;44.389;66.049;0.9835;0.0063;0.0071;0.0073;0.0069;0.0066;0.0071;0.0079;0.0154;0.8262;3.4368;4.81;5.7808;6.2851;6.066;5.1137;4.1787;3.3639;2.7282;1.532;0.1729;0.0087;0.0076;0.0069;0.0067;0;0
821251_current;821251;821251;4303;cross_sectional;0;364;2025-08-01;2026-07-31;0;0;0;1;0;17.291;39.645;0.9203;0.0;0.0;0.0;0.0;0.0;0.001;0.0611;0.3577;0.8407;1.3978;1.9696;2.4147;2.5344;2.5165;2.2031;1.6047;0.9224;0.3905;0.0712;0.0059;0.0;0.0;0.0;0.0;0;0
821253_current;821253;821253;4303;cross_sectional;1;365;2025-08-01;2026-07-31;1;1;1;0;0;10.576;32.71;0.6548;0.0013;0.0012;0.001;0.001;0.0009;0.0028;0.0033;0.0053;0.0094;0.0407;0.4701;1.3201;1.8558;2.0698;1.9407;1.5121;0.897;0.3648;0.0527;0.0122;0.0059;0.0037;0.0025;0.0022;0;0
821258_current;821258;821258;4303;cross_sectional;1;364;2025-08-01;2026-07-31;1;0;1;1;0;9.236;34.113;0.6291;0.0004;0.0003;0.0003;0.0003;0.0003;0.0008;0.0049;0.014;0.0937;0.4564;0.9155;1.211;1.3769;1.5339;1.4387;1.1156;0.6789;0.3107;0.0712;0.0069;0.0014;0.002;0.001;0.0006;0;0
821264_current;821264;821264;4303;cross_sectional;1;364;2025-08-01;2026-07-31;1;0;1;0;0;13.8;34.995;0.8462;0.0;0.0;0.0;0.0;0.0001;0.0013;0.0039;0.0552;0.2695;0.7888;1.6505;2.1876;2.3926;2.3643;2.0352;1.2739;0.5958;0.1642;0.0138;0.0016;0.0006;0.0004;0.0001;0.0;0;0
821268_current;821268;821268;4303;cross_sectional;1;364;2025-08-01;2026-07-31;0;0;0;1;0;9.832;35.963;0.8736;0.0;0.0;0.0;0.0;0.0;0.0002;0.0206;0.2423;0.4609;0.7237;1.0581;1.2979;1.4128;1.4255;1.3382;1.0012;0.5659;0.2382;0.0443;0.0018;0.0;0.0;0.0;0.0;0;0
821784_current;821784;821784;5707;cross_sectional;1;365;2025-08-01;2026-07-31;1;1;1;0;0;22.515;90.504;0.6082;0.0109;0.0094;0.0081;0.0044;0.0029;0.0015;0.0069;0.0236;0.0521;0.1068;1.0777;2.8101;3.772;4.2173;3.8126;3.0675;1.9419;1.0147;0.3724;0.1095;0.0317;0.0263;0.0215;0.0133;0;0
829143_current;829143;829143;5522;cross_sectional;0;362;2025-08-01;2026-07-31;0;1;0;0;0;0.0;0.0;0.0;0.0;0.0;0.0;0.0;0.0;0.0;0.0;0.0;0.0;0.0;0.0;0.0;0.0;0.0;0.0;0.0;0.0;0.0;0.0;0.0;0.0;0.0;0.0;0.0;0;0
847175_current;847175;847175;5106;cross_sectional;1;365;2025-08-01;2026-07-31;1;0;0;0;0;41.807;114.756;0.9644;0.0;0.0;0.0;0.0;0.0;0.0204;0.258;0.648;2.1859;3.8083;5.0196;5.6752;6.0047;5.9431;5.1196;3.8971;2.1957;0.7987;0.1974;0.0353;0.0;0.0;0.0;0.0;0;0
851473_current;851473;851473;8962;cross_sectional;1;363;2025-08-01;2026-07-31;1;0;1;1;0;45.75;139.017;0.8981;0.0468;0.0447;0.0323;0.0231;0.0228;0.0316;0.0721;0.3243;2.0303;3.63;3.0539;5.1604;6.2783;6.7068;6.1501;4.7595;3.3074;2.2828;1.2197;0.2523;0.1011;0.0871;0.0772;0.056;0;0
859760_current;859760;859760;5707;cross_sectional;1;190;2026-01-23;2026-07-31;1;1;1;1;0;0.73;3.929;0.3316;0.0032;0.0027;0.0019;0.0018;0.0017;0.0016;0.0019;0.0034;0.011;0.0358;0.0624;0.0732;0.0859;0.0848;0.0806;0.0732;0.0632;0.0543;0.0427;0.0203;0.0089;0.007;0.005;0.0035;0;0
863162_current;863162;863162;4324;cross_sectional;1;280;2025-10-25;2026-07-31;1;0;1;0;0;45.911;137.24;0.7643;0.0026;0.0023;0.0018;0.0017;0.0011;0.0025;0.0338;0.5265;2.2245;3.832;5.1508;5.9731;6.022;6.2309;5.5906;4.4244;3.2211;1.8478;0.7015;0.0999;0.0073;0.0051;0.0044;0.0031;0;0
865899_current;865899;865899;5225;cross_sectional;1;365;2025-08-01;2026-07-31;1;0;1;0;0;14.69;64.153;0.6082;0.0022;0.0021;0.0021;0.002;0.0023;0.0024;0.0028;0.0039;0.0084;0.2245;1.2343;2.0;2.4315;2.6749;2.7094;1.9739;0.9799;0.3474;0.0666;0.0066;0.0038;0.0034;0.0028;0.0025;0;0
866821_current;866821;866821;5070;cross_sectional;0;192;2026-01-21;2026-07-31;0;1;0;0;0;44.132;84.161;0.9271;0.0025;0.0023;0.0024;0.0024;0.0028;0.0054;0.0069;0.637;2.1445;3.395;4.4709;5.0419;5.408;5.6244;5.234;4.3863;3.205;2.4035;1.6035;0.5246;0.0189;0.0042;0.0031;0.0026;1;1
867344_current;867344;867344;4333;cross_sectional;0;131;2026-03-23;2026-07-31;1;1;1;0;0;0.0;0.0;0.0;0.0;0.0;0.0;0.0;0.0;0.0;0.0;0.0;0.0;0.0;0.0;0.0;0.0;0.0;0.0;0.0;0.0;0.0;0.0;0.0;0.0;0.0;0.0;0.0;0;0
867869_current;867869;867869;5504;cross_sectional;1;365;2025-08-01;2026-07-31;1;0;1;1;0;14.453;63.011;0.5562;0.0037;0.0028;0.0022;0.0016;0.001;0.0008;0.003;0.0074;0.0285;0.2205;0.9474;1.9584;2.096;2.2857;2.1638;1.9498;1.493;0.8907;0.3149;0.0589;0.0072;0.0062;0.0052;0.0043;0;0
868792_current;868792;868792;4322;cross_sectional;1;363;2025-08-01;2026-07-31;1;1;1;0;0;49.633;137.004;0.7879;0.0337;0.031;0.025;0.0166;0.0077;0.0088;0.0258;0.3885;1.8583;3.4239;5.0742;6.2345;6.911;6.9803;6.2427;4.9299;3.257;2.1764;1.3467;0.4613;0.062;0.0505;0.051;0.0358;0;0
870640_current;870640;870640;5027;cross_sectional;0;364;2025-08-01;2026-07-31;0;1;0;0;1;29.363;115.523;0.6951;0.0008;0.0007;0.0004;0.0003;0.0004;0.0025;0.0147;0.3987;1.3442;2.1774;2.9486;3.8;4.1508;4.1061;3.7204;3.0449;2.1039;1.0854;0.3674;0.0694;0.0117;0.0083;0.004;0.0024;0;0
872270_current;872270;872270;5706;cross_sectional;1;363;2025-08-01;2026-07-31;1;1;0;0;0;20.901;64.945;0.8209;0.0;0.0;0.0;0.0;0.0;0.0001;0.0074;0.1589;0.7773;1.1202;1.856;2.796;3.5844;3.57;3.0579;2.3135;1.2215;0.4124;0.0255;0.0002;0.0;0.0;0.0;0.0;0;0
874661_current;874661;874661;5106;cross_sectional;1;365;2025-08-01;2026-07-31;1;0;1;0;0;17.546;82.766;0.5726;0.0006;0.0003;0.0002;0.0005;0.0006;0.0015;0.0047;0.0066;0.1028;0.3868;1.1703;2.2918;3.0006;3.2148;2.9767;2.2419;1.1649;0.6329;0.2883;0.0544;0.0026;0.0013;0.0005;0.0004;0;0
878287_current;878287;878287;4303;cross_sectional;1;353;2025-08-12;2026-07-31;1;0;1;0;0;18.052;70.945;0.5694;0.0025;0.0022;0.0019;0.0016;0.0016;0.0073;0.0063;0.0365;0.359;1.0796;1.9336;2.5146;2.8823;3.0397;2.9088;2.0727;0.9218;0.1766;0.0648;0.0186;0.0078;0.0062;0.0039;0.0027;0;0
878846_current;878846;878846;5506;cross_sectional;1;365;2025-08-01;2026-07-31;1;0;0;0;0;35.951;90.66;0.9425;0.0;0.0;0.0;0.0;0.0;0.0741;0.5088;0.9727;1.8554;2.7756;3.7698;4.4177;4.8328;4.8614;4.3371;3.4496;2.3291;1.2547;0.459;0.0536;0.0;0.0;0.0;0.0;0;0
881402_current;881402;881402;4313;cross_sectional;0;364;2025-08-01;2026-07-31;1;0;1;0;0;0.0;0.0;0.0;0.0;0.0;0.0;0.0;0.0;0.0;0.0;0.0;0.0;0.0;0.0;0.0;0.0;0.0;0.0;0.0;0.0;0.0;0.0;0.0;0.0;0.0;0.0;0.0;0;0
884000_current;884000;884000;5107;cross_sectional;0;365;2025-08-01;2026-07-31;1;0;1;0;0;16.121;56.563;0.5945;0.0055;0.005;0.0049;0.0049;0.0052;0.005;0.0084;0.0139;0.2836;1.0533;1.9408;2.6143;2.8974;2.8432;2.3505;1.3808;0.4529;0.1458;0.0498;0.0198;0.0132;0.0095;0.0071;0.0059;0;0
885322_current;885322;885322;4313;cross_sectional;1;310;2025-09-25;2026-07-31;1;0;1;0;0;19.967;71.036;0.5935;0.0018;0.0018;0.0011;0.0014;0.0012;0.0037;0.008;0.0208;0.4193;1.0453;1.8659;2.4801;3.0356;3.1795;2.8846;2.2334;1.4987;0.8712;0.3562;0.0463;0.004;0.0032;0.0024;0.0017;0;0
885769_current;885769;885769;4313;cross_sectional;0;170;2026-02-11;2026-07-31;1;0;1;1;0;34.027;77.295;0.6353;0.0058;0.0053;0.0052;0.0049;0.0053;0.0054;0.0057;0.3408;0.8181;2.0175;3.7181;4.3465;4.645;4.5793;4.2232;3.5892;2.632;1.7784;0.9716;0.3015;0.0109;0.0061;0.0056;0.0056;0;0
890111_current;890111;890111;5235;cross_sectional;0;130;2026-03-24;2026-07-31;1;0;1;0;0;53.631;90.264;0.9769;0.0012;0.0009;0.0011;0.001;0.0007;0.0072;0.0048;0.5727;2.5064;3.9823;5.2479;6.493;6.8885;6.9725;6.3272;5.2307;3.9426;2.9255;1.9196;0.5859;0.0109;0.0053;0.0024;0.0012;0;0
891106_current;891106;891106;4313;cross_sectional;0;276;2025-10-29;2026-07-31;1;0;1;0;0;27.552;82.601;0.6449;0.0069;0.0065;0.0066;0.0062;0.0063;0.0069;0.0078;0.2037;1.1784;2.0485;2.8433;3.3743;3.7293;3.8423;3.4689;2.8468;2.0666;1.2213;0.5238;0.1214;0.0126;0.009;0.0077;0.0069;0;0
893520_current;893520;893520;4313;cross_sectional;1;284;2025-10-21;2026-07-31;1;0;1;0;0;20.961;71.085;0.5775;0.0079;0.0077;0.0072;0.007;0.0067;0.0078;0.0076;0.0821;0.4727;1.157;1.9512;2.5202;2.9353;3.1073;2.9368;2.3651;1.6479;1.0333;0.4887;0.1669;0.0162;0.0106;0.0096;0.0086;0;0
896125_pre_install;896125;896125;5745;augmented_before;1;363;2023-09-20;2024-09-18;0;0;0;0;0;0.0;0.0;0.0;0.0;0.0;0.0;0.0;0.0;0.0;0.0;0.0;0.0;0.0;0.0;0.0;0.0;0.0;0.0;0.0;0.0;0.0;0.0;0.0;0.0;0.0;0.0;0.0;0;0
896125_current;896125;896125;5745;cross_sectional;1;309;2025-09-25;2026-07-31;1;0;0;0;0;0.0;0.0;0.0;0.0;0.0;0.0;0.0;0.0;0.0;0.0;0.0;0.0;0.0;0.0;0.0;0.0;0.0;0.0;0.0;0.0;0.0;0.0;0.0;0.0;0.0;0.0;0.0;0;0
896592_current;896592;896592;4313;cross_sectional;1;310;2025-09-25;2026-07-31;1;0;0;0;0;37.717;124.36;0.7323;0.0038;0.0033;0.0031;0.0029;0.0029;0.0047;0.0677;0.5456;1.3037;2.1455;3.289;4.3328;4.9817;5.0985;4.8204;4.1404;3.2277;2.2039;1.1833;0.3226;0.0165;0.0066;0.0055;0.0047;0;0
897353_current;897353;897353;5522;cross_sectional;1;365;2025-08-01;2026-07-31;1;0;1;0;0;16.02;57.267;0.5808;0.0035;0.0035;0.0033;0.0033;0.0033;0.0037;0.004;0.005;0.0074;0.0558;0.476;1.7532;2.5808;2.6937;2.4969;2.4133;2.0825;1.1068;0.2758;0.0274;0.0061;0.0056;0.0048;0.004;0;0
897928_pre_install;897928;897928;5733;augmented_before;1;365;2024-10-29;2025-10-28;0;0;0;0;0;0.0;0.0;0.0;0.0;0.0;0.0;0.0;0.0;0.0;0.0;0.0;0.0;0.0;0.0;0.0;0.0;0.0;0.0;0.0;0.0;0.0;0.0;0.0;0.0;0.0;0.0;0.0;0;0
897928_current;897928;897928;5733;cross_sectional;1;275;2025-10-30;2026-07-31;0;1;0;0;0;0.0;0.0;0.0;0.0;0.0;0.0;0.0;0.0;0.0;0.0;0.0;0.0;0.0;0.0;0.0;0.0;0.0;0.0;0.0;0.0;0.0;0.0;0.0;0.0;0.0;0.0;0.0;0;0
898693_current;898693;898693;5504;cross_sectional;1;365;2025-08-01;2026-07-31;1;0;0;1;0;27.11;75.112;0.8795;0.0;0.0;0.0;0.0;0.0;0.0017;0.2005;0.5906;1.3286;2.7664;3.7806;4.359;4.3281;3.9142;3.039;1.938;0.6987;0.1403;0.0191;0.0052;0.0;0.0;0.0;0.0;0;0
903068_current;903068;903068;5620;cross_sectional;1;365;2025-08-01;2026-07-31;1;0;1;1;0;16.202;74.13;0.5397;0.0027;0.0045;0.0026;0.002;0.002;0.0031;0.0045;0.0059;0.0087;0.0204;0.3169;1.6989;2.4077;2.8394;2.9853;2.7055;1.8958;0.9684;0.3026;0.0097;0.0046;0.004;0.0029;0.0037;0;0
906291_current;906291;906291;8962;cross_sectional;1;364;2025-08-01;2026-07-31;0;1;0;0;0;0.0;0.0;0.0;0.0;0.0;0.0;0.0;0.0;0.0;0.0;0.0;0.0;0.0;0.0;0.0;0.0;0.0;0.0;0.0;0.0;0.0;0.0;0.0;0.0;0.0;0.0;0.0;0;0
906991_current;906991;906991;4310;cross_sectional;0;365;2025-08-01;2026-07-31;0;1;0;0;0;0.0;0.0;0.0;0.0;0.0;0.0;0.0;0.0;0.0;0.0;0.0;0.0;0.0;0.0;0.0;0.0;0.0;0.0;0.0;0.0;0.0;0.0;0.0;0.0;0.0;0.0;0.0;0;0
909265_current;909265;909265;4468;cross_sectional;0;365;2025-08-01;2026-07-31;0;1;0;0;0;0.0;0.0;0.0;0.0;0.0;0.0;0.0;0.0;0.0;0.0;0.0;0.0;0.0;0.0;0.0;0.0;0.0;0.0;0.0;0.0;0.0;0.0;0.0;0.0;0.0;0.0;0.0;0;0
