date,global_radiation,temp_mean,temp_min,temp_max,n_stations,clear_sky_threshold,is_clear_sky,clearness
2023-01-01,62.0,8.540000000000001,2.7,15.7,5,59.7,True,0.8049857179953259
2023-01-02,49.6,7.720000000000001,2.7,14.2,5,59.7,False,0.6439885743962608
2023-01-03,23.4,6.74,1.8,9.1,5,59.7,False,0.3038171903401714
2023-01-04,22.8,6.68,2.4,10.8,5,59.7,False,0.2960270059724747
2023-01-05,32.0,9.34,4.4,12.5,5,59.7,False,0.4154764996104908
2023-01-06,23.0,7.4,4.9,10.0,5,59.7,False,0.2986237340950403
2023-01-07,62.8,6.0600000000000005,-0.3,11.0,5,59.7,True,0.8153726304855882
2023-01-08,11.2,4.74,-0.1,7.9,5,59.7,False,0.14541677486367177
2023-01-09,37.4,5.64,2.5,8.7,5,59.7,False,0.4855881589197611
2023-01-10,47.6,4.9399999999999995,2.7,8.1,5,59.7,False,0.6180212931706051
2023-01-11,15.0,6.36,2.8,9.7,5,59.7,False,0.19475460919241758
2023-01-12,29.0,7.42,3.7,10.6,5,59.7,False,0.3765255777720073
2023-01-13,37.4,7.340000000000001,4.3,10.3,5,59.7,False,0.4855881589197611
2023-01-14,39.4,6.32,1.4,11.8,5,59.7,False,0.5115554401454168
2023-01-15,14.6,5.9,-1.0,13.5,5,59.7,False,0.18956115294728643
2023-01-16,21.6,2.42,-2.1,6.8,5,59.7,False,0.2804466372370813
2023-01-17,20.6,0.8,-1.5,2.9,5,59.7,False,0.2674629966242535
2023-01-18,40.2,0.74,-1.7,2.4,5,59.7,False,0.5219423526356791
2023-01-19,65.8,-1.72,-6.8,1.7,5,59.7,True,0.8543235523240716
2023-01-20,65.6,-3.1399999999999997,-7.5,2.1,5,59.7,True,0.851726824201506
2023-01-21,59.4,-3.28,-9.2,0.9,5,59.7,False,0.7712282524019736
2023-01-22,27.4,-0.5599999999999999,-2.5,1.5,5,59.7,False,0.35575175279148274
2023-01-23,8.8,0.9800000000000001,-1.3,3.0,5,59.7,False,0.11425603739288498
2023-01-24,9.8,2.7399999999999998,2.0,3.5,5,59.7,False,0.12723967800571281
2023-01-25,11.6,1.9600000000000002,0.7,2.9,5,59.7,False,0.15061023110880292
2023-01-26,12.2,0.48,-1.0,1.4,5,59.7,False,0.1584004154764996
2023-01-27,16.4,0.039999999999999994,-1.5,1.0,5,59.7,False,0.2129317060503765
2023-01-28,20.8,0.96,-1.0,2.7,5,59.7,False,0.27005972474681905
2023-01-29,29.4,0.3,-4.2,2.0,5,59.7,False,0.3817190340171384
2023-01-30,61.6,0.24,-4.3,4.0,5,59.7,True,0.7997922617501948
2023-01-31,73.8,2.58,-2.0,5.6,5,59.7,True,0.9581926772266943
2023-02-01,31.2,4.36,0.7,7.6,5,95.6,False,0.259394745593615
2023-02-02,35.4,5.64,2.6,8.4,5,95.6,False,0.2943132690389093
2023-02-03,44.2,6.12,2.9,8.3,5,95.6,False,0.36747588959095456
2023-02-04,26.4,5.5200000000000005,0.4,7.9,5,95.6,False,0.21948786165613574
2023-02-05,29.2,1.64,-2.7,4.5,5,95.6,False,0.24276687728633198
2023-02-06,64.8,2.7199999999999998,-0.5,6.2,5,95.6,False,0.5387429331559696
2023-02-07,116.2,0.04,-3.8,4.4,5,95.6,True,0.966079148653143
2023-02-08,111.2,-2.1399999999999997,-6.8,2.5,5,95.6,True,0.9245094778849355
2023-02-09,116.6,-2.18,-8.2,5.8,5,95.6,True,0.9694047223145995
2023-02-10,118.4,-1.3,-7.3,6.7,5,95.6,True,0.9843698037911544
2023-02-11,110.6,-0.38,-6.6,8.3,5,95.6,True,0.9195211173927506
2023-02-12,109.8,2.0,-4.8,10.6,5,95.6,True,0.9128699700698374
2023-02-13,90.0,3.08,-2.3,8.1,5,95.6,False,0.7482540738277356
2023-02-14,65.6,0.8400000000000001,-2.4,5.4,5,95.6,False,0.5453940804788827
2023-02-15,91.4,0.86,-2.3,10.0,5,95.6,False,0.7598935816428337
2023-02-16,107.0,4.220000000000001,-2.9,14.2,5,95.6,True,0.8895909544396411
2023-02-17,60.0,9.5,4.8,14.8,5,95.6,False,0.49883604921849034
2023-02-18,93.0,11.66,4.8,16.4,5,95.6,False,0.77319587628866
2023-02-19,70.8,9.14,4.7,11.8,5,95.6,False,0.5886265380778186
2023-02-20,138.6,6.840000000000001,-0.4,16.0,5,95.6,True,1.1523112736947128
2023-02-21,141.6,5.3,-2.1,16.2,5,95.6,True,1.1772530761556372
2023-02-22,105.2,6.640000000000001,-1.6,13.8,5,95.6,True,0.8746258729630865
2023-02-23,111.4,8.540000000000001,1.8,14.3,5,95.6,True,0.9261722647156638
2023-02-24,118.0,7.220000000000001,0.4,15.7,5,95.6,True,0.9810442301296977
2023-02-25,47.0,4.42,-1.7,8.8,5,95.6,False,0.3907549052211508
2023-02-26,91.2,0.33999999999999997,-1.7,2.5,5,95.6,False,0.7582307948121054
2023-02-27,47.2,0.2,-1.6,1.8,5,95.6,False,0.3924176920518791
2023-02-28,53.8,-0.1,-3.2,2.0,5,95.6,False,0.447289657465913
2023-03-01,28.0,1.58,-1.4,2.9,5,165.8,False,0.13143688682345211
2023-03-02,42.8,2.7600000000000002,-0.4,5.4,5,165.8,False,0.20091066985870537
2023-03-03,117.2,4.04,-0.4,10.0,5,165.8,False,0.5501572548467353
2023-03-04,160.4,3.04,-2.5,10.0,5,165.8,False,0.7529455945172042
2023-03-05,162.2,2.4,-3.2,8.9,5,165.8,False,0.7613951086701404
2023-03-06,83.0,2.68,-2.5,6.8,5,165.8,False,0.38961648594094733
2023-03-07,131.6,4.159999999999999,-1.5,8.6,5,165.8,False,0.6177533680702249
2023-03-08,41.4,7.08,-0.8,13.4,5,165.8,False,0.19433882551753276
2023-03-09,138.4,11.26,6.1,16.4,5,165.8,False,0.6496737548702062
2023-03-10,37.0,7.859999999999999,4.0,11.2,5,165.8,False,0.17368445758813314
2023-03-11,68.8,3.06,0.2,5.3,5,165.8,False,0.32295920762333946
2023-03-12,87.4,6.88,3.0,12.9,5,165.8,False,0.41027085387034695
2023-03-13,160.2,12.580000000000002,4.1,22.3,5,165.8,False,0.7520067596113224
2023-03-14,68.4,7.9,3.7,11.9,5,165.8,False,0.3210815378115759
2023-03-15,189.2,4.279999999999999,-1.6,9.5,5,165.8,True,0.8881378209641835
2023-03-16,187.4,4.859999999999999,-2.7,13.6,5,165.8,True,0.8796883068112474
2023-03-17,160.8,7.68,-1.5,17.7,5,165.8,False,0.7548232643289678
2023-03-18,177.2,10.42,1.0,17.9,5,165.8,True,0.8318077266112754
2023-03-19,98.0,9.879999999999999,4.8,15.4,5,165.8,False,0.4600291038820824
2023-03-20,138.2,9.16,3.5,13.8,5,165.8,False,0.6487349199643243
2023-03-21,156.6,9.1,0.3,16.4,5,165.8,False,0.73510773130545
2023-03-22,213.8,11.48,3.3,19.8,5,165.8,True,1.0036145143876452
2023-03-23,80.2,13.12,8.1,17.7,5,165.8,False,0.3764727972586021
2023-03-24,22.6,10.24,4.5,13.5,5,165.8,False,0.1060883443646435
2023-03-25,105.6,8.6,4.8,12.9,5,165.8,False,0.4957048303055908
2023-03-26,85.0,7.62,3.4,14.6,5,165.8,False,0.39900483499976536
2023-03-27,152.8,5.279999999999999,1.4,8.4,5,165.8,False,0.7172698680936959
2023-03-28,230.4,5.42,-1.7,11.1,5,165.8,True,1.0815378115758345
2023-03-29,118.4,11.9,5.7,19.3,5,165.8,False,0.5557902642820262
2023-03-30,69.0,12.4,8.5,17.1,5,165.8,False,0.3238980425292213
2023-03-31,114.8,10.68,6.8,17.2,5,165.8,False,0.5388912359761536
2023-04-01,81.8,8.0,4.2,11.5,5,259.85,False,0.2688578471651602
2023-04-02,141.6,8.74,4.5,13.9,5,259.85,False,0.46540673788003284
2023-04-03,93.0,5.2,1.4,7.6,5,259.85,False,0.3056696795398521
2023-04-04,264.6,3.72,-2.4,9.6,5,259.85,True,0.8696795398520953
2023-04-05,259.8,3.9,-3.6,10.9,5,259.85,False,0.8539030402629417
2023-04-06,205.8,6.44,-3.5,12.7,5,259.85,False,0.6764174198849631
2023-04-07,92.2,6.340000000000001,3.2,9.2,5,259.85,False,0.3030402629416598
2023-04-08,110.2,7.56,2.0,11.9,5,259.85,False,0.36220213640098603
2023-04-09,260.8,7.82,1.3,14.4,5,259.85,True,0.857189811010682
2023-04-10,217.6,10.08,-0.4,17.7,5,259.85,False,0.7152013147082991
2023-04-11,120.0,10.559999999999999,7.4,14.5,5,259.85,False,0.3944124897288414
2023-04-12,82.4,9.16,5.0,14.5,5,259.85,False,0.27082990961380443
2023-04-13,121.0,5.9799999999999995,1.6,10.5,5,259.85,False,0.3976992604765818
2023-04-14,256.2,6.92,0.4,13.7,5,259.85,False,0.8420706655710763
2023-04-15,97.6,7.2,0.6,10.8,5,259.85,False,0.32078882497945765
2023-04-16,53.8,8.28,6.7,10.6,5,259.85,False,0.17682826622843056
2023-04-17,136.0,9.4,5.2,15.3,5,259.85,False,0.44700082169268696
2023-04-18,147.4,10.9,4.7,16.6,5,259.85,False,0.4844700082169269
2023-04-19,77.8,9.940000000000001,5.2,13.8,5,259.85,False,0.25571076417419886
2023-04-20,46.6,5.1,0.8,7.5,5,259.85,False,0.1531635168447001
2023-04-21,129.4,7.279999999999999,1.7,12.3,5,259.85,False,0.42530813475760065
2023-04-22,149.0,10.82,2.5,19.3,5,259.85,False,0.4897288414133114
2023-04-23,202.0,13.319999999999999,9.3,19.6,5,259.85,False,0.6639276910435498
2023-04-24,153.6,10.28,7.4,13.7,5,259.85,False,0.504847986852917
2023-04-25,150.0,7.38,3.0,12.2,5,259.85,False,0.4930156121610518
2023-04-26,198.6,9.1,3.3,14.9,5,259.85,False,0.6527526705012325
2023-04-27,240.8,12.959999999999999,7.2,19.6,5,259.85,False,0.7914543960558751
2023-04-28,68.8,13.14,9.7,17.9,5,259.85,False,0.22612982744453575
2023-04-29,248.6,15.8,9.5,21.2,5,259.85,False,0.8170912078882497
2023-04-30,147.0,13.9,8.1,17.9,5,259.85,False,0.48315529991783074
2023-05-01,113.4,11.84,9.6,15.8,5,311.35,False,0.33351960236463635
2023-05-02,201.8,11.879999999999999,6.9,17.7,5,311.35,False,0.5935119555307198
2023-05-03,305.6,12.540000000000001,4.5,20.2,5,311.35,False,0.8987970942031117
2023-05-04,306.2,15.34,4.7,24.5,5,311.35,False,0.9005617481838769
2023-05-05,208.4,15.680000000000001,10.0,24.4,5,311.35,False,0.6129231493191377
2023-05-06,249.4,16.28,10.2,22.8,5,311.35,False,0.7335078380047646
2023-05-07,173.8,15.0,9.0,21.5,5,311.35,False,0.5111614364283404
2023-05-08,142.8,15.040000000000001,11.1,19.0,5,311.35,False,0.4199876474221347
2023-05-09,165.8,14.959999999999999,10.0,20.9,5,311.35,False,0.48763271668480346
2023-05-10,187.2,13.24,9.6,16.8,5,311.35,False,0.5505720419987647
2023-05-11,132.8,11.26,9.1,14.9,5,311.35,False,0.3905767477427135
2023-05-12,223.4,12.959999999999999,9.2,18.8,5,311.35,False,0.6570394988382695
2023-05-13,133.4,12.76,8.3,16.7,5,311.35,False,0.39234140172347876
2023-05-14,142.0,11.68,6.6,16.4,5,311.35,False,0.41763477544778094
2023-05-15,140.4,11.879999999999999,7.6,17.7,5,311.35,False,0.41292903149907356
2023-05-16,60.8,11.34,8.0,14.8,5,311.35,False,0.17881827005088086
2023-05-17,214.4,11.28,6.3,16.1,5,311.35,False,0.6305696891267905
2023-05-18,156.4,11.84,4.0,15.6,5,311.35,False,0.4599864709861475
2023-05-19,192.8,13.219999999999999,8.7,17.6,5,311.35,False,0.5670421458192406
2023-05-20,126.2,14.24,9.1,19.4,5,311.35,False,0.37116555395429546
2023-05-21,274.8,17.16,9.3,25.7,5,311.35,False,0.8082115231904945
2023-05-22,317.8,19.119999999999997,11.4,27.1,5,311.35,True,0.9346783918120056
2023-05-23,195.6,17.080000000000002,11.5,23.2,5,311.35,False,0.5752771977294785
2023-05-24,79.2,13.059999999999999,8.0,16.4,5,311.35,False,0.23293432546101586
2023-05-25,235.0,15.02,9.6,21.1,5,311.35,False,0.6911561424663981
2023-05-26,325.4,18.04,9.3,26.4,5,311.35,True,0.9570306755683656
2023-05-27,334.0,18.3,10.3,26.0,5,311.35,True,0.9823240492926679
2023-05-28,336.8,17.68,8.1,26.6,5,311.35,True,0.9905591012029059
2023-05-29,346.8,18.080000000000002,7.0,26.9,5,311.35,True,1.0199700008823271
2023-05-30,325.0,18.8,8.7,26.4,5,311.35,True,0.9558542395811889
2023-05-31,340.4,19.18,10.9,26.6,5,311.35,True,1.0011470250874974
2023-06-01,327.6,19.119999999999997,9.2,27.4,5,338.45,False,0.9254237288135594
2023-06-02,338.4,19.919999999999998,10.8,28.0,5,338.45,False,0.9559322033898304
2023-06-03,331.8,19.34,9.5,27.4,5,338.45,False,0.9372881355932203
2023-06-04,255.6,17.98,10.9,26.9,5,338.45,False,0.7220338983050847
2023-06-05,317.6,18.240000000000002,8.5,26.9,5,338.45,False,0.897175141242938
2023-06-06,326.4,18.7,9.6,26.7,5,338.45,False,0.9220338983050846
2023-06-07,345.2,19.32,9.6,27.6,5,338.45,True,0.9751412429378531
2023-06-08,317.8,19.34,10.3,28.2,5,338.45,False,0.8977401129943503
2023-06-09,345.2,20.56,10.1,29.5,5,338.45,True,0.9751412429378531
2023-06-10,325.6,21.119999999999997,11.7,29.5,5,338.45,False,0.9197740112994351
2023-06-11,339.2,21.580000000000002,12.8,29.5,5,338.45,True,0.9581920903954801
2023-06-12,358.4,21.0,10.6,29.0,5,338.45,True,1.0124293785310734
2023-06-13,360.6,19.759999999999998,9.8,27.4,5,338.45,True,1.0186440677966102
2023-06-14,350.2,19.18,6.4,28.0,5,338.45,True,0.9892655367231639
2023-06-15,321.0,19.3,9.3,27.2,5,338.45,False,0.9067796610169492
2023-06-16,308.4,19.88,11.5,28.0,5,338.45,False,0.871186440677966
2023-06-17,341.6,20.34,9.8,29.1,5,338.45,True,0.9649717514124294
2023-06-18,291.0,21.740000000000002,10.4,32.0,5,338.45,False,0.8220338983050848
2023-06-19,271.6,23.04,16.9,30.8,5,338.45,False,0.7672316384180792
2023-06-20,290.2,22.82,17.9,31.6,5,338.45,False,0.819774011299435
2023-06-21,189.2,21.06,17.2,27.2,5,338.45,False,0.5344632768361581
2023-06-22,152.4,20.82,15.7,28.4,5,338.45,False,0.4305084745762712
2023-06-23,297.6,19.66,12.4,25.8,5,338.45,False,0.840677966101695
2023-06-24,351.2,20.0,11.2,27.3,5,338.45,True,0.9920903954802259
2023-06-25,357.2,21.580000000000002,10.9,30.9,5,338.45,True,1.0090395480225989
2023-06-26,335.2,22.64,13.3,30.1,5,338.45,False,0.9468926553672317
2023-06-27,293.4,19.6,12.2,25.1,5,338.45,False,0.8288135593220338
2023-06-28,275.6,18.96,11.5,26.5,5,338.45,False,0.7785310734463278
2023-06-29,254.8,21.34,12.2,28.5,5,338.45,False,0.7197740112994351
2023-06-30,121.8,18.44,15.7,22.0,5,338.45,False,0.3440677966101695
2023-07-01,240.6,18.880000000000003,15.1,23.8,5,313.95000000000005,False,0.6986265571009611
2023-07-02,225.6,19.160000000000004,12.7,24.3,5,313.95000000000005,False,0.6550712854612504
2023-07-03,282.2,20.080000000000002,12.6,24.8,5,313.95000000000005,False,0.819419843781759
2023-07-04,250.8,20.259999999999998,14.6,26.5,5,313.95000000000005,False,0.7282441418159645
2023-07-05,231.6,18.1,12.0,23.4,5,313.95000000000005,False,0.6724933941171346
2023-07-06,334.0,18.98,11.0,26.6,5,313.95000000000005,True,0.9698307151775604
2023-07-07,343.2,22.3,10.7,32.1,5,313.95000000000005,True,0.996544615116583
2023-07-08,188.2,20.9,16.0,29.4,5,313.95000000000005,False,0.5464734748395714
2023-07-09,337.2,24.759999999999998,14.5,35.0,5,313.95000000000005,True,0.9791225064606986
2023-07-10,269.2,24.14,17.2,31.8,5,313.95000000000005,False,0.7816719416940097
2023-07-11,312.6,25.880000000000003,16.9,36.4,5,313.95000000000005,False,0.9076918609715731
2023-07-12,170.4,21.419999999999998,17.1,26.9,5,313.95000000000005,False,0.49478788582711464
2023-07-13,266.8,20.1,13.4,25.8,5,313.95000000000005,False,0.7747030982316561
2023-07-14,316.2,21.1,11.0,30.4,5,313.95000000000005,True,0.9181451261651035
2023-07-15,285.2,24.160000000000004,14.4,34.1,5,313.95000000000005,False,0.8281308981097012
2023-07-16,276.4,20.16,15.4,25.3,5,313.95000000000005,False,0.8025784720810708
2023-07-17,281.6,21.78,15.6,27.4,5,313.95000000000005,False,0.8176776329161707
2023-07-18,247.6,22.06,14.4,28.8,5,313.95000000000005,False,0.7189523505328261
2023-07-19,320.0,23.7,16.3,30.1,5,313.95000000000005,True,0.9291791283138303
2023-07-20,275.4,21.060000000000002,14.1,27.0,5,313.95000000000005,False,0.7996747873050901
2023-07-21,212.0,19.22,12.7,25.4,5,313.95000000000005,False,0.6155811725079126
2023-07-22,296.8,19.419999999999998,11.2,26.9,5,313.95000000000005,False,0.8618136415110776
2023-07-23,273.6,20.919999999999998,10.9,30.1,5,313.95000000000005,False,0.794448154708325
2023-07-24,133.0,18.7,15.6,22.5,5,313.95000000000005,False,0.3861900752054357
2023-07-25,214.0,17.2,13.0,22.5,5,313.95000000000005,False,0.621388542059874
2023-07-26,222.4,15.0,10.7,20.4,5,313.95000000000005,False,0.6457794941781121
2023-07-27,206.8,17.560000000000002,10.0,25.3,5,313.95000000000005,False,0.6004820116728129
2023-07-28,181.4,19.259999999999998,13.8,26.5,5,313.95000000000005,False,0.5267284183629025
2023-07-29,135.4,19.119999999999997,15.3,25.8,5,313.95000000000005,False,0.39315891866778946
2023-07-30,269.0,19.240000000000002,12.5,24.5,5,313.95000000000005,False,0.7810912047388135
2023-07-31,245.6,18.46,11.0,25.2,5,313.95000000000005,False,0.7131449809808648
2023-08-01,109.8,17.36,11.6,21.3,5,274.4,False,0.3700458344567269
2023-08-02,210.6,20.1,11.3,30.1,5,274.4,False,0.7097600431383123
2023-08-03,220.0,19.36,12.9,24.5,5,274.4,False,0.7414397411701268
2023-08-04,203.0,16.919999999999998,13.2,22.2,5,274.4,False,0.6841466702615261
2023-08-05,217.2,17.48,13.5,22.4,5,274.4,False,0.732003235373416
2023-08-06,113.8,14.080000000000002,11.2,16.7,5,274.4,False,0.3835265570234565
2023-08-07,215.6,13.940000000000001,9.5,19.4,5,274.4,False,0.7266109463467242
2023-08-08,255.6,15.76,8.0,22.7,5,274.4,False,0.86141817201402
2023-08-09,175.8,17.84,13.1,24.5,5,274.4,False,0.592477756807765
2023-08-10,291.0,19.919999999999998,12.4,28.5,5,274.4,True,0.9807225667295768
2023-08-11,294.8,21.54,12.7,30.9,5,274.4,True,0.9935292531679699
2023-08-12,161.4,21.46,15.6,28.3,5,274.4,False,0.5439471555675385
2023-08-13,207.4,22.119999999999997,16.6,29.9,5,274.4,False,0.6989754650849287
2023-08-14,214.2,23.619999999999997,17.3,30.5,5,274.4,False,0.7218926934483688
2023-08-15,259.4,23.68,17.3,31.2,5,274.4,False,0.874224858452413
2023-08-16,279.8,23.66,15.0,32.8,5,274.4,True,0.942976543542734
2023-08-17,200.6,22.14,15.4,29.7,5,274.4,False,0.6760582367214883
2023-08-18,275.2,23.080000000000002,13.9,33.3,5,274.4,True,0.927473712590995
2023-08-19,255.0,24.46,14.9,35.1,5,274.4,False,0.8593960636290106
2023-08-20,264.6,25.48,16.9,35.1,5,274.4,False,0.8917497977891616
2023-08-21,267.4,26.04,18.1,35.2,5,274.4,False,0.9011863035858723
2023-08-22,265.2,26.48,18.4,35.2,5,274.4,False,0.893771906174171
2023-08-23,261.6,25.7,18.7,34.0,5,274.4,False,0.8816392558641145
2023-08-24,240.0,25.220000000000002,17.2,36.5,5,274.4,False,0.8088433540037747
2023-08-25,110.6,21.919999999999998,18.5,28.3,5,274.4,False,0.37274197897007283
2023-08-26,74.2,18.259999999999998,15.5,21.9,5,274.4,False,0.2500674036128337
2023-08-27,55.8,16.259999999999998,13.9,19.1,5,274.4,False,0.1880560798058776
2023-08-28,50.2,13.919999999999998,11.6,16.1,5,274.4,False,0.1691830682124562
2023-08-29,60.4,12.940000000000001,11.1,15.4,5,274.4,False,0.20355891075761662
2023-08-30,166.2,14.9,11.3,20.2,5,274.4,False,0.560124022647614
2023-08-31,128.8,15.8,11.6,19.3,5,274.4,False,0.43407926664869245
2023-09-01,235.2,18.66,12.5,26.0,5,206.65,True,0.9811855992657794
2023-09-02,247.2,19.64,11.6,28.2,5,206.65,True,1.0312460890242376
2023-09-03,211.8,20.1,12.6,28.3,5,206.65,True,0.8835676442367861
2023-09-04,248.0,21.7,13.9,29.7,5,206.65,True,1.0345834550081348
2023-09-05,250.6,20.16,11.9,28.6,5,206.65,True,1.0454298944558007
2023-09-06,247.0,19.66,10.7,28.4,5,206.65,True,1.0304117475282633
2023-09-07,239.6,21.04,13.1,30.1,5,206.65,True,0.9995411121772141
2023-09-08,235.0,21.880000000000003,14.4,31.0,5,206.65,True,0.9803512577698051
2023-09-09,227.0,21.86,14.9,31.1,5,206.65,True,0.946977597930833
2023-09-10,232.2,21.48,13.7,31.6,5,206.65,True,0.9686704768261649
2023-09-11,227.0,21.54,13.1,31.9,5,206.65,True,0.946977597930833
2023-09-12,185.6,21.54,14.0,30.3,5,206.65,False,0.7742689082641525
2023-09-13,105.4,18.86,15.9,24.3,5,206.65,False,0.4396979683784573
2023-09-14,156.8,18.44,14.1,23.8,5,206.65,False,0.6541237328438531
2023-09-15,163.6,18.54,13.2,25.0,5,206.65,False,0.6824913437069792
2023-09-16,174.4,19.64,13.4,28.0,5,206.65,False,0.7275457844895916
2023-09-17,192.2,21.06,14.6,29.1,5,206.65,False,0.8018021776313045
2023-09-18,55.6,17.919999999999998,15.1,21.2,5,206.65,False,0.23194693588085602
2023-09-19,163.6,17.66,12.0,23.4,5,206.65,False,0.6824913437069792
2023-09-20,211.0,17.28,9.6,25.4,5,206.65,True,0.8802302782528889
2023-09-21,131.2,18.2,13.4,25.1,5,206.65,False,0.5473280213591423
2023-09-22,100.8,14.319999999999999,10.7,19.0,5,206.65,False,0.4205081139710483
2023-09-23,143.2,12.28,7.4,17.8,5,206.65,False,0.5973885111176004
2023-09-24,203.8,12.26,5.8,20.3,5,206.65,False,0.850193984397814
2023-09-25,207.6,12.7,5.2,21.3,5,206.65,True,0.8660464728213257
2023-09-26,186.2,13.5,6.1,23.4,5,206.65,False,0.7767719327520753
2023-09-27,175.0,14.080000000000002,7.9,23.5,5,206.65,False,0.7300488089775145
2023-09-28,179.8,16.1,9.5,26.0,5,206.65,False,0.7500730048808978
2023-09-29,166.2,17.919999999999998,9.2,26.8,5,206.65,False,0.6933377831546451
2023-09-30,150.4,16.919999999999998,10.5,23.1,5,206.65,False,0.6274248049726753
2023-10-01,175.2,15.36,8.3,24.4,5,123.0,True,1.1164924802447107
2023-10-02,161.2,16.660000000000004,9.6,27.0,5,123.0,True,1.0272750446087178
2023-10-03,139.2,17.14,9.9,26.6,5,123.0,True,0.887076217180729
2023-10-04,156.2,13.5,7.7,20.1,5,123.0,True,0.9954116747387204
2023-10-05,138.8,11.7,6.4,20.0,5,123.0,True,0.8845271475911294
2023-10-06,158.0,11.8,4.6,21.2,5,123.0,True,1.0068824878919196
2023-10-07,151.8,12.68,3.9,24.1,5,123.0,True,0.9673719092531228
2023-10-08,158.4,14.8,6.3,26.2,5,123.0,True,1.0094315574815194
2023-10-09,128.4,16.14,7.9,26.5,5,123.0,True,0.8182513382615346
2023-10-10,133.0,15.62,9.1,25.3,5,123.0,True,0.8475656385419322
2023-10-11,155.6,15.62,8.0,26.6,5,123.0,True,0.9915880703543207
2023-10-12,137.8,15.98,8.5,27.0,5,123.0,True,0.8781544736171298
2023-10-13,153.6,17.34,8.2,28.5,5,123.0,True,0.9788427224063218
2023-10-14,66.2,14.88,9.4,21.3,5,123.0,False,0.4218710170787663
2023-10-15,101.8,9.72,3.5,14.2,5,123.0,False,0.6487382105531482
2023-10-16,153.4,7.640000000000001,1.3,14.3,5,123.0,True,0.9775681876115219
2023-10-17,107.6,6.7,1.0,13.8,5,123.0,False,0.6856997196023452
2023-10-18,39.6,8.72,4.5,11.4,5,123.0,False,0.25235788937037984
2023-10-19,54.8,12.88,9.5,16.8,5,123.0,False,0.3492225337751721
2023-10-20,22.6,13.319999999999999,9.5,17.3,5,123.0,False,0.1440224318123885
2023-10-21,56.4,12.919999999999998,7.7,16.0,5,123.0,False,0.35941881213357124
2023-10-22,123.0,10.68,6.1,16.8,5,123.0,True,0.7838388988019374
2023-10-23,52.6,10.6,6.2,15.8,5,123.0,False,0.33520265103237323
2023-10-24,19.8,10.879999999999999,8.5,13.2,5,123.0,False,0.12617894468518992
2023-10-25,48.4,11.98,8.8,16.6,5,123.0,False,0.30843742034157534
2023-10-26,48.2,11.84,8.1,16.9,5,123.0,False,0.30716288554677545
2023-10-27,83.0,11.08,8.0,15.6,5,123.0,False,0.5289319398419577
2023-10-28,94.2,11.78,6.9,17.5,5,123.0,False,0.600305888350752
2023-10-29,42.6,10.28,5.5,16.2,5,123.0,False,0.2714759112923783
2023-10-30,43.4,9.84,4.3,14.2,5,123.0,False,0.2765740504715779
2023-10-31,42.2,9.940000000000001,6.2,12.9,5,123.0,False,0.26892684170277853
2023-11-01,64.6,7.92,3.5,12.1,5,58.599999999999994,True,0.7446685878962537
2023-11-02,10.2,7.38,4.1,9.9,5,58.599999999999994,False,0.1175792507204611
2023-11-03,47.0,6.38,2.6,10.5,5,58.599999999999994,False,0.5417867435158502
2023-11-04,31.6,6.9799999999999995,2.5,11.4,5,58.599999999999994,False,0.3642651296829972
2023-11-05,32.8,10.36,4.7,13.8,5,58.599999999999994,False,0.37809798270893374
2023-11-06,68.6,9.34,5.4,14.6,5,58.599999999999994,True,0.790778097982709
2023-11-07,58.0,6.44,2.0,12.5,5,58.599999999999994,False,0.6685878962536024
2023-11-08,98.8,5.54,0.6,11.5,5,58.599999999999994,True,1.138904899135447
2023-11-09,17.6,5.18,-0.1,9.1,5,58.599999999999994,False,0.20288184438040352
2023-11-10,57.0,7.7,5.3,11.4,5,58.599999999999994,False,0.6570605187319886
2023-11-11,50.2,6.0600000000000005,0.2,8.9,5,58.599999999999994,False,0.5786743515850146
2023-11-12,9.0,3.72,0.1,10.9,5,58.599999999999994,False,0.10374639769452451
2023-11-13,14.8,12.84,8.6,17.7,5,58.599999999999994,False,0.17060518731988475
2023-11-14,9.0,10.66,8.5,16.8,5,58.599999999999994,False,0.10374639769452451
2023-11-15,53.4,8.86,3.8,12.1,5,58.599999999999994,False,0.6155619596541788
2023-11-16,33.0,7.1,1.8,13.4,5,58.599999999999994,False,0.38040345821325655
2023-11-17,28.6,6.959999999999999,4.6,9.7,5,58.599999999999994,False,0.3296829971181557
2023-11-18,27.2,4.82,0.8,7.2,5,58.599999999999994,False,0.3135446685878963
2023-11-19,20.0,10.18,6.0,14.3,5,58.599999999999994,False,0.2305475504322767
2023-11-20,54.8,10.18,4.8,13.4,5,58.599999999999994,False,0.6317002881844381
2023-11-21,28.0,7.640000000000001,6.0,9.2,5,58.599999999999994,False,0.3227665706051874
2023-11-22,22.0,4.720000000000001,1.0,7.1,5,58.599999999999994,False,0.2536023054755044
2023-11-23,61.2,3.6,-0.6,6.8,5,58.599999999999994,True,0.7054755043227667
2023-11-24,25.6,5.76,2.1,9.5,5,58.599999999999994,False,0.2951008645533142
2023-11-25,41.0,2.56,0.4,4.1,5,58.599999999999994,False,0.4726224783861672
2023-11-26,29.8,2.4,-1.3,5.3,5,58.599999999999994,False,0.3435158501440923
2023-11-27,35.8,2.3,-0.7,6.6,5,58.599999999999994,False,0.41268011527377524
2023-11-28,24.0,3.4,-1.2,6.6,5,58.599999999999994,False,0.276657060518732
2023-11-29,72.8,0.78,-2.4,4.9,5,58.599999999999994,True,0.8391930835734871
2023-11-30,9.2,0.48,-0.9,1.7,5,58.599999999999994,False,0.10605187319884728
2023-12-01,9.8,1.1,-0.1,3.0,5,37.6,False,0.1592977893368011
2023-12-02,15.4,-0.8400000000000001,-5.3,0.5,5,37.6,False,0.2503250975292589
2023-12-03,53.0,-5.4799999999999995,-9.5,-2.5,5,37.6,True,0.8615084525357611
2023-12-04,23.6,-3.3,-6.2,1.0,5,37.6,False,0.3836150845253578
2023-12-05,59.8,2.08,-1.0,6.9,5,37.6,True,0.9720416124837454
2023-12-06,22.2,2.56,0.4,4.6,5,37.6,False,0.3608582574772433
2023-12-07,24.0,1.22,-1.1,3.2,5,37.6,False,0.3901170351105333
2023-12-08,12.4,2.9,-0.3,5.1,5,37.6,False,0.20156046814044223
2023-12-09,20.8,6.04,2.5,10.4,5,37.6,False,0.3381014304291289
2023-12-10,25.8,8.42,4.4,11.9,5,37.6,False,0.41937581274382335
2023-12-11,12.4,9.42,5.9,11.4,5,37.6,False,0.20156046814044223
2023-12-12,13.2,9.24,7.2,11.9,5,37.6,False,0.2145643693107933
2023-12-13,24.0,7.18,4.6,9.6,5,37.6,False,0.3901170351105333
2023-12-14,17.4,6.4,4.3,7.9,5,37.6,False,0.2828348504551366
2023-12-15,47.4,4.12,-0.9,7.7,5,37.6,True,0.7704811443433033
2023-12-16,21.0,0.9,-0.6,2.8,5,37.6,False,0.34135240572171666
2023-12-17,20.8,0.9800000000000001,-0.5,2.3,5,37.6,False,0.3381014304291289
2023-12-18,25.2,1.44,-0.5,3.1,5,37.6,False,0.40962288686605997
2023-12-19,50.6,2.3600000000000003,-1.2,7.6,5,37.6,True,0.8224967490247078
2023-12-20,40.2,4.4399999999999995,0.7,7.5,5,37.6,True,0.6534460338101433
2023-12-21,10.0,7.44,3.1,11.3,5,37.6,False,0.1625487646293889
2023-12-22,13.0,8.42,6.6,10.5,5,37.6,False,0.21131339401820554
2023-12-23,18.0,8.14,6.2,9.6,5,37.6,False,0.2925877763329
2023-12-24,27.0,7.8,5.0,10.9,5,37.6,False,0.43888166449935
2023-12-25,64.6,7.88,-0.1,11.9,5,37.6,True,1.050065019505852
2023-12-26,56.4,5.4399999999999995,-0.8,10.4,5,37.6,True,0.9167750325097532
2023-12-27,54.8,1.7,-2.1,7.1,5,37.6,True,0.890767230169051
2023-12-28,23.8,1.92,-2.8,6.8,5,37.6,False,0.38686605981794553
2023-12-29,29.2,7.140000000000001,2.7,11.6,5,37.6,False,0.47464239271781555
2023-12-30,60.4,5.86,-0.3,11.8,5,37.6,True,0.9817945383615089
2023-12-31,14.4,2.8600000000000003,-0.1,8.7,5,37.6,False,0.23407022106632
2024-01-01,31.0,4.0600000000000005,-0.3,7.8,5,59.7,False,0.40249285899766296
2024-01-02,13.2,7.3,-0.2,12.0,5,59.7,False,0.17138405608932744
2024-01-03,32.6,10.64,8.0,13.6,5,59.7,False,0.4232666839781875
2024-01-04,37.2,6.779999999999999,0.4,10.4,5,59.7,False,0.4829914307971956
2024-01-05,13.0,4.1,0.6,5.7,5,59.7,False,0.16878732796676188
2024-01-06,20.6,4.6,3.0,5.7,5,59.7,False,0.2674629966242535
2024-01-07,22.0,2.82,-0.3,5.1,5,59.7,False,0.2856400934822124
2024-01-08,9.0,-1.2600000000000002,-2.7,1.3,5,59.7,False,0.11685276551545054
2024-01-09,13.0,-2.66,-4.3,-1.0,5,59.7,False,0.16878732796676188
2024-01-10,36.2,-2.16,-4.9,-0.5,5,59.7,False,0.4700077901843678
2024-01-11,32.4,-2.2399999999999998,-6.4,-0.7,5,59.7,False,0.42066995585562195
2024-01-12,62.2,-3.5,-6.9,0.5,5,59.7,True,0.8075824461178915
2024-01-13,24.0,-3.02,-6.3,-1.3,5,59.7,False,0.3116073747078681
2024-01-14,54.0,-1.3,-8.2,1.6,5,59.7,False,0.7011165930927032
2024-01-15,51.6,0.68,-3.2,4.5,5,59.7,False,0.6699558556219164
2024-01-16,77.2,-2.2600000000000002,-7.0,2.1,5,59.7,True,1.002337055310309
2024-01-17,17.0,2.4200000000000004,-1.4,9.1,5,59.7,False,0.22072189041807325
2024-01-18,18.0,5.08,-0.7,11.2,5,59.7,False,0.23370553103090108
2024-01-19,67.0,-2.02,-7.2,1.4,5,59.7,True,0.8699039210594651
2024-01-20,88.4,-4.12,-9.9,1.5,5,59.7,True,1.147753830173981
2024-01-21,72.4,-3.02,-9.8,2.5,5,59.7,True,0.9400155803687356
2024-01-22,23.0,2.56,-6.0,9.1,5,59.7,False,0.2986237340950403
2024-01-23,39.8,6.840000000000001,4.5,10.3,5,59.7,False,0.5167488963905479
2024-01-24,25.8,10.959999999999999,4.5,15.3,5,59.7,False,0.3349779278109582
2024-01-25,44.8,10.2,7.7,13.5,5,59.7,False,0.5816670994546871
2024-01-26,25.0,8.46,3.4,10.9,5,59.7,False,0.32459101532069595
2024-01-27,92.8,3.5799999999999996,-1.4,9.8,5,59.7,True,1.2048818488704234
2024-01-28,64.4,1.8199999999999998,-2.1,8.6,5,59.7,True,0.8361464554661128
2024-01-29,62.2,1.04,-1.6,9.1,5,59.7,True,0.8075824461178915
2024-01-30,62.4,2.42,-1.4,9.6,5,59.7,True,0.810179174240457
2024-01-31,76.0,3.94,-0.3,11.4,5,59.7,True,0.9867566865749157
2024-02-01,22.0,6.56,1.2,9.2,5,95.6,False,0.18290655138011314
2024-02-02,51.4,5.6,0.9,10.1,5,95.6,False,0.4273362154971734
2024-02-03,102.4,5.08,-0.4,12.4,5,95.6,True,0.8513468573328903
2024-02-04,86.0,5.96,-0.6,10.7,5,95.6,False,0.7149983372131695
2024-02-05,98.0,5.0200000000000005,-0.9,10.9,5,95.6,True,0.8147655470568675
2024-02-06,74.4,5.04,-2.5,9.5,5,95.6,False,0.6185567010309281
2024-02-07,51.0,6.9,-1.0,11.9,5,95.6,False,0.4240106418357168
2024-02-08,40.0,9.08,6.7,12.8,5,95.6,False,0.3325573661456602
2024-02-09,19.0,8.74,6.9,10.6,5,95.6,False,0.1579647489191886
2024-02-10,41.8,8.78,5.8,12.6,5,95.6,False,0.3475224476222149
2024-02-11,60.2,6.82,4.5,10.2,5,95.6,False,0.5004988360492186
2024-02-12,48.0,6.459999999999999,2.6,9.2,5,95.6,False,0.3990688393747923
2024-02-13,122.8,5.06,0.3,11.5,5,95.6,True,1.020951114067177
2024-02-14,75.6,6.9799999999999995,0.9,13.9,5,95.6,False,0.6285334220152978
2024-02-15,88.4,7.040000000000001,0.0,13.9,5,95.6,False,0.7349517791819091
2024-02-16,72.0,9.48,3.5,15.6,5,95.6,False,0.5986032590621885
2024-02-17,28.6,10.059999999999999,7.5,11.9,5,95.6,False,0.23777851679414708
2024-02-18,70.2,8.98,5.4,12.9,5,95.6,False,0.5836381775856337
2024-02-19,72.8,9.4,7.5,12.5,5,95.6,False,0.6052544063851016
2024-02-20,104.8,6.8,-0.1,11.0,5,95.6,True,0.8713002993016298
2024-02-21,97.6,6.659999999999999,0.2,11.8,5,95.6,True,0.811439973395411
2024-02-22,15.8,9.32,6.0,13.4,5,95.6,False,0.1313601596275358
2024-02-23,112.4,5.12,-0.4,10.3,5,95.6,True,0.9344861988693053
2024-02-24,103.6,4.2,-1.5,9.5,5,95.6,True,0.86132357831726
2024-02-25,139.2,4.68,-2.3,11.3,5,95.6,True,1.1572996341868975
2024-02-26,76.2,7.12,2.5,12.3,5,95.6,False,0.6335217825074828
2024-02-27,77.0,7.68,2.5,11.9,5,95.6,False,0.640172929830396
2024-02-28,84.8,7.959999999999999,4.7,12.0,5,95.6,False,0.7050216162287997
2024-02-29,86.2,6.779999999999999,1.2,11.2,5,95.6,False,0.7166611240438978
2024-03-01,27.8,5.8,2.5,8.4,5,165.8,False,0.13049805191757033
2024-03-02,121.8,6.58,1.4,12.6,5,165.8,False,0.5717504576820167
2024-03-03,94.4,8.2,2.2,16.8,5,165.8,False,0.44313007557621
2024-03-04,53.0,6.56,2.9,9.8,5,165.8,False,0.24879125005867722
2024-03-05,61.4,6.9,3.5,9.5,5,165.8,False,0.28822231610571286
2024-03-06,43.8,4.62,2.3,7.3,5,165.8,False,0.20560484438811436
2024-03-07,45.6,4.779999999999999,-0.9,7.4,5,165.8,False,0.2140543585410506
2024-03-08,137.8,4.4799999999999995,-0.9,9.3,5,165.8,False,0.6468572501525608
2024-03-09,145.4,8.14,-0.2,15.3,5,165.8,False,0.6825329765760693
2024-03-10,53.8,7.220000000000001,2.4,11.3,5,165.8,False,0.2525465896822044
2024-03-11,139.0,6.2,0.5,12.9,5,165.8,False,0.6524902595878516
2024-03-12,39.8,6.540000000000001,2.6,9.0,5,165.8,False,0.18682814627047833
2024-03-13,63.8,8.0,3.5,13.0,5,165.8,False,0.29948833497629446
2024-03-14,144.4,8.620000000000001,3.5,17.4,5,165.8,False,0.6778388020466602
2024-03-15,123.0,10.66,3.9,17.1,5,165.8,False,0.5773834671173075
2024-03-16,111.6,9.959999999999999,5.7,14.8,5,165.8,False,0.5238698774820448
2024-03-17,70.2,8.64,4.1,12.6,5,165.8,False,0.3295310519645121
2024-03-18,56.6,9.78,7.6,14.1,5,165.8,False,0.2656902783645496
2024-03-19,152.6,9.940000000000001,3.5,16.5,5,165.8,False,0.716331033187814
2024-03-20,177.2,9.6,1.7,19.6,5,165.8,True,0.8318077266112754
2024-03-21,145.8,11.82,5.0,18.7,5,165.8,False,0.6844106463878329
2024-03-22,197.2,11.78,4.8,20.1,5,165.8,True,0.9256912171994556
2024-03-23,149.0,7.7,3.2,12.3,5,165.8,False,0.6994320048819416
2024-03-24,127.2,5.82,2.9,9.7,5,165.8,False,0.5970990001408253
2024-03-25,224.2,6.859999999999999,1.1,13.1,5,165.8,True,1.0524339294934986
2024-03-26,187.6,10.16,2.6,18.5,5,165.8,True,0.8806271417171291
2024-03-27,66.2,5.86,0.4,9.6,5,165.8,False,0.31075435384687605
2024-03-28,122.8,5.82,-0.9,13.4,5,165.8,False,0.5764446322114257
2024-03-29,126.6,9.26,0.1,19.0,5,165.8,False,0.5942824954231799
2024-03-30,103.2,10.64,3.7,16.9,5,165.8,False,0.4844388114350092
2024-03-31,159.8,11.4,4.6,19.0,5,165.8,False,0.750129089799559
2024-04-01,77.0,9.18,4.2,12.7,5,259.85,False,0.2530813475760066
2024-04-02,174.0,8.64,1.4,14.6,5,259.85,False,0.57189811010682
2024-04-03,57.4,8.22,0.8,12.9,5,259.85,False,0.1886606409202958
2024-04-04,98.2,12.42,7.8,17.9,5,259.85,False,0.3227608874281019
2024-04-05,220.6,14.780000000000001,6.2,24.2,5,259.85,False,0.7250616269515201
2024-04-06,238.0,15.3,4.8,26.0,5,259.85,False,0.7822514379622021
2024-04-07,160.8,15.559999999999999,7.3,23.9,5,259.85,False,0.5285127362366475
2024-04-08,172.6,17.240000000000002,8.4,26.3,5,259.85,False,0.5672966310599835
2024-04-09,54.2,9.879999999999999,5.2,19.9,5,259.85,False,0.17814297452752673
2024-04-10,146.4,7.76,2.3,13.1,5,259.85,False,0.48118323746918656
2024-04-11,253.6,9.540000000000001,0.4,18.0,5,259.85,False,0.8335250616269515
2024-04-12,255.6,12.52,2.7,22.2,5,259.85,False,0.8400986031224322
2024-04-13,264.4,14.919999999999998,4.0,26.3,5,259.85,True,0.8690221857025472
2024-04-14,267.8,16.64,6.3,26.8,5,259.85,True,0.8801972062448644
2024-04-15,138.0,14.719999999999999,6.7,20.8,5,259.85,False,0.45357436318816763
2024-04-16,181.4,7.140000000000001,4.3,11.7,5,259.85,False,0.5962202136400986
2024-04-17,108.4,5.7,2.6,10.6,5,259.85,False,0.35628594905505345
2024-04-18,130.0,4.46,0.4,10.5,5,259.85,False,0.4272801972062449
2024-04-19,56.4,5.0,0.8,8.1,5,259.85,False,0.18537387017255547
2024-04-20,165.6,5.7,2.5,11.0,5,259.85,False,0.5442892358258011
2024-04-21,107.0,3.4,-0.3,7.4,5,259.85,False,0.35168447000821695
2024-04-22,53.2,3.3600000000000003,0.5,6.0,5,259.85,False,0.17485620377978636
2024-04-23,92.8,4.4,0.3,7.8,5,259.85,False,0.30501232539030404
2024-04-24,135.2,4.4,-1.0,8.3,5,259.85,False,0.44437140509449463
2024-04-25,183.4,5.459999999999999,-0.5,11.6,5,259.85,False,0.6027937551355793
2024-04-26,147.0,7.6,1.2,14.4,5,259.85,False,0.48315529991783074
2024-04-27,288.4,11.74,1.0,21.5,5,259.85,True,0.9479046836483155
2024-04-28,160.0,11.02,6.1,16.1,5,259.85,False,0.5258833196384552
2024-04-29,247.2,13.080000000000002,5.7,22.1,5,259.85,False,0.8124897288414132
2024-04-30,282.4,15.36,5.6,26.4,5,259.85,True,0.9281840591618734
2024-05-01,266.4,16.68,6.1,27.4,5,311.35,False,0.7835063674597805
2024-05-02,134.2,12.68,8.8,18.7,5,311.35,False,0.3946942736978324
2024-05-03,110.2,10.8,6.9,15.1,5,311.35,False,0.32410811446722154
2024-05-04,220.8,12.940000000000001,6.7,19.0,5,311.35,False,0.64939266492162
2024-05-05,169.4,15.02,11.1,20.8,5,311.35,False,0.498220640569395
2024-05-06,64.8,12.84,10.2,15.1,5,311.35,False,0.19058262992264932
2024-05-07,73.6,11.6,9.8,13.6,5,311.35,False,0.21646422164053997
2024-05-08,152.0,12.64,8.5,17.4,5,311.35,False,0.44704567512720217
2024-05-09,189.4,13.680000000000001,7.2,20.4,5,311.35,False,0.5570424399282374
2024-05-10,325.0,14.52,5.0,23.5,5,311.35,True,0.9558542395811889
2024-05-11,329.8,16.1,6.0,25.2,5,311.35,True,0.969971471427311
2024-05-12,290.8,17.3,8.1,25.7,5,311.35,False,0.8552689626775684
2024-05-13,220.8,16.619999999999997,10.0,24.1,5,311.35,False,0.64939266492162
2024-05-14,308.4,17.18,7.8,27.0,5,311.35,False,0.9070321461133496
2024-05-15,149.0,14.64,9.9,19.7,5,311.35,False,0.4382224052233758
2024-05-16,155.6,12.919999999999998,9.2,18.1,5,311.35,False,0.4576335990117938
2024-05-17,165.8,12.48,7.2,18.0,5,311.35,False,0.48763271668480346
2024-05-18,270.2,13.5,6.2,22.3,5,311.35,False,0.7946825093379606
2024-05-19,288.0,14.780000000000001,7.8,21.4,5,311.35,False,0.8470339107673304
2024-05-20,293.0,17.2,8.3,24.8,5,311.35,False,0.861739360607041
2024-05-21,110.0,13.919999999999998,11.2,18.4,5,311.35,False,0.32351989647363316
2024-05-22,225.4,14.819999999999999,10.4,20.1,5,311.35,False,0.6629216787741538
2024-05-23,97.2,12.28,9.5,15.5,5,311.35,False,0.285873944883974
2024-05-24,204.0,13.1,7.9,19.9,5,311.35,False,0.5999823534601924
2024-05-25,291.6,14.52,8.1,21.2,5,311.35,False,0.8576218346519221
2024-05-26,245.8,15.86,7.1,23.5,5,311.35,False,0.722919914120173
2024-05-27,133.6,15.16,11.8,19.6,5,311.35,False,0.39292961971706714
2024-05-28,331.6,14.86,8.9,20.9,5,311.35,True,0.9752654333696069
2024-05-29,120.6,13.48,8.7,19.3,5,311.35,False,0.3546954501338196
2024-05-30,147.8,14.719999999999999,11.2,19.3,5,311.35,False,0.4346930972618453
2024-05-31,62.4,11.74,9.8,15.4,5,311.35,False,0.18352401399958826
2024-06-01,100.6,13.6,10.6,17.4,5,338.45,False,0.28418079096045196
2024-06-02,115.6,14.74,12.4,19.2,5,338.45,False,0.32655367231638416
2024-06-03,77.8,14.719999999999999,11.6,17.9,5,338.45,False,0.21977401129943502
2024-06-04,299.6,17.3,12.6,23.0,5,338.45,False,0.8463276836158192
2024-06-05,208.2,17.64,11.1,24.3,5,338.45,False,0.5881355932203389
2024-06-06,273.2,18.439999999999998,10.8,26.5,5,338.45,False,0.7717514124293785
2024-06-07,267.2,19.580000000000002,13.3,25.8,5,338.45,False,0.7548022598870057
2024-06-08,152.6,18.7,12.8,24.6,5,338.45,False,0.4310734463276836
2024-06-09,144.0,18.2,14.6,22.6,5,338.45,False,0.4067796610169492
2024-06-10,320.0,17.56,12.3,22.1,5,338.45,False,0.903954802259887
2024-06-11,178.4,13.02,10.2,17.7,5,338.45,False,0.503954802259887
2024-06-12,318.8,14.36,6.9,20.7,5,338.45,False,0.9005649717514125
2024-06-13,324.4,15.2,9.2,21.6,5,338.45,False,0.9163841807909604
2024-06-14,148.6,15.680000000000001,9.9,22.7,5,338.45,False,0.41977401129943503
2024-06-15,254.4,16.36,11.6,21.5,5,338.45,False,0.7186440677966102
2024-06-16,290.4,17.36,12.0,24.6,5,338.45,False,0.8203389830508474
2024-06-17,174.2,17.34,13.0,24.0,5,338.45,False,0.492090395480226
2024-06-18,322.4,21.32,11.7,30.6,5,338.45,False,0.910734463276836
2024-06-19,328.0,22.9,14.8,29.6,5,338.45,False,0.9265536723163842
2024-06-20,152.6,21.119999999999997,15.5,27.3,5,338.45,False,0.4310734463276836
2024-06-21,91.4,17.56,15.0,22.4,5,338.45,False,0.25819209039548024
2024-06-22,86.2,14.62,12.5,19.0,5,338.45,False,0.24350282485875707
2024-06-23,161.2,16.380000000000003,12.6,21.4,5,338.45,False,0.455367231638418
2024-06-24,289.2,20.759999999999998,12.1,28.0,5,338.45,False,0.8169491525423729
2024-06-25,323.0,21.080000000000002,13.7,29.5,5,338.45,False,0.9124293785310734
2024-06-26,136.4,18.78,15.1,25.4,5,338.45,False,0.38531073446327685
2024-06-27,285.6,22.18,14.4,29.0,5,338.45,False,0.8067796610169492
2024-06-28,248.6,22.740000000000002,16.9,29.0,5,338.45,False,0.7022598870056497
2024-06-29,201.2,23.259999999999998,17.0,31.3,5,338.45,False,0.5683615819209039
2024-06-30,146.2,18.919999999999998,15.6,24.0,5,338.45,False,0.4129943502824858
2024-07-01,252.0,18.32,14.3,24.6,5,313.95000000000005,False,0.7317285635471413
2024-07-02,167.0,15.7,12.3,20.8,5,313.95000000000005,False,0.4849153575887802
2024-07-03,119.8,14.74,11.3,19.2,5,313.95000000000005,False,0.3478614361624902
2024-07-04,221.4,17.259999999999998,11.1,23.4,5,313.95000000000005,False,0.6428758094021313
2024-07-05,283.0,19.06,12.1,25.5,5,313.95000000000005,False,0.8217427916025437
2024-07-06,108.2,17.46,12.7,24.9,5,313.95000000000005,False,0.3141786927611139
2024-07-07,197.0,15.88,11.9,21.9,5,313.95000000000005,False,0.5720259008682018
2024-07-08,341.0,19.52,10.4,28.6,5,313.95000000000005,True,0.9901565086094254
2024-07-09,332.6,23.259999999999998,13.3,32.7,5,313.95000000000005,True,0.9657655564911874
2024-07-10,159.0,21.68,18.6,27.5,5,313.95000000000005,False,0.4616858793809344
2024-07-11,274.0,22.82,17.7,28.9,5,313.95000000000005,False,0.7956096286187172
2024-07-12,129.0,19.919999999999998,15.6,25.8,5,313.95000000000005,False,0.37457533610151283
2024-07-13,233.4,17.6,11.5,23.1,5,313.95000000000005,False,0.6777200267139
2024-07-14,266.8,18.52,10.1,25.4,5,313.95000000000005,False,0.7747030982316561
2024-07-15,216.0,20.919999999999998,13.6,29.8,5,313.95000000000005,False,0.6271959116118354
2024-07-16,206.2,19.98,14.9,24.4,5,313.95000000000005,False,0.5987398008072243
2024-07-17,297.4,20.16,13.9,26.5,5,313.95000000000005,False,0.863555852376666
2024-07-18,327.4,21.46,12.8,29.3,5,313.95000000000005,True,0.9506663956560876
2024-07-19,315.0,22.94,14.9,31.1,5,313.95000000000005,True,0.9146607044339267
2024-07-20,320.8,23.46,14.7,31.6,5,313.95000000000005,True,0.9315020761346149
2024-07-21,232.0,21.78,17.1,29.0,5,313.95000000000005,False,0.6736548680275269
2024-07-22,175.2,20.919999999999998,15.8,26.4,5,313.95000000000005,False,0.5087255727518221
2024-07-23,279.6,21.48,14.4,27.0,5,313.95000000000005,False,0.8118702633642093
2024-07-24,263.2,19.98,13.4,24.6,5,313.95000000000005,False,0.7642498330381253
2024-07-25,309.4,19.78,12.1,27.8,5,313.95000000000005,False,0.8984000696884346
2024-07-26,305.0,21.28,12.7,29.4,5,313.95000000000005,False,0.8856238566741195
2024-07-27,251.2,22.82,14.7,31.9,5,313.95000000000005,False,0.7294056157263568
2024-07-28,177.2,20.66,15.1,25.8,5,313.95000000000005,False,0.5145329423037834
2024-07-29,311.4,21.76,13.0,29.3,5,313.95000000000005,False,0.904207439240396
2024-07-30,300.6,23.98,14.7,33.8,5,313.95000000000005,False,0.8728476436598044
2024-07-31,225.4,23.6,17.0,33.8,5,313.95000000000005,False,0.6544905485060543
2024-08-01,148.2,21.3,16.9,27.3,5,274.4,False,0.49946077109733084
2024-08-02,266.0,22.080000000000002,16.1,31.6,5,274.4,False,0.8964680506875169
2024-08-03,274.4,21.1,15.6,26.7,5,274.4,True,0.924777568077649
2024-08-04,253.4,20.82,14.6,26.1,5,274.4,False,0.8540037746023188
2024-08-05,296.4,21.380000000000003,15.0,28.5,5,274.4,True,0.9989215421946617
2024-08-06,297.6,22.22,13.5,30.6,5,274.4,True,1.0029657589646808
2024-08-07,168.4,20.44,15.9,26.5,5,274.4,False,0.5675384200593152
2024-08-08,240.0,20.839999999999996,14.6,26.5,5,274.4,False,0.8088433540037747
2024-08-09,286.8,21.619999999999997,13.1,29.2,5,274.4,True,0.9665678080345108
2024-08-10,296.2,22.98,15.5,30.7,5,274.4,True,0.9982475060663252
2024-08-11,289.2,24.34,15.8,33.0,5,274.4,True,0.9746562415745484
2024-08-12,271.4,25.259999999999998,18.6,34.9,5,274.4,False,0.9146670261526018
2024-08-13,286.2,23.380000000000003,16.1,32.4,5,274.4,True,0.9645456996495013
2024-08-14,238.2,23.72,18.0,29.6,5,274.4,False,0.8027770288487464
2024-08-15,279.4,22.9,16.0,30.1,5,274.4,True,0.941628471286061
2024-08-16,278.0,24.0,16.6,30.2,5,274.4,True,0.9369102183877057
2024-08-17,135.4,21.54,18.1,26.2,5,274.4,False,0.45632245888379624
2024-08-18,73.0,18.44,15.8,20.8,5,274.4,False,0.2460231868428148
2024-08-19,246.0,19.18,15.6,23.9,5,274.4,False,0.8290644378538691
2024-08-20,209.2,20.06,14.1,25.7,5,274.4,False,0.705041790239957
2024-08-21,217.6,18.0,10.6,22.8,5,274.4,False,0.733351307630089
2024-08-22,277.2,17.6,9.5,26.6,5,274.4,True,0.9342140738743597
2024-08-23,270.6,19.939999999999998,10.6,29.5,5,274.4,False,0.911970881639256
2024-08-24,262.8,22.96,12.7,33.4,5,274.4,False,0.8856834726341333
2024-08-25,78.0,17.1,13.6,22.3,5,274.4,False,0.26287409005122675
2024-08-26,131.2,17.5,12.6,22.4,5,274.4,False,0.44216770018873014
2024-08-27,209.2,17.96,10.9,24.9,5,274.4,False,0.705041790239957
2024-08-28,245.6,21.02,12.6,31.2,5,274.4,False,0.8277163655971961
2024-08-29,252.2,22.82,14.0,32.8,5,274.4,False,0.8499595578322998
2024-08-30,240.2,22.919999999999998,15.1,32.3,5,274.4,False,0.8095173901321111
2024-08-31,231.6,23.32,16.3,32.2,5,274.4,False,0.7805338366136425
2024-09-01,232.4,22.839999999999996,16.4,32.3,5,206.65,True,0.9695048183221392
2024-09-02,209.4,21.18,16.4,27.6,5,206.65,True,0.8735555462850945
2024-09-03,161.0,21.9,17.8,28.4,5,206.65,False,0.6716449042593133
2024-09-04,176.4,21.0,17.8,26.3,5,206.65,False,0.7358891994493346
2024-09-05,107.2,19.04,14.6,24.6,5,206.65,False,0.44720704184222604
2024-09-06,233.6,18.04,12.5,24.8,5,206.65,True,0.974510867297985
2024-09-07,227.0,20.6,12.6,29.2,5,206.65,True,0.946977597930833
2024-09-08,45.6,17.64,13.8,21.2,5,206.65,False,0.19022986108214093
2024-09-09,81.2,15.7,13.8,19.2,5,206.65,False,0.33874264736556675
2024-09-10,156.2,15.14,10.4,18.7,5,206.65,False,0.65162070835593
2024-09-11,51.0,12.02,7.4,15.3,5,206.65,False,0.21275708147344707
2024-09-12,143.0,9.86,6.5,15.7,5,206.65,False,0.5965541696216261
2024-09-13,131.0,9.84,5.1,14.6,5,206.65,False,0.546493679863168
2024-09-14,111.4,10.040000000000001,4.4,14.7,5,206.65,False,0.4647282132576864
2024-09-15,223.2,9.76,3.2,16.7,5,206.65,True,0.9311251095073213
2024-09-16,63.4,9.76,5.2,14.1,5,206.65,False,0.2644862542238538
2024-09-17,86.6,12.84,9.0,19.1,5,206.65,False,0.36126986775687286
2024-09-18,203.2,14.14,6.6,21.5,5,206.65,False,0.8476909599098911
2024-09-19,195.0,13.98,7.5,21.8,5,206.65,False,0.8134829585749447
2024-09-20,191.0,14.84,8.7,23.5,5,206.65,False,0.7967961286554587
2024-09-21,200.4,15.5,9.5,24.1,5,206.65,False,0.8360101789662508
2024-09-22,147.6,15.579999999999998,8.9,22.0,5,206.65,False,0.615744024029035
2024-09-23,50.8,14.74,11.6,17.7,5,206.65,False,0.21192273997747277
2024-09-24,128.8,14.1,9.8,19.6,5,206.65,False,0.5373159234074507
2024-09-25,121.0,15.059999999999999,11.4,20.6,5,206.65,False,0.5047766050644529
2024-09-26,22.2,15.14,12.8,17.7,5,206.65,False,0.09261190605314755
2024-09-27,63.8,12.440000000000001,7.2,16.5,5,206.65,False,0.2661549372158024
2024-09-28,60.2,10.64,6.5,13.8,5,206.65,False,0.25113679028826497
2024-09-29,156.0,9.9,3.6,15.6,5,206.65,False,0.6507863668599557
2024-09-30,114.0,13.419999999999998,7.9,20.7,5,206.65,False,0.47557465270535226
2024-10-01,42.2,12.8,11.1,15.4,5,123.0,False,0.26892684170277853
2024-10-02,82.4,11.74,8.1,14.4,5,123.0,False,0.5251083354575581
2024-10-03,70.6,10.64,6.3,13.8,5,123.0,False,0.449910782564364
2024-10-04,61.2,10.4,7.2,13.4,5,123.0,False,0.39000764720876885
2024-10-05,104.6,9.62,5.3,14.6,5,123.0,False,0.6665816976803467
2024-10-06,82.2,10.32,5.4,14.6,5,123.0,False,0.5238338006627582
2024-10-07,115.6,14.7,9.0,21.8,5,123.0,False,0.7366811113943411
2024-10-08,21.2,13.5,11.0,16.0,5,123.0,False,0.1351006882487892
2024-10-09,83.6,13.040000000000001,8.8,18.9,5,123.0,False,0.5327555442263574
2024-10-10,96.8,13.74,9.6,20.0,5,123.0,False,0.6168748406831507
2024-10-11,138.2,11.24,5.1,16.1,5,123.0,True,0.8807035432067295
2024-10-12,59.2,8.919999999999998,3.7,12.5,5,123.0,False,0.3772622992607699
2024-10-13,89.0,13.219999999999999,8.4,18.1,5,123.0,False,0.5671679836859547
2024-10-14,97.4,13.580000000000002,9.0,20.6,5,123.0,False,0.6206984450675505
2024-10-15,38.0,13.220000000000002,9.8,15.5,5,123.0,False,0.24216161101198064
2024-10-16,59.8,13.080000000000002,9.9,16.2,5,123.0,False,0.38108590364516953
2024-10-17,82.2,14.219999999999999,11.4,18.7,5,123.0,False,0.5238338006627582
2024-10-18,36.6,13.580000000000002,8.5,17.4,5,123.0,False,0.23323986744838138
2024-10-19,47.2,12.32,9.0,15.1,5,123.0,False,0.30079021157277597
2024-10-20,76.0,12.440000000000001,8.1,17.0,5,123.0,False,0.4843232220239613
2024-10-21,104.8,12.48,8.6,19.2,5,123.0,False,0.6678562324751466
2024-10-22,50.0,14.319999999999999,9.9,18.6,5,123.0,False,0.31863369869997454
2024-10-23,44.0,12.559999999999999,10.6,14.8,5,123.0,False,0.28039765485597756
2024-10-24,75.6,12.819999999999999,8.5,17.2,5,123.0,False,0.48177415243436145
2024-10-25,56.2,10.92,7.8,13.8,5,123.0,False,0.3581442773387714
2024-10-26,27.8,11.4,10.3,12.8,5,123.0,False,0.17716033647718585
2024-10-27,88.6,12.2,7.8,18.3,5,123.0,False,0.5646189140963548
2024-10-28,72.2,10.639999999999999,7.3,16.7,5,123.0,False,0.46010706092276327
2024-10-29,54.2,10.76,8.4,14.1,5,123.0,False,0.34539892939077244
2024-10-30,33.8,10.22,8.7,11.9,5,123.0,False,0.21539638032118277
2024-10-31,28.0,10.76,8.9,12.1,5,123.0,False,0.17843487127198573
2024-11-01,72.2,9.379999999999999,5.4,13.9,5,58.599999999999994,True,0.8322766570605189
2024-11-02,25.8,8.16,6.0,10.1,5,58.599999999999994,False,0.29740634005763694
2024-11-03,28.0,8.84,7.6,10.4,5,58.599999999999994,False,0.3227665706051874
2024-11-04,38.2,8.36,7.2,10.2,5,58.599999999999994,False,0.44034582132564853
2024-11-05,53.0,8.24,6.5,11.8,5,58.599999999999994,False,0.6109510086455332
2024-11-06,60.2,9.120000000000001,5.8,14.0,5,58.599999999999994,True,0.6939481268011529
2024-11-07,16.4,9.6,7.3,11.0,5,58.599999999999994,False,0.18904899135446687
2024-11-08,29.4,9.1,4.8,12.0,5,58.599999999999994,False,0.33890489913544675
2024-11-09,22.6,8.0,5.9,9.1,5,58.599999999999994,False,0.2605187319884727
2024-11-10,22.2,7.4,6.1,8.5,5,58.599999999999994,False,0.25590778097982714
2024-11-11,28.2,6.38,5.1,8.2,5,58.599999999999994,False,0.3250720461095101
2024-11-12,16.6,5.9399999999999995,3.8,7.8,5,58.599999999999994,False,0.19135446685878968
2024-11-13,17.0,4.26,0.3,5.8,5,58.599999999999994,False,0.19596541786743518
2024-11-14,55.0,3.18,0.0,6.3,5,58.599999999999994,False,0.6340057636887609
2024-11-15,74.6,3.3600000000000003,-1.3,10.1,5,58.599999999999994,True,0.859942363112392
2024-11-16,51.0,2.9,-0.1,6.6,5,58.599999999999994,False,0.5878962536023056
2024-11-17,40.4,5.98,1.7,9.5,5,58.599999999999994,False,0.4657060518731989
2024-11-18,63.2,7.44,3.2,10.6,5,58.599999999999994,True,0.7285302593659944
2024-11-19,20.4,8.7,5.3,11.7,5,58.599999999999994,False,0.2351585014409222
2024-11-20,57.8,4.0,0.0,6.9,5,58.599999999999994,False,0.6662824207492796
2024-11-21,24.8,0.8,-1.1,2.7,5,58.599999999999994,False,0.28587896253602313
2024-11-22,32.4,-0.09999999999999999,-4.4,3.0,5,58.599999999999994,False,0.37348703170028824
2024-11-23,56.8,0.18000000000000002,-5.9,3.1,5,58.599999999999994,False,0.6547550432276658
2024-11-24,38.4,2.98,-0.8,8.3,5,58.599999999999994,False,0.44265129682997123
2024-11-25,63.0,5.279999999999999,-1.9,13.2,5,58.599999999999994,True,0.7262247838616716
2024-11-26,52.8,7.56,2.5,11.4,5,58.599999999999994,False,0.6086455331412104
2024-11-27,51.2,5.4399999999999995,2.0,9.6,5,58.599999999999994,False,0.5902017291066284
2024-11-28,18.8,5.66,-0.9,10.1,5,58.599999999999994,False,0.2167146974063401
2024-11-29,61.6,1.7,-1.2,6.4,5,58.599999999999994,True,0.7100864553314122
2024-11-30,25.0,1.22,-0.1,2.4,5,58.599999999999994,False,0.2881844380403459
2024-12-01,58.6,1.46,-2.5,5.1,5,37.6,True,0.9525357607282189
2024-12-02,26.0,4.7,0.3,7.4,5,37.6,False,0.42262678803641107
2024-12-03,56.6,5.76,1.8,8.2,5,37.6,True,0.9200260078023411
2024-12-04,42.2,3.9200000000000004,-0.4,7.0,5,37.6,True,0.6859557867360211
2024-12-05,32.0,1.8199999999999998,-2.1,6.4,5,37.6,False,0.5201560468140445
2024-12-06,30.0,7.0200000000000005,1.3,10.3,5,37.6,False,0.48764629388816666
2024-12-07,17.0,4.9399999999999995,1.5,7.4,5,37.6,False,0.2763328998699611
2024-12-08,26.6,3.9200000000000004,1.2,5.7,5,37.6,False,0.43237971391417446
2024-12-09,11.8,4.12,2.5,5.1,5,37.6,False,0.1918075422626789
2024-12-10,8.0,3.4,2.2,4.3,5,37.6,False,0.13003901170351112
2024-12-11,9.0,2.96,2.3,3.8,5,37.6,False,0.14629388816645
2024-12-12,10.4,2.76,1.1,3.7,5,37.6,False,0.16905071521456444
2024-12-13,25.6,0.9,-0.4,2.1,5,37.6,False,0.4161248374512356
2024-12-14,17.2,2.04,-0.4,4.6,5,37.6,False,0.27958387516254884
2024-12-15,37.4,3.04,-0.3,5.5,5,37.6,False,0.6079323797139145
2024-12-16,60.2,3.0,-1.0,9.2,5,37.6,True,0.9785435630689211
2024-12-17,51.0,1.7399999999999998,-2.1,6.8,5,37.6,True,0.8289986996098833
2024-12-18,35.6,3.7600000000000002,-0.7,8.1,5,37.6,False,0.5786736020806245
2024-12-19,18.2,5.34,-0.3,13.7,5,37.6,False,0.2958387516254878
2024-12-20,30.0,1.7600000000000002,-2.2,4.7,5,37.6,False,0.48764629388816666
2024-12-21,41.2,2.94,-1.9,6.3,5,37.6,True,0.6697009102730822
2024-12-22,12.0,3.96,0.2,8.7,5,37.6,False,0.19505851755526665
2024-12-23,26.8,2.04,0.0,4.3,5,37.6,False,0.43563068920676223
2024-12-24,46.0,2.0799999999999996,-1.0,5.2,5,37.6,True,0.7477243172951888
2024-12-25,63.2,0.76,-3.2,4.7,5,37.6,True,1.0273081924577379
2024-12-26,65.8,-1.28,-4.8,3.7,5,37.6,True,1.0695708712613787
2024-12-27,27.4,-0.9400000000000001,-2.6,0.1,5,37.6,False,0.4453836150845255
2024-12-28,25.8,-0.62,-1.7,0.6,5,37.6,False,0.41937581274382335
2024-12-29,29.2,-0.7,-2.1,0.9,5,37.6,False,0.47464239271781555
2024-12-30,19.4,-1.72,-2.9,-1.1,5,37.6,False,0.3153446033810144
2024-12-31,37.6,-1.24,-2.7,0.8,5,37.6,True,0.6111833550065022
2025-01-01,69.8,0.08,-2.7,5.2,5,59.7,True,0.906258114775383
2025-01-02,23.4,2.84,-3.0,11.3,5,59.7,False,0.3038171903401714
2025-01-03,40.0,-0.38,-5.3,2.4,5,59.7,False,0.5193456245131135
2025-01-04,46.2,-3.1399999999999997,-6.4,0.8,5,59.7,False,0.5998441963126462
2025-01-05,28.6,1.9400000000000002,-0.5,10.5,5,59.7,False,0.37133212152687617
2025-01-06,15.4,4.4799999999999995,-0.2,13.9,5,59.7,False,0.1999480654375487
2025-01-07,46.0,3.96,-0.8,8.4,5,59.7,False,0.5972474681900806
2025-01-08,16.0,6.76,1.0,13.9,5,59.7,False,0.2077382498052454
2025-01-09,31.2,7.7,0.8,13.4,5,59.7,False,0.4050895871202285
2025-01-10,37.2,1.28,-2.5,3.6,5,59.7,False,0.4829914307971956
2025-01-11,73.8,-1.3599999999999999,-5.4,3.0,5,59.7,True,0.9581926772266943
2025-01-12,54.0,-1.6800000000000002,-6.2,2.6,5,59.7,False,0.7011165930927032
2025-01-13,81.6,-2.5,-6.4,1.2,5,59.7,True,1.0594650740067515
2025-01-14,80.2,-3.08,-7.5,1.6,5,59.7,True,1.0412879771487926
2025-01-15,41.4,-0.9400000000000001,-7.7,3.0,5,59.7,False,0.5375227213710725
2025-01-16,28.6,2.7,-0.9,4.1,5,59.7,False,0.37133212152687617
2025-01-17,18.0,1.24,-0.1,2.3,5,59.7,False,0.23370553103090108
2025-01-18,30.4,0.1,-1.2,1.3,5,59.7,False,0.3947026746299662
2025-01-19,34.0,-0.6,-1.8,1.6,5,59.7,False,0.4414437808361465
2025-01-20,47.6,-1.1800000000000002,-3.2,2.5,5,59.7,False,0.6180212931706051
2025-01-21,32.8,-1.3,-3.0,0.6,5,59.7,False,0.425863412100753
2025-01-22,17.0,-0.5,-2.9,2.3,5,59.7,False,0.22072189041807325
2025-01-23,47.4,3.38,-0.7,7.6,5,59.7,False,0.6154245650480394
2025-01-24,68.2,3.7,-1.1,10.2,5,59.7,True,0.8854842897948586
2025-01-25,61.8,5.86,-0.7,14.2,5,59.7,True,0.8023889898727603
2025-01-26,91.8,7.18,4.5,10.8,5,59.7,True,1.1918982082575955
2025-01-27,10.4,6.840000000000001,4.5,9.4,5,59.7,False,0.13502986237340953
2025-01-28,49.4,6.76,4.4,10.2,5,59.7,False,0.6413918462736952
2025-01-29,86.0,6.14,-1.2,11.0,5,59.7,True,1.116593092703194
2025-01-30,40.8,3.44,-1.7,7.6,5,59.7,False,0.5297325370033757
2025-01-31,27.2,4.5600000000000005,2.9,6.2,5,59.7,False,0.3531550246689172
2025-02-01,17.2,2.2800000000000002,1.0,3.6,5,95.6,False,0.1429996674426339
2025-02-02,19.0,2.0,1.0,3.1,5,95.6,False,0.1579647489191886
2025-02-03,23.8,1.34,0.4,2.2,5,95.6,False,0.19787163285666784
2025-02-04,61.6,0.06,-4.2,3.4,5,95.6,False,0.5121383438643168
2025-02-05,55.8,-1.5399999999999998,-4.5,2.8,5,95.6,False,0.463917525773196
2025-02-06,13.6,1.02,-1.6,3.5,5,95.6,False,0.11306950448952448
2025-02-07,96.2,2.32,-2.1,6.7,5,95.6,True,0.7998004655803129
2025-02-08,105.4,1.94,-3.5,9.9,5,95.6,True,0.8762886597938148
2025-02-09,105.4,3.66,-1.3,9.4,5,95.6,True,0.8762886597938148
2025-02-10,39.4,3.2600000000000002,-1.5,6.7,5,95.6,False,0.3275690056534753
2025-02-11,23.8,5.76,3.9,7.1,5,95.6,False,0.19787163285666784
2025-02-12,48.6,7.62,5.4,10.7,5,95.6,False,0.4040571998669772
2025-02-13,28.2,4.9,1.0,8.0,5,95.6,False,0.23445294313269047
2025-02-14,41.2,0.12,-2.9,2.7,5,95.6,False,0.3425340871300301
2025-02-15,109.2,-0.9800000000000001,-4.8,2.6,5,95.6,True,0.9078816095776525
2025-02-16,75.0,0.54,-2.7,4.0,5,95.6,False,0.623545061523113
2025-02-17,37.6,0.9199999999999999,-0.2,2.3,5,95.6,False,0.3126039241769206
2025-02-18,40.4,0.38,-2.7,2.6,5,95.6,False,0.3358829398071168
2025-02-19,91.8,0.42000000000000004,-3.0,5.4,5,95.6,False,0.7632191553042902
2025-02-20,71.8,2.8,-2.4,12.1,5,95.6,False,0.5969404722314601
2025-02-21,95.6,4.42,-1.1,12.8,5,95.6,True,0.7948121050881279
2025-02-22,90.4,7.6,0.5,14.7,5,95.6,False,0.7515796474891921
2025-02-23,38.6,8.02,3.7,10.4,5,95.6,False,0.32091785833056213
2025-02-24,55.8,7.62,4.0,11.8,5,95.6,False,0.463917525773196
2025-02-25,39.2,7.359999999999999,4.6,12.4,5,95.6,False,0.32590621882274706
2025-02-26,51.0,4.4,-1.3,7.8,5,95.6,False,0.4240106418357168
2025-02-27,74.4,3.28,-1.5,9.2,5,95.6,False,0.6185567010309281
2025-02-28,86.2,2.8,-1.9,7.3,5,95.6,False,0.7166611240438978
2025-03-01,82.4,4.0,-0.8,7.0,5,165.8,False,0.38679998122330195
2025-03-02,137.2,4.0600000000000005,-2.1,10.4,5,165.8,False,0.6440407454349153
2025-03-03,174.6,2.92,-3.7,12.1,5,165.8,True,0.819602872834812
2025-03-04,174.8,4.08,-3.4,14.6,5,165.8,True,0.8205417077406939
2025-03-05,178.6,5.12,-3.0,16.4,5,165.8,True,0.8383795709524481
2025-03-06,180.0,6.34,-2.6,17.6,5,165.8,True,0.8449514152936207
2025-03-07,181.4,6.3,-2.1,16.9,5,165.8,True,0.8515232596347934
2025-03-08,183.2,7.08,-2.6,17.8,5,165.8,True,0.8599727737877295
2025-03-09,166.8,8.66,-1.5,20.1,5,165.8,True,0.7829883115054219
2025-03-10,80.6,8.059999999999999,1.1,14.8,5,165.8,False,0.3783504670703657
2025-03-11,150.6,8.02,-0.3,16.1,5,165.8,False,0.706942684128996
2025-03-12,68.4,6.720000000000001,2.4,9.4,5,165.8,False,0.3210815378115759
2025-03-13,108.8,5.62,2.7,11.9,5,165.8,False,0.5107261887996997
2025-03-14,132.6,4.46,-1.1,8.9,5,165.8,False,0.6224475425996339
2025-03-15,25.2,5.66,3.2,7.8,5,165.8,False,0.11829319814110689
2025-03-16,35.2,4.08,2.9,5.7,5,165.8,False,0.16523494343519696
2025-03-17,165.8,5.4,2.0,10.2,5,165.8,True,0.7782941369760129
2025-03-18,213.6,3.8600000000000003,-1.9,11.1,5,165.8,True,1.0026756794817633
2025-03-19,219.8,5.7,-3.6,16.7,5,165.8,True,1.0317795615640992
2025-03-20,187.4,8.28,-1.3,19.8,5,165.8,True,0.8796883068112474
2025-03-21,139.0,10.2,0.5,18.7,5,165.8,False,0.6524902595878516
2025-03-22,186.6,13.059999999999999,5.2,21.1,5,165.8,True,0.8759329671877202
2025-03-23,123.0,11.02,7.1,15.8,5,165.8,False,0.5773834671173075
2025-03-24,129.2,10.18,6.8,15.6,5,165.8,False,0.6064873491996433
2025-03-25,133.6,9.84,6.0,14.8,5,165.8,False,0.6271417171290429
2025-03-26,89.6,9.34,6.0,13.2,5,165.8,False,0.42059803783504673
2025-03-27,138.4,8.72,1.7,13.0,5,165.8,False,0.6496737548702062
2025-03-28,162.8,8.78,1.8,14.1,5,165.8,False,0.7642116133877859
2025-03-29,77.2,9.0,5.6,12.6,5,165.8,False,0.36239027367037513
2025-03-30,198.4,9.34,1.5,15.4,5,165.8,True,0.9313242266347465
2025-03-31,138.2,8.42,0.9,12.5,5,165.8,False,0.6487349199643243
2025-04-01,202.0,7.4,-0.8,12.7,5,259.85,False,0.6639276910435498
2025-04-02,248.2,11.8,4.6,19.0,5,259.85,False,0.8157764995891537
2025-04-03,249.8,11.72,2.2,21.0,5,259.85,False,0.8210353327855382
2025-04-04,255.8,12.26,1.8,22.3,5,259.85,False,0.8407559572719803
2025-04-05,257.4,13.16,1.9,22.2,5,259.85,False,0.8460147904683648
2025-04-06,270.0,8.98,-0.1,13.8,5,259.85,True,0.8874281018898932
2025-04-07,271.2,7.3,-2.2,15.3,5,259.85,True,0.8913722267871815
2025-04-08,271.4,8.18,-1.6,17.3,5,259.85,True,0.8920295809367296
2025-04-09,245.4,9.580000000000002,-0.7,18.2,5,259.85,False,0.8065735414954807
2025-04-10,266.8,10.28,-0.1,19.7,5,259.85,True,0.8769104354971241
2025-04-11,255.6,11.32,0.8,22.5,5,259.85,False,0.8400986031224322
2025-04-12,204.8,13.2,1.8,21.5,5,259.85,False,0.6731306491372228
2025-04-13,109.8,13.419999999999998,9.2,18.1,5,259.85,False,0.3608874281018899
2025-04-14,214.2,14.52,9.3,20.9,5,259.85,False,0.7040262941659818
2025-04-15,153.2,13.280000000000001,7.1,20.3,5,259.85,False,0.5035332785538208
2025-04-16,104.6,10.18,6.9,15.3,5,259.85,False,0.3437962202136401
2025-04-17,68.8,8.379999999999999,6.5,10.7,5,259.85,False,0.22612982744453575
2025-04-18,118.6,7.3,1.2,12.1,5,259.85,False,0.3898110106820049
2025-04-19,271.8,10.92,-0.3,22.4,5,259.85,True,0.8933442892358259
2025-04-20,180.2,9.959999999999999,3.7,15.1,5,259.85,False,0.5922760887428101
2025-04-21,186.6,10.28,3.9,17.5,5,259.85,False,0.6133114215283484
2025-04-22,262.4,12.2,4.6,19.3,5,259.85,True,0.8624486442070665
2025-04-23,198.0,10.82,3.6,19.7,5,259.85,False,0.6507806080525883
2025-04-24,106.6,10.1,8.1,13.6,5,259.85,False,0.35036976170912076
2025-04-25,135.6,10.26,6.6,14.5,5,259.85,False,0.44568611339359077
2025-04-26,128.6,11.2,5.7,16.5,5,259.85,False,0.4226787181594084
2025-04-27,274.2,12.42,4.8,19.5,5,259.85,True,0.9012325390304026
2025-04-28,291.2,14.74,5.5,23.8,5,259.85,True,0.9571076417419885
2025-04-29,304.2,16.119999999999997,6.7,25.7,5,259.85,True,0.9998356614626129
2025-04-30,313.4,16.3,6.5,26.2,5,259.85,True,1.030073952341824
2025-05-01,313.0,16.76,6.3,27.2,5,311.35,True,0.9205611599658834
2025-05-02,300.2,18.14,6.8,28.2,5,311.35,False,0.8829152083762242
2025-05-03,199.2,17.44,12.9,24.4,5,311.35,False,0.5858651216140701
2025-05-04,89.8,13.219999999999999,9.2,18.4,5,311.35,False,0.2641098791212023
2025-05-05,72.8,8.620000000000001,6.6,10.8,5,311.35,False,0.21411134966618628
2025-05-06,69.4,9.42,4.9,12.4,5,311.35,False,0.2041116437751831
2025-05-07,108.2,10.120000000000001,3.7,14.9,5,311.35,False,0.31822593453133735
2025-05-08,177.8,11.5,5.5,17.2,5,311.35,False,0.5229257963001088
2025-05-09,231.4,10.78,3.8,17.4,5,311.35,False,0.6805682185818065
2025-05-10,326.8,12.620000000000001,2.5,21.5,5,311.35,True,0.9611482015234847
2025-05-11,331.4,15.219999999999999,4.5,24.3,5,311.35,True,0.9746772153760183
2025-05-12,251.0,14.5,9.2,22.4,5,311.35,False,0.738213581953472
2025-05-13,270.2,14.3,6.8,22.6,5,311.35,False,0.7946825093379606
2025-05-14,336.8,14.48,4.3,23.2,5,311.35,True,0.9905591012029059
2025-05-15,322.0,14.66,5.4,22.9,5,311.35,True,0.9470309696773624
2025-05-16,288.6,12.78,2.8,19.4,5,311.35,False,0.8487985647480958
2025-05-17,258.4,13.319999999999999,5.3,20.7,5,311.35,False,0.7599776477162435
2025-05-18,324.8,13.819999999999999,5.2,21.5,5,311.35,True,0.9552660215876004
2025-05-19,313.8,16.160000000000004,5.3,24.9,5,311.35,True,0.9229140319402371
2025-05-20,189.6,16.240000000000002,11.4,22.4,5,311.35,False,0.5576306579218259
2025-05-21,147.8,14.84,10.8,20.9,5,311.35,False,0.4346930972618453
2025-05-22,98.2,11.52,7.4,15.1,5,311.35,False,0.2888150348519161
2025-05-23,258.8,11.38,4.7,17.0,5,311.35,False,0.7611540837034205
2025-05-24,313.8,12.040000000000001,2.6,18.0,5,311.35,True,0.9229140319402371
2025-05-25,162.2,15.0,10.1,21.0,5,311.35,False,0.4770447928002117
2025-05-26,184.8,14.62,9.5,18.5,5,311.35,False,0.5435134260757037
2025-05-27,203.6,14.559999999999999,9.0,20.1,5,311.35,False,0.5988059174730155
2025-05-28,87.0,14.38,8.9,19.4,5,311.35,False,0.2558748272109644
2025-05-29,281.4,15.920000000000002,9.8,22.4,5,311.35,False,0.8276227169789123
2025-05-30,352.8,18.32,7.9,28.4,5,311.35,True,1.0376165406899798
2025-05-31,337.2,21.06,9.6,30.5,5,311.35,True,0.9917355371900827
2025-06-01,262.6,20.04,15.2,28.3,5,338.45,False,0.7418079096045198
2025-06-02,116.6,17.1,14.9,21.3,5,338.45,False,0.32937853107344633
2025-06-03,183.0,17.28,13.8,24.1,5,338.45,False,0.5169491525423728
2025-06-04,159.0,16.64,13.3,22.3,5,338.45,False,0.4491525423728814
2025-06-05,188.4,16.66,12.5,20.7,5,338.45,False,0.5322033898305085
2025-06-06,219.6,18.94,14.6,25.2,5,338.45,False,0.6203389830508474
2025-06-07,102.6,16.1,13.7,19.3,5,338.45,False,0.28983050847457625
2025-06-08,246.0,15.7,8.1,20.3,5,338.45,False,0.6949152542372882
2025-06-09,341.8,15.180000000000001,7.0,22.9,5,338.45,True,0.9655367231638419
2025-06-10,302.0,16.759999999999998,7.0,25.2,5,338.45,False,0.8531073446327684
2025-06-11,341.8,19.1,9.8,27.5,5,338.45,True,0.9655367231638419
2025-06-12,344.6,21.46,11.9,31.0,5,338.45,True,0.9734463276836158
2025-06-13,337.4,23.84,14.6,33.0,5,338.45,False,0.9531073446327682
2025-06-14,319.4,24.54,16.7,33.2,5,338.45,False,0.9022598870056496
2025-06-15,237.4,20.5,15.8,28.2,5,338.45,False,0.6706214689265537
2025-06-16,238.4,18.48,12.0,24.3,5,338.45,False,0.6734463276836158
2025-06-17,358.0,19.46,10.6,27.4,5,338.45,True,1.0112994350282485
2025-06-18,352.8,20.419999999999998,11.3,29.1,5,338.45,True,0.9966101694915255
2025-06-19,348.6,22.36,12.6,30.7,5,338.45,True,0.9847457627118644
2025-06-20,350.8,22.7,14.1,30.3,5,338.45,True,0.9909604519774011
2025-06-21,343.0,21.82,12.0,30.7,5,338.45,True,0.9689265536723164
2025-06-22,354.0,23.36,12.8,33.2,5,338.45,True,1.0
2025-06-23,286.4,23.7,15.3,29.9,5,338.45,False,0.8090395480225988
2025-06-24,353.4,22.06,12.8,29.5,5,338.45,True,0.9983050847457626
2025-06-25,345.2,23.46,12.6,33.5,5,338.45,True,0.9751412429378531
2025-06-26,233.4,22.04,15.7,27.3,5,338.45,False,0.6593220338983051
2025-06-27,291.6,22.119999999999997,14.3,28.8,5,338.45,False,0.8237288135593221
2025-06-28,348.4,23.979999999999997,15.0,32.5,5,338.45,True,0.984180790960452
2025-06-29,348.6,25.8,16.0,35.2,5,338.45,True,0.9847457627118644
2025-06-30,312.6,25.46,16.8,34.3,5,338.45,False,0.8830508474576272
2025-07-01,284.6,25.56,17.8,33.2,5,313.95000000000005,False,0.8263886872441129
2025-07-02,340.2,26.48,16.9,35.3,5,313.95000000000005,True,0.9878335607886408
2025-07-03,268.8,23.7,17.5,30.0,5,313.95000000000005,False,0.7805104677836174
2025-07-04,319.8,22.4,14.4,29.2,5,313.95000000000005,True,0.9285983913586342
2025-07-05,348.4,22.0,12.0,30.1,5,313.95000000000005,True,1.0116437759516828
2025-07-06,146.6,18.94,13.1,25.4,5,313.95000000000005,False,0.4256801881587735
2025-07-07,93.4,15.3,13.4,20.9,5,313.95000000000005,False,0.27120415807659926
2025-07-08,178.2,13.780000000000001,10.5,18.0,5,313.95000000000005,False,0.5174366270797642
2025-07-09,253.4,15.66,8.9,22.1,5,313.95000000000005,False,0.7357937222335144
2025-07-10,337.8,17.46,7.7,25.6,5,313.95000000000005,True,0.9808647173262871
2025-07-11,313.2,19.080000000000002,10.0,26.9,5,313.95000000000005,False,0.9094340718371614
2025-07-12,344.6,19.4,10.0,27.3,5,313.95000000000005,True,1.000609773802956
2025-07-13,307.4,21.02,10.3,29.4,5,313.95000000000005,False,0.8925927001364732
2025-07-14,216.6,20.72,15.8,28.0,5,313.95000000000005,False,0.6289381224774239
2025-07-15,232.2,20.740000000000002,15.0,26.0,5,313.95000000000005,False,0.6742356049827231
2025-07-16,172.4,19.5,14.3,23.6,5,313.95000000000005,False,0.5005952553790761
2025-07-17,303.6,18.22,12.1,24.9,5,313.95000000000005,False,0.8815586979877466
2025-07-18,327.4,19.9,11.2,28.4,5,313.95000000000005,True,0.9506663956560876
2025-07-19,193.4,19.48,12.7,29.0,5,313.95000000000005,False,0.5615726356746712
2025-07-20,217.6,20.4,15.3,29.8,5,313.95000000000005,False,0.6318418072534046
2025-07-21,164.6,18.82,15.6,23.8,5,313.95000000000005,False,0.4779465141264264
2025-07-22,270.2,18.96,12.6,24.6,5,313.95000000000005,False,0.7845756264699905
2025-07-23,280.8,18.68,10.7,25.1,5,313.95000000000005,False,0.8153546850953861
2025-07-24,157.4,17.5,14.4,23.0,5,313.95000000000005,False,0.4570399837393653
2025-07-25,166.8,17.0,13.6,23.3,5,313.95000000000005,False,0.48433462063358407
2025-07-26,115.4,17.16,14.6,23.3,5,313.95000000000005,False,0.33508522314817507
2025-07-27,180.8,17.9,14.2,24.3,5,313.95000000000005,False,0.5249862074973142
2025-07-28,82.8,15.26,12.9,17.2,5,313.95000000000005,False,0.24042509945120358
2025-07-29,210.0,16.56,12.0,22.0,5,313.95000000000005,False,0.6097738029559511
2025-07-30,176.4,16.259999999999998,10.1,22.1,5,313.95000000000005,False,0.512209994482999
2025-07-31,186.8,18.119999999999997,13.5,23.1,5,313.95000000000005,False,0.5424083161531985
2025-08-01,232.8,18.919999999999998,13.8,25.4,5,274.4,False,0.7845780533836615
2025-08-02,94.0,14.9,12.0,18.0,5,274.4,False,0.31679698031814507
2025-08-03,205.8,16.36,11.5,21.7,5,274.4,False,0.6935831760582368
2025-08-04,208.8,17.52,10.7,25.5,5,274.4,False,0.7036937179832841
2025-08-05,224.4,19.419999999999998,11.7,27.9,5,274.4,False,0.7562685359935294
2025-08-06,276.6,16.919999999999998,9.0,24.5,5,274.4,True,0.9321919654893503
2025-08-07,300.8,18.98,9.9,28.4,5,274.4,True,1.0137503370180643
2025-08-08,303.2,21.56,12.0,31.5,5,274.4,True,1.021838770558102
2025-08-09,296.2,23.22,13.0,33.8,5,274.4,True,0.9982475060663252
2025-08-10,297.2,22.880000000000003,15.0,30.3,5,274.4,True,1.0016176867080075
2025-08-11,297.4,22.660000000000004,12.4,31.3,5,274.4,True,1.0022917228363442
2025-08-12,286.2,24.18,15.3,33.7,5,274.4,True,0.9645456996495013
2025-08-13,276.8,24.5,16.6,34.8,5,274.4,True,0.9328660016176868
2025-08-14,278.6,25.14,17.1,34.1,5,274.4,True,0.9389323267727152
2025-08-15,233.6,23.66,17.2,33.4,5,274.4,False,0.7872741978970074
2025-08-16,228.8,23.14,17.2,31.1,5,274.4,False,0.7710973308169319
2025-08-17,251.6,21.380000000000003,15.5,27.1,5,274.4,False,0.8479374494472904
2025-08-18,288.2,20.4,11.5,28.8,5,274.4,True,0.9712860609328661
2025-08-19,269.2,22.22,12.7,30.3,5,274.4,False,0.9072526287409005
2025-08-20,113.0,19.66,16.9,24.5,5,274.4,False,0.38083041251011057
2025-08-21,45.4,16.84,15.8,18.4,5,274.4,False,0.1530062011323807
2025-08-22,252.2,18.36,14.1,23.6,5,274.4,False,0.8499595578322998
2025-08-23,213.4,16.020000000000003,9.9,21.6,5,274.4,False,0.719196548935023
2025-08-24,263.8,15.580000000000002,8.2,23.4,5,274.4,False,0.8890536532758158
2025-08-25,269.0,16.8,8.3,25.5,5,274.4,False,0.9065785926125641
2025-08-26,252.4,19.8,10.1,29.4,5,274.4,False,0.8506335939606364
2025-08-27,177.6,20.8,16.6,27.0,5,274.4,False,0.5985440819627933
2025-08-28,78.0,17.919999999999998,14.4,20.3,5,274.4,False,0.26287409005122675
2025-08-29,231.2,16.86,11.6,23.2,5,274.4,False,0.7791857643569696
2025-08-30,171.0,15.74,11.0,20.0,5,274.4,False,0.5763008897276894
2025-08-31,241.4,17.4,10.6,25.1,5,274.4,False,0.8135616069021301
2025-09-01,84.6,16.8,13.4,20.5,5,206.65,False,0.3529264527971298
2025-09-02,162.4,15.6,12.3,20.8,5,206.65,False,0.6774852947311335
2025-09-03,207.6,17.619999999999997,11.8,25.2,5,206.65,True,0.8660464728213257
2025-09-04,102.0,17.119999999999997,13.8,24.1,5,206.65,False,0.42551416294689415
2025-09-05,173.2,15.36,9.5,20.5,5,206.65,False,0.7225397355137457
2025-09-06,239.8,15.12,8.8,22.8,5,206.65,True,1.0003754536731884
2025-09-07,236.0,16.52,8.9,26.0,5,206.65,True,0.9845229652496766
2025-09-08,93.0,17.0,12.0,22.2,5,206.65,False,0.38796879562805053
2025-09-09,144.2,16.54,12.2,21.4,5,206.65,False,0.6015602185974719
2025-09-10,159.6,16.119999999999997,11.7,21.1,5,206.65,False,0.6658045137874932
2025-09-11,162.0,15.76,9.6,21.2,5,206.65,False,0.6758166117391848
2025-09-12,127.2,13.819999999999999,8.8,19.2,5,206.65,False,0.5306411914396563
2025-09-13,155.0,14.36,7.8,20.4,5,206.65,False,0.6466146593800842
2025-09-14,160.8,17.02,13.1,21.9,5,206.65,False,0.6708105627633391
2025-09-15,178.2,19.98,15.5,26.4,5,206.65,False,0.7433982729131032
2025-09-16,188.6,15.559999999999999,11.2,19.7,5,206.65,False,0.786784030703767
2025-09-17,193.8,15.14,10.8,20.8,5,206.65,False,0.8084769095990989
2025-09-18,219.8,15.9,9.0,26.0,5,206.65,True,0.9169413040757582
2025-09-19,214.2,16.96,7.4,27.1,5,206.65,True,0.8935797421884777
2025-09-20,202.2,19.740000000000002,12.5,29.0,5,206.65,False,0.8435192524300196
2025-09-21,98.2,18.48,13.1,23.6,5,206.65,False,0.4096616745233824
2025-09-22,46.0,12.940000000000001,10.5,16.6,5,206.65,False,0.19189854407408952
2025-09-23,29.0,11.16,9.9,13.2,5,206.65,False,0.12097951691627383
2025-09-24,36.6,11.0,9.3,13.1,5,206.65,False,0.15268449376329732
2025-09-25,87.8,11.2,7.9,14.6,5,206.65,False,0.3662759167327187
2025-09-26,51.6,10.92,8.4,14.8,5,206.65,False,0.21526010596137
2025-09-27,59.4,10.5,6.7,14.6,5,206.65,False,0.24779942430436777
2025-09-28,104.8,12.040000000000001,7.4,17.6,5,206.65,False,0.43719494389053437
2025-09-29,173.6,12.28,7.0,18.7,5,206.65,False,0.7242084185056943
2025-09-30,82.0,11.74,7.4,17.2,5,206.65,False,0.3420800133494639
2025-10-01,134.4,9.92,3.3,16.4,5,123.0,True,0.8564873821055315
2025-10-02,181.4,7.76,1.1,15.4,5,123.0,True,1.1560030588835077
2025-10-03,85.4,7.760000000000001,1.4,12.5,5,123.0,False,0.5442263573795565
2025-10-04,76.4,12.620000000000001,8.9,22.8,5,123.0,False,0.4868722916135611
2025-10-05,88.0,9.6,6.4,12.4,5,123.0,False,0.5607953097119551
2025-10-06,70.2,10.440000000000001,7.6,13.2,5,123.0,False,0.4473617129747643
2025-10-07,156.2,12.28,7.3,18.8,5,123.0,True,0.9954116747387204
2025-10-08,129.2,10.68,5.3,17.1,5,123.0,True,0.8233494774407342
2025-10-09,28.8,12.48,8.3,15.3,5,123.0,False,0.18353301045118534
2025-10-10,139.6,12.2,6.5,18.0,5,123.0,True,0.8896252867703288
2025-10-11,112.2,11.66,6.0,17.0,5,123.0,False,0.7150140198827428
2025-10-12,134.0,9.92,4.7,16.5,5,123.0,True,0.8539383125159318
2025-10-13,94.2,11.2,6.4,15.6,5,123.0,False,0.600305888350752
2025-10-14,76.2,11.02,4.4,15.3,5,123.0,False,0.4855977568187612
2025-10-15,126.2,9.8,2.7,16.5,5,123.0,True,0.8042314555187358
2025-10-16,110.4,9.36,4.2,15.4,5,123.0,False,0.7035432067295438
2025-10-17,87.4,9.379999999999999,3.8,14.7,5,123.0,False,0.5569717053275556
2025-10-18,147.4,7.58,0.9,15.7,5,123.0,True,0.9393321437675249
2025-10-19,90.0,8.48,2.1,14.1,5,123.0,False,0.5735406576599542
2025-10-20,31.2,9.92,6.0,12.9,5,123.0,False,0.1988274279887841
2025-10-21,89.0,13.34,9.2,19.1,5,123.0,False,0.5671679836859547
2025-10-22,49.0,14.2,11.5,18.2,5,123.0,False,0.31226102472597506
2025-10-23,55.6,12.4,7.6,18.5,5,123.0,False,0.3543206729543717
2025-10-24,106.8,8.540000000000001,4.3,12.7,5,123.0,False,0.6806015804231456
2025-10-25,29.4,8.74,6.1,11.3,5,123.0,False,0.18735661483558502
2025-10-26,78.0,8.0,5.9,10.9,5,123.0,False,0.49706856997196025
2025-10-27,11.2,7.82,5.3,10.2,5,123.0,False,0.07137394850879429
2025-10-28,82.4,10.22,5.2,16.2,5,123.0,False,0.5251083354575581
2025-10-29,79.4,8.14,3.3,12.8,5,123.0,False,0.5059903135355596
2025-10-30,61.2,10.14,3.0,14.2,5,123.0,False,0.39000764720876885
2025-10-31,86.0,8.92,2.8,16.3,5,123.0,False,0.5480499617639562
2025-11-01,35.2,10.48,6.3,14.0,5,58.599999999999994,False,0.40576368876080704
2025-11-02,17.6,10.1,6.3,12.4,5,58.599999999999994,False,0.20288184438040352
2025-11-03,98.4,7.32,2.4,13.6,5,58.599999999999994,True,1.1342939481268015
2025-11-04,92.8,5.88,2.3,12.7,5,58.599999999999994,True,1.0697406340057638
2025-11-05,89.0,5.8,2.0,12.6,5,58.599999999999994,True,1.0259365994236314
2025-11-06,43.0,4.16,1.9,9.6,5,58.599999999999994,False,0.4956772334293949
2025-11-07,34.2,4.159999999999999,2.3,6.2,5,58.599999999999994,False,0.39423631123919317
2025-11-08,36.6,4.279999999999999,1.9,6.5,5,58.599999999999994,False,0.42190201729106636
2025-11-09,40.4,7.4,5.0,10.8,5,58.599999999999994,False,0.4657060518731989
2025-11-10,27.2,6.3,3.4,9.5,5,58.599999999999994,False,0.3135446685878963
2025-11-11,92.6,7.6,1.6,14.6,5,58.599999999999994,True,1.067435158501441
2025-11-12,72.4,5.5600000000000005,1.2,11.8,5,58.599999999999994,True,0.8345821325648417
2025-11-13,81.2,7.2,1.3,17.3,5,58.599999999999994,True,0.9360230547550434
2025-11-14,48.8,7.859999999999999,1.9,12.8,5,58.599999999999994,False,0.5625360230547551
2025-11-15,58.8,11.18,6.2,16.3,5,58.599999999999994,True,0.6778097982708935
2025-11-16,19.2,8.34,6.0,10.4,5,58.599999999999994,False,0.22132564841498562
2025-11-17,32.2,6.220000000000001,-0.8,10.6,5,58.599999999999994,False,0.3711815561959655
2025-11-18,84.0,0.44000000000000006,-2.5,5.2,5,58.599999999999994,True,0.9682997118155621
2025-11-19,61.6,0.45999999999999996,-3.2,4.8,5,58.599999999999994,True,0.7100864553314122
2025-11-20,43.2,2.3600000000000003,-0.6,4.9,5,58.599999999999994,False,0.4979827089337177
2025-11-21,28.2,0.72,-3.0,2.9,5,58.599999999999994,False,0.3250720461095101
2025-11-22,78.2,-3.04,-7.4,0.5,5,58.599999999999994,True,0.9014409221902019
2025-11-23,42.6,-2.06,-8.2,2.6,5,58.599999999999994,False,0.4910662824207494
2025-11-24,12.8,2.96,0.6,5.6,5,58.599999999999994,False,0.1475504322766571
2025-11-25,26.2,3.6,1.1,5.5,5,58.599999999999994,False,0.30201729106628245
2025-11-26,18.4,2.94,0.0,4.5,5,58.599999999999994,False,0.21210374639769455
2025-11-27,69.6,1.26,-2.1,5.7,5,58.599999999999994,True,0.8023054755043229
2025-11-28,51.6,1.28,-2.3,4.7,5,58.599999999999994,False,0.5948126801152739
2025-11-29,66.2,4.08,-0.6,9.5,5,58.599999999999994,True,0.7631123919308359
2025-11-30,34.6,3.9799999999999995,0.1,7.8,5,58.599999999999994,False,0.3988472622478387
2025-12-01,21.4,4.14,-0.5,6.0,5,37.6,False,0.3478543563068922
2025-12-02,53.0,1.92,-1.5,6.8,5,37.6,True,0.8615084525357611
2025-12-03,20.8,2.1,0.9,3.5,5,37.6,False,0.3381014304291289
2025-12-04,21.2,3.1,1.8,4.8,5,37.6,False,0.34460338101430443
2025-12-05,26.6,3.9200000000000004,1.0,6.7,5,37.6,False,0.43237971391417446
2025-12-06,32.6,5.0200000000000005,0.5,8.7,5,37.6,False,0.5299089726918078
2025-12-07,16.2,8.440000000000001,6.0,11.2,5,37.6,False,0.26332899869960996
2025-12-08,29.8,10.379999999999999,5.5,13.7,5,37.6,False,0.4843953185955789
2025-12-09,42.0,7.94,4.6,11.6,5,37.6,True,0.6827048114434333
2025-12-10,29.6,6.779999999999999,4.0,10.1,5,37.6,False,0.4811443433029911
2025-12-11,22.2,7.76,5.7,9.6,5,37.6,False,0.3608582574772433
2025-12-12,34.2,6.88,4.7,8.3,5,37.6,False,0.55591677503251
2025-12-13,23.0,4.9,3.2,6.4,5,37.6,False,0.3738621586475944
2025-12-14,15.4,2.92,1.2,4.7,5,37.6,False,0.2503250975292589
2025-12-15,17.6,1.64,0.8,2.5,5,37.6,False,0.28608582574772445
2025-12-16,16.0,1.8,0.2,3.6,5,37.6,False,0.26007802340702224
2025-12-17,28.4,3.5799999999999996,-0.4,7.7,5,37.6,False,0.4616384915474644
2025-12-18,32.4,2.56,0.7,5.2,5,37.6,False,0.5266579973992199
2025-12-19,17.4,3.06,0.4,6.0,5,37.6,False,0.2828348504551366
2025-12-20,52.6,4.34,-0.2,9.7,5,37.6,True,0.8550065019505856
2025-12-21,25.8,1.8399999999999999,-0.1,4.4,5,37.6,False,0.41937581274382335
2025-12-22,27.6,1.34,0.3,2.6,5,37.6,False,0.44863459037711334
2025-12-23,10.0,1.52,0.2,2.7,5,37.6,False,0.1625487646293889
2025-12-24,7.6,2.2199999999999998,0.3,3.9,5,37.6,False,0.12353706111833554
2025-12-25,16.6,1.1,0.1,1.8,5,37.6,False,0.26983094928478557
2025-12-26,20.0,0.44000000000000006,-0.2,1.0,5,37.6,False,0.3250975292587778
2025-12-27,20.0,0.26,-1.3,1.0,5,37.6,False,0.3250975292587778
2025-12-28,64.6,0.059999999999999984,-3.8,3.8,5,37.6,True,1.050065019505852
2025-12-29,30.2,-1.1199999999999999,-3.9,0.4,5,37.6,False,0.49089726918075444
2025-12-30,36.6,-0.76,-4.3,2.9,5,37.6,False,0.5949284785435633
2025-12-31,69.4,-3.8599999999999994,-8.5,1.6,5,37.6,True,1.128088426527959
2026-01-01,66.6,-3.28,-9.5,2.4,5,59.7,True,0.8647104648143339
2026-01-02,21.2,0.78,-6.2,4.2,5,59.7,False,0.2752531809919502
2026-01-03,58.6,-1.42,-6.5,1.2,5,59.7,False,0.7608413399117113
2026-01-04,75.0,-5.04,-9.6,0.1,5,59.7,True,0.9737730459620878
2026-01-05,71.4,-6.04,-12.0,-1.4,5,59.7,True,0.9270319397559077
2026-01-06,30.8,-7.5200000000000005,-13.4,-4.2,5,59.7,False,0.3998961308750974
2026-01-07,57.4,-4.5,-9.4,-1.0,5,59.7,False,0.7452609711763178
2026-01-08,20.0,0.38,-3.4,6.1,5,59.7,False,0.25967281225655675
2026-01-09,31.0,5.64,0.8,8.8,5,59.7,False,0.40249285899766296
2026-01-10,16.4,1.34,-0.3,4.3,5,59.7,False,0.2129317060503765
2026-01-11,35.6,-0.24,-4.0,1.6,5,59.7,False,0.46221760581667104
2026-01-12,33.2,1.1400000000000001,-3.0,4.1,5,59.7,False,0.43105686834588425
2026-01-13,60.6,1.1199999999999999,-2.3,7.3,5,59.7,True,0.7868086211373669
2026-01-14,63.4,1.24,-2.5,7.9,5,59.7,True,0.8231628148532849
2026-01-15,69.8,3.28,-0.7,10.2,5,59.7,True,0.906258114775383
2026-01-16,38.0,1.6199999999999999,-0.8,5.6,5,59.7,False,0.49337834328745783
2026-01-17,44.0,0.9800000000000001,-1.1,5.3,5,59.7,False,0.5712801869644248
2026-01-18,20.6,0.12,-0.9,0.9,5,59.7,False,0.2674629966242535
2026-01-19,32.4,-0.1,-1.2,1.4,5,59.7,False,0.42066995585562195
2026-01-20,46.6,-1.0,-2.6,2.7,5,59.7,False,0.6050376525577773
2026-01-21,57.4,-1.78,-4.0,2.7,5,59.7,False,0.7452609711763178
2026-01-22,44.0,-1.8,-4.2,0.9,5,59.7,False,0.5712801869644248
2026-01-23,42.6,-0.56,-2.0,2.2,5,59.7,False,0.5531030901064659
2026-01-24,28.2,1.6,-0.6,3.6,5,59.7,False,0.366138665281745
2026-01-25,65.6,2.8600000000000003,0.6,7.4,5,59.7,True,0.851726824201506
2026-01-26,37.2,2.9799999999999995,-2.3,7.3,5,59.7,False,0.4829914307971956
2026-01-27,50.2,0.32,-4.8,4.3,5,59.7,False,0.6517787587639575
2026-01-28,12.6,2.4400000000000004,0.2,4.4,5,59.7,False,0.16359387172163076
2026-01-29,36.6,2.82,-0.8,6.0,5,59.7,False,0.47520124642949885
2026-01-30,21.8,1.6199999999999999,-0.1,3.6,5,59.7,False,0.28304336535964686
2026-01-31,29.0,2.56,0.1,4.4,5,59.7,False,0.3765255777720073
2026-02-01,50.8,2.92,-0.1,6.8,5,95.6,False,0.4223478550049885
2026-02-02,67.2,3.7399999999999998,1.1,7.4,5,95.6,False,0.5586963751247093
2026-02-03,57.8,3.96,-0.8,9.1,5,95.6,False,0.480545394080479
2026-02-04,51.6,1.08,-2.0,5.8,5,95.6,False,0.4289990023279017
2026-02-05,52.8,1.1199999999999999,-2.0,4.9,5,95.6,False,0.43897572331227147
2026-02-06,43.4,4.34,-1.3,9.6,5,95.6,False,0.36082474226804134
2026-02-07,93.8,5.5,0.3,11.4,5,95.6,False,0.7798470236115732
2026-02-08,55.0,3.18,-0.3,6.9,5,95.6,False,0.45726637845028284
2026-02-09,43.6,3.46,-0.9,6.4,5,95.6,False,0.3624875290987697
2026-02-10,36.0,3.9,-1.4,8.1,5,95.6,False,0.29930162953109424
2026-02-11,32.2,8.1,4.5,11.7,5,95.6,False,0.26770867974725654
2026-02-12,23.0,7.94,4.5,10.7,5,95.6,False,0.19122048553375465
2026-02-13,104.6,7.58,4.6,11.8,5,95.6,True,0.8696375124709015
2026-02-14,26.2,4.9,0.2,8.1,5,95.6,False,0.21782507482540744
2026-02-15,59.6,2.02,0.2,5.1,5,95.6,False,0.49551047555703376
2026-02-16,46.8,5.5600000000000005,1.4,8.2,5,95.6,False,0.38909211839042246
2026-02-17,62.6,3.4799999999999995,-1.8,7.4,5,95.6,False,0.5204522780179582
2026-02-18,24.2,1.1102230246251566e-17,-2.7,2.1,5,95.6,False,0.20119720651812445
2026-02-19,47.0,3.1399999999999997,0.3,7.5,5,95.6,False,0.3907549052211508
2026-02-20,71.8,5.58,2.3,8.6,5,95.6,False,0.5969404722314601
2026-02-21,24.6,6.82,3.7,10.2,5,95.6,False,0.20452278017958106
2026-02-22,69.2,7.94,2.9,12.4,5,95.6,False,0.5753242434319923
2026-02-23,51.6,10.24,6.7,13.5,5,95.6,False,0.4289990023279017
2026-02-24,85.8,10.940000000000001,3.9,16.2,5,95.6,False,0.7133355503824412
2026-02-25,118.6,8.24,2.0,15.1,5,95.6,True,0.9860325906218825
2026-02-26,143.6,8.4,1.0,18.5,5,95.6,True,1.1938809444629201
2026-02-27,157.8,8.540000000000001,0.5,19.3,5,95.6,True,1.3119388094446298
2026-02-28,47.2,7.44,1.5,11.8,5,95.6,False,0.3924176920518791
2026-03-01,123.8,7.159999999999999,0.3,12.4,5,165.8,False,0.5811388067408347
2026-03-02,148.4,5.58,-1.1,14.4,5,165.8,False,0.6966155001642962
2026-03-03,163.6,6.94,-0.9,17.3,5,165.8,False,0.767966953011313
2026-03-04,165.2,6.7,-1.0,15.1,5,165.8,False,0.7754776322583674
2026-03-05,158.8,6.840000000000001,-1.3,15.5,5,165.8,False,0.7454349152701499
2026-03-06,140.6,7.74,0.0,17.0,5,165.8,False,0.660000938834906
2026-03-07,163.6,7.840000000000001,-0.4,17.5,5,165.8,False,0.767966953011313
2026-03-08,165.8,8.26,-0.3,17.5,5,165.8,True,0.7782941369760129
2026-03-09,151.2,8.940000000000001,2.2,17.5,5,165.8,False,0.7097591888466414
2026-03-10,154.8,9.040000000000001,0.1,17.0,5,165.8,False,0.7266582171525139
2026-03-11,122.0,10.620000000000001,6.8,16.2,5,165.8,False,0.5726892925878985
2026-03-12,170.8,7.840000000000001,-0.3,13.1,5,165.8,True,0.801765009623058
2026-03-13,173.8,7.82,-1.4,16.7,5,165.8,True,0.815847533211285
2026-03-14,32.4,4.76,1.8,11.6,5,165.8,False,0.15209125475285173
2026-03-15,82.2,4.5200000000000005,0.5,8.2,5,165.8,False,0.38586114631742013
2026-03-16,61.0,4.42,-1.5,9.4,5,165.8,False,0.28634464629394923
2026-03-17,170.6,7.4799999999999995,1.1,14.4,5,165.8,True,0.8008261747171761
2026-03-18,209.8,7.9,0.0,12.9,5,165.8,True,0.9848378162700091
2026-03-19,208.2,7.56,-0.4,15.8,5,165.8,True,0.9773271370229546
2026-03-20,217.0,6.34,-2.2,15.6,5,165.8,True,1.018635872881754
2026-03-21,175.6,7.44,-0.9,15.0,5,165.8,True,0.824297047364221
2026-03-22,179.6,8.219999999999999,2.4,15.3,5,165.8,True,0.8430737454818571
2026-03-23,121.6,6.26,-0.6,13.6,5,165.8,False,0.5708116227761348
2026-03-24,215.6,7.12,-1.5,15.9,5,165.8,True,1.0120640285405813
2026-03-25,96.6,6.26,0.6,15.4,5,165.8,False,0.45345725954090976
2026-03-26,115.8,2.9,-0.7,7.7,5,165.8,False,0.5435854105055626
2026-03-27,133.2,1.86,-3.1,7.4,5,165.8,False,0.6252640473172792
2026-03-28,135.2,1.7,-4.7,7.8,5,165.8,False,0.6346523963760973
2026-03-29,120.4,4.32,-0.2,8.6,5,165.8,False,0.5651786133408441
2026-03-30,63.2,4.06,1.1,7.3,5,165.8,False,0.29667183025864907
2026-03-31,110.4,3.38,-0.5,8.5,5,165.8,False,0.5182368680467541
2026-04-01,133.4,4.0200000000000005,-1.2,10.0,5,259.85,False,0.43845521774856205
2026-04-02,237.4,6.459999999999999,-1.2,13.8,5,259.85,False,0.780279375513558
2026-04-03,217.2,8.42,-1.5,15.4,5,259.85,False,0.7138866064092029
2026-04-04,172.4,11.72,5.1,17.8,5,259.85,False,0.5666392769104355
2026-04-05,222.4,14.540000000000001,3.5,23.9,5,259.85,False,0.7309778142974528
2026-04-06,236.8,13.34,5.9,20.8,5,259.85,False,0.7783073130649137
2026-04-07,260.0,13.26,3.2,23.7,5,259.85,True,0.8545603944124898
2026-04-08,265.4,14.1,4.7,23.5,5,259.85,True,0.8723089564502875
2026-04-09,268.8,13.66,2.8,23.8,5,259.85,True,0.8834839769926048
2026-04-10,105.6,11.84,5.6,17.6,5,259.85,False,0.3470829909613804
2026-04-11,201.8,13.34,6.5,23.5,5,259.85,False,0.6632703368940017
2026-04-12,35.4,9.0,5.9,14.1,5,259.85,False,0.11635168447000821
2026-04-13,46.6,7.42,5.5,9.5,5,259.85,False,0.1531635168447001
2026-04-14,81.6,8.8,6.0,12.2,5,259.85,False,0.26820049301561216
2026-04-15,81.0,9.68,4.6,13.6,5,259.85,False,0.26622843056696793
2026-04-16,244.4,11.68,3.4,20.0,5,259.85,False,0.8032867707477404
2026-04-17,250.2,12.66,3.5,21.8,5,259.85,False,0.8223500410846343
2026-04-18,264.4,13.819999999999999,3.6,23.0,5,259.85,True,0.8690221857025472
2026-04-19,250.8,13.84,8.1,19.4,5,259.85,False,0.8243221035332786
2026-04-20,261.8,11.66,4.8,17.7,5,259.85,True,0.8604765817584223
2026-04-21,273.6,10.059999999999999,2.0,16.8,5,259.85,True,0.8992604765817585
2026-04-22,305.2,10.76,2.6,17.6,5,259.85,True,1.0031224322103534
2026-04-23,313.8,11.440000000000001,-0.1,21.6,5,259.85,True,1.0313886606409204
2026-04-24,313.2,12.16,0.4,23.5,5,259.85,True,1.029416598192276
2026-04-25,309.6,12.940000000000001,1.2,23.8,5,259.85,True,1.017584223500411
2026-04-26,299.0,12.819999999999999,2.1,23.4,5,259.85,True,0.9827444535743632
2026-04-27,295.8,13.48,2.3,24.1,5,259.85,True,0.9722267871815942
2026-04-28,181.0,14.2,5.5,21.1,5,259.85,False,0.5949055053410025
2026-04-29,261.8,15.6,10.4,21.8,5,259.85,True,0.8604765817584223
2026-04-30,324.8,13.24,5.5,20.4,5,259.85,True,1.0675431388660641
2026-05-01,321.2,12.98,1.2,23.5,5,311.35,True,0.9446780977030087
2026-05-02,298.0,15.8,4.0,26.1,5,311.35,False,0.8764448104467516
2026-05-03,221.4,15.719999999999999,8.5,25.5,5,311.35,False,0.6511573189023853
2026-05-04,177.2,14.38,8.0,22.3,5,311.35,False,0.5211611423193435
2026-05-05,122.6,12.14,8.3,18.3,5,311.35,False,0.36057763006970384
2026-05-06,79.2,10.319999999999999,6.4,13.9,5,311.35,False,0.23293432546101586
2026-05-07,227.2,12.219999999999999,7.2,18.1,5,311.35,False,0.6682156407164495
2026-05-08,322.2,14.52,4.7,22.6,5,311.35,True,0.9476191876709509
2026-05-09,310.8,15.7,6.6,24.9,5,311.35,False,0.9140907620364107
2026-05-10,178.8,14.7,7.7,21.1,5,311.35,False,0.525866886268051
2026-05-11,109.8,11.98,6.3,16.1,5,311.35,False,0.3229316784800447
2026-05-12,301.8,8.78,2.6,14.4,5,311.35,False,0.8876209523249317
2026-05-13,209.8,10.040000000000001,1.4,16.1,5,311.35,False,0.6170406752742567
2026-05-14,193.0,8.36,4.1,14.2,5,311.35,False,0.567630363812829
2026-05-15,154.2,7.5200000000000005,2.8,12.3,5,311.35,False,0.4535160730566748
2026-05-16,246.2,8.58,2.8,14.5,5,311.35,False,0.7240963501073497
2026-05-17,293.8,10.260000000000002,1.5,17.6,5,311.35,False,0.8640922325813947
2026-05-18,143.2,9.58,4.1,15.4,5,311.35,False,0.4211640834093115
2026-05-19,213.2,12.36,6.6,18.5,5,311.35,False,0.6270403811652598
2026-05-20,236.6,14.919999999999998,8.2,21.0,5,311.35,False,0.6958618864151055
2026-05-21,333.2,16.02,6.7,24.7,5,311.35,True,0.9799711773183142
2026-05-22,347.6,17.880000000000003,7.3,27.5,5,311.35,True,1.0223228728566809
2026-05-23,348.4,19.68,8.9,29.6,5,311.35,True,1.0246757448310344
2026-05-24,343.0,21.94,11.1,31.5,5,311.35,True,1.008793859004147
2026-05-25,334.8,22.5,12.8,32.1,5,311.35,True,0.9846769212670217
2026-05-26,337.8,22.48,12.3,32.0,5,311.35,True,0.993500191170848
2026-05-27,334.2,23.1,13.7,32.0,5,311.35,True,0.9829122672862562
2026-05-28,309.6,21.8,13.4,29.4,5,311.35,False,0.9105614540748802
2026-05-29,354.2,20.84,10.6,30.5,5,311.35,True,1.0417340666450987
2026-05-30,318.0,21.08,10.2,31.1,5,311.35,True,0.935266609805594
2026-05-31,265.0,19.82,11.7,30.2,5,311.35,False,0.7793888415046617
2026-06-01,338.6,19.6,13.3,25.7,5,338.45,True,0.956497175141243
2026-06-02,190.0,16.619999999999997,11.5,25.6,5,338.45,False,0.536723163841808
2026-06-03,232.6,15.180000000000001,10.1,20.8,5,338.45,False,0.6570621468926553
2026-06-04,131.6,14.02,9.5,22.0,5,338.45,False,0.37175141242937854
2026-06-05,228.6,14.540000000000001,8.6,19.8,5,338.45,False,0.6457627118644068
2026-06-06,305.8,16.68,7.2,24.1,5,338.45,False,0.8638418079096045
2026-06-07,331.6,18.68,10.9,24.1,5,338.45,False,0.936723163841808
2026-06-08,227.8,17.639999999999997,9.3,27.8,5,338.45,False,0.6435028248587571
2026-06-09,131.6,15.74,12.0,18.7,5,338.45,False,0.37175141242937854
2026-06-10,148.6,13.1,7.7,16.8,5,338.45,False,0.41977401129943503
2026-06-11,286.0,14.36,7.2,19.5,5,338.45,False,0.807909604519774
2026-06-12,80.0,16.28,12.2,21.2,5,338.45,False,0.22598870056497175
2026-06-13,328.2,20.96,11.7,28.3,5,338.45,False,0.9271186440677965
2026-06-14,372.2,20.6,12.4,27.6,5,338.45,True,1.051412429378531
2026-06-15,351.8,18.84,8.9,27.0,5,338.45,True,0.9937853107344633
2026-06-16,230.0,20.259999999999998,11.7,28.2,5,338.45,False,0.6497175141242938
2026-06-17,333.8,22.68,11.8,31.5,5,338.45,False,0.9429378531073447
2026-06-18,353.4,24.4,14.0,34.6,5,338.45,True,0.9983050847457626
2026-06-19,289.4,24.0,14.6,35.5,5,338.45,False,0.8175141242937852
2026-06-20,342.8,24.580000000000002,15.5,34.7,5,338.45,True,0.9683615819209039
2026-06-21,324.2,25.76,15.4,36.6,5,338.45,False,0.9158192090395479
2026-06-22,304.2,26.1,15.9,35.7,5,338.45,False,0.8593220338983051
2026-06-23,271.4,25.44,16.9,35.0,5,338.45,False,0.7666666666666666
2026-06-24,341.2,26.78,17.1,36.2,5,338.45,True,0.9638418079096045
2026-06-25,354.0,27.880000000000003,16.3,37.8,5,338.45,True,1.0
2026-06-26,332.4,28.080000000000002,18.1,37.8,5,338.45,False,0.9389830508474576
2026-06-27,342.8,28.8,17.1,39.0,5,338.45,True,0.9683615819209039
2026-06-28,305.8,28.619999999999997,19.5,37.5,5,338.45,False,0.8638418079096045
2026-06-29,261.8,24.52,19.0,31.9,5,338.45,False,0.7395480225988701
2026-06-30,295.8,24.86,17.7,32.8,5,338.45,False,0.8355932203389831
2026-07-01,169.2,19.86,13.6,24.7,5,313.95000000000005,False,0.4913034640959377
2026-07-02,352.0,21.759999999999998,11.2,28.6,5,313.95000000000005,True,1.0220970411452133
2026-07-03,295.6,22.22,13.4,28.9,5,313.95000000000005,False,0.8583292197799008
2026-07-04,362.6,21.46,10.0,30.0,5,313.95000000000005,True,1.052876099770609
2026-07-05,321.8,22.28,10.9,31.0,5,313.95000000000005,True,0.9344057609105956
2026-07-06,316.2,22.439999999999998,13.3,30.8,5,313.95000000000005,True,0.9181451261651035
2026-07-07,324.4,24.32,11.7,34.2,5,313.95000000000005,True,0.9419553413281454
2026-07-08,255.8,23.3,12.9,31.4,5,313.95000000000005,False,0.7427625656958681
2026-07-09,344.6,24.14,14.3,32.7,5,313.95000000000005,True,1.000609773802956
2026-07-10,348.6,26.060000000000002,14.4,34.6,5,313.95000000000005,True,1.012224512906879
2026-07-11,323.4,26.139999999999997,16.1,35.3,5,313.95000000000005,True,0.9390516565521647
2026-07-12,350.0,26.0,17.1,33.6,5,313.95000000000005,True,1.016289671593252
2026-07-13,284.0,25.36,13.7,33.9,5,313.95000000000005,False,0.8246464763785244
2026-07-14,250.2,25.06,18.0,34.8,5,313.95000000000005,False,0.7265019309503761
2026-07-15,219.4,23.240000000000002,17.8,31.6,5,313.95000000000005,False,0.6370684398501699
2026-07-16,270.6,23.740000000000002,16.4,33.2,5,313.95000000000005,False,0.7857371003803828
2026-07-17,286.2,23.04,16.8,29.8,5,313.95000000000005,False,0.8310345828856819
2026-07-18,292.8,22.119999999999997,14.9,30.6,5,313.95000000000005,False,0.8501989024071548
2026-07-19,274.4,20.66,12.8,27.2,5,313.95000000000005,False,0.7967711025291094
2026-07-20,335.8,20.1,10.2,27.6,5,313.95000000000005,True,0.9750573477743257
2026-07-21,313.6,19.64,9.8,27.0,5,313.95000000000005,False,0.9105955457475537
2026-07-22,332.6,20.2,9.3,28.2,5,313.95000000000005,True,0.9657655564911874
2026-07-23,328.4,20.1,12.1,27.6,5,313.95000000000005,True,0.9535700804320683
2026-07-24,337.4,20.1,8.9,30.2,5,313.95000000000005,True,0.9797032434158948
2026-07-25,244.8,22.44,8.8,32.5,5,313.95000000000005,False,0.7108220331600802
2026-07-26,194.4,23.880000000000003,16.4,28.8,5,313.95000000000005,False,0.5644763204506519
2026-07-27,263.6,23.14,14.1,28.2,5,313.95000000000005,False,0.7654113069485178
2026-07-28,327.8,23.18,12.3,33.0,5,313.95000000000005,True,0.9518278695664799
2026-07-29,315.8,26.78,14.2,37.6,5,313.95000000000005,True,0.9169836522547113
2026-07-30,293.0,26.2,14.8,38.6,5,313.95000000000005,False,0.8507796393623509
2026-07-31,237.8,26.18,16.4,35.3,5,313.95000000000005,False,0.6904962397282152
