feature,coefficient,absolute_coefficient
customer_std_timed_mean_plateau_cv,0.07003924610028875,0.07003924610028875
customer_max_timed_mean_plateau_cv,0.06993777676923162,0.06993777676923162
customer_top3_timed_mean_plateau_cv,0.05283331281576262,0.05283331281576262
customer_max_timed_start_cos,-0.046300085246038805,0.046300085246038805
customer_std_stat_q99,0.04211553154849201,0.04211553154849201
customer_max_timed_cross_midnight_count,-0.03975195452557186,0.03975195452557186
customer_std_timed_cross_midnight_count,-0.03634826061354137,0.03634826061354137
customer_std_dist_window_longest_high_run_hours,0.0352544707173388,0.0352544707173388
customer_std_dist_level_mode_count,0.0346727082467861,0.0346727082467861
customer_top3_timed_start_sin,0.033992065215485374,0.033992065215485374
customer_std_dist_window_excess_fraction,0.03235604449183267,0.03235604449183267
customer_std_dist_window_high_fraction,0.03223000768973344,0.03223000768973344
customer_std_dist_level_entropy,0.03206057084438299,0.03206057084438299
customer_std_timed_start_sin,0.03165339754860636,0.03165339754860636
customer_mean_stat_ramp50,-0.03115190122724501,0.03115190122724501
customer_top3_dist_window_longest_high_run_hours,0.030938854184628366,0.030938854184628366
customer_top3_timed_cross_midnight_count,-0.030442656715647002,0.030442656715647002
customer_mean_stat_hours_above_7,0.02869250131606061,0.02869250131606061
customer_std_multi_pos_q95_120m,-0.02857915721261167,0.02857915721261167
customer_std_dist_level_concentration,0.028346048083936988,0.028346048083936988
customer_std_timed_mean_level_kw,0.02819685783650987,0.02819685783650987
customer_max_dist_level_concentration,0.028150181467598283,0.028150181467598283
customer_mean_stat_hours_above_11,-0.027929929130243076,0.027929929130243076
customer_std_timed_start_cos,-0.027885541287711164,0.027885541287711164
customer_top3_dist_level_concentration,0.027834462239932113,0.027834462239932113
customer_mean_timed_start_cos,-0.02772668302075293,0.02772668302075293
customer_top3_timed_start_cos,-0.027351493861659866,0.027351493861659866
customer_top3_stat_ramp50,-0.02713818587012389,0.02713818587012389
customer_max_timed_start_sin,0.02690989111965789,0.02690989111965789
customer_max_dist_window_longest_high_run_hours,0.0265468497844437,0.0265468497844437
customer_std_multi_neg_q95_120m,-0.026440082892648983,0.026440082892648983
customer_max_timed_paired_count,-0.02523225327707207,0.02523225327707207
customer_top3_timed_median_rise_kw,0.024245338594170836,0.024245338594170836
customer_max_stat_ramp50,-0.024229585780303046,0.024229585780303046
customer_max_dist_level_entropy,0.023853341975982757,0.023853341975982757
customer_std_timed_paired_count,-0.02300240440757603,0.02300240440757603
customer_std_timed_max_rise_kw,0.022376536610948166,0.022376536610948166
customer_mean_multi_neg_q95_30m,0.022133833933698856,0.022133833933698856
customer_mean_timed_paired_count,-0.021588084899497564,0.021588084899497564
customer_top3_stat_hours_above_11,-0.021573368885031745,0.021573368885031745
customer_top3_dist_window_high_fraction,0.021571943461961035,0.021571943461961035
customer_top3_dist_peak_time_sin,0.021322228877242843,0.021322228877242843
customer_max_dist_level_mode_count,0.02116235700738326,0.02116235700738326
customer_mean_timed_cross_midnight_count,-0.021131731592395033,0.021131731592395033
customer_top3_dist_window_excess_fraction,0.021078571997266565,0.021078571997266565
customer_std_timed_median_rise_kw,0.021076541002671347,0.021076541002671347
customer_mean_dist_tail_area_kwh,0.02106776184573707,0.02106776184573707
customer_top3_timed_paired_count,-0.020448729435594507,0.020448729435594507
customer_std_timed_start_concentration,0.020429165212758532,0.020429165212758532
customer_top3_dist_peak_time_concentration,0.02040728441289863,0.02040728441289863
customer_max_dist_window_high_fraction,0.020339232534523743,0.020339232534523743
customer_mean_multi_pos_q95_30m,0.019973013371074454,0.019973013371074454
customer_max_stat_hours_above_11,-0.0198520373184034,0.0198520373184034
customer_std_dist_peak_time_sin,0.01952998912389759,0.01952998912389759
customer_max_dist_peak_time_sin,0.019501853360861153,0.019501853360861153
customer_mean_multi_pos_q95_15m,0.019292378772504684,0.019292378772504684
customer_std_stat_hours_above_3,-0.019145597402039274,0.019145597402039274
customer_std_stat_q75,-0.01911879352837744,0.01911879352837744
customer_std_stat_hours_above_11,-0.018821209432354376,0.018821209432354376
customer_std_multi_neg_q95_60m,-0.01876173672111811,0.01876173672111811
customer_mean_stat_hours_above_5,0.018760758944261942,0.018760758944261942
customer_mean_dist_all_high_hours,0.018709836858023604,0.018709836858023604
customer_mean_dist_window_longest_high_run_hours,0.018410348391159386,0.018410348391159386
customer_std_dist_peak_time_concentration,0.018336685270572202,0.018336685270572202
customer_mean_timed_median_rise_kw,0.018031841354429798,0.018031841354429798
customer_std_timed_ramp_count,-0.01796598102765712,0.01796598102765712
customer_max_timed_mean_level_kw,0.017811712653082762,0.017811712653082762
customer_mean_multi_neg_q95_15m,0.017695226224734753,0.017695226224734753
customer_max_timed_median_rise_kw,0.017263279736774922,0.017263279736774922
customer_std_multi_pos_q95_60m,-0.01715303278368867,0.01715303278368867
customer_max_stat_q75,-0.01714720012802855,0.01714720012802855
customer_top3_stat_hours_above_3,-0.016276197014931583,0.016276197014931583
customer_mean_dist_level_concentration,0.01616662171499183,0.01616662171499183
customer_std_dist_day_profile_consistency,-0.01608912671528177,0.01608912671528177
customer_max_timed_max_rise_kw,0.015912051999804604,0.015912051999804604
customer_max_timed_sustained_count,-0.01580315740192016,0.01580315740192016
customer_mean_timed_start_sin,0.015721600784716683,0.015721600784716683
customer_max_stat_hours_above_3,-0.01567821213660045,0.01567821213660045
customer_std_stat_q5,0.0156708053470046,0.0156708053470046
customer_mean_multi_neg_q95_60m,0.015145638968847307,0.015145638968847307
customer_top3_dist_level_mode_count,0.015014381174179489,0.015014381174179489
customer_std_multi_neg_q95_30m,-0.014989984664281161,0.014989984664281161
customer_top3_timed_start_concentration,0.014895264948598625,0.014895264948598625
customer_top3_timed_mean_level_kw,0.014511132099031055,0.014511132099031055
customer_max_timed_ramp_count,-0.014389041301443174,0.014389041301443174
customer_top3_stat_q75,-0.014191017026230279,0.014191017026230279
customer_mean_timed_mean_plateau_cv,0.013887436176115561,0.013887436176115561
customer_top3_timed_max_rise_kw,0.01384870126279774,0.01384870126279774
customer_mean_stat_ramp95,0.013705600507246027,0.013705600507246027
customer_mean_dist_peak_time_sin,0.013349274266663127,0.013349274266663127
customer_top3_dist_peak_time_cos,0.013221793355886535,0.013221793355886535
customer_top3_dist_level_entropy,0.01294832351100294,0.01294832351100294
customer_top3_timed_active_days,0.012883794477101206,0.012883794477101206
customer_max_dist_window_excess_fraction,0.012739109548793155,0.012739109548793155
customer_max_stat_q99,0.012731894862092403,0.012731894862092403
customer_std_stat_q50,-0.012556323261002271,0.012556323261002271
customer_std_stat_ramp50,-0.012553736360309375,0.012553736360309375
customer_mean_dist_all_excess_kwh,0.012520377514317001,0.012520377514317001
customer_std_multi_pos_q95_30m,-0.012383662686120792,0.012383662686120792
customer_top3_multi_pos_q95_30m,0.012338891199209796,0.012338891199209796
customer_mean_multi_neg_q95_120m,0.012301392367627902,0.012301392367627902
customer_mean_dist_window_high_hours,0.012268462375330972,0.012268462375330972
customer_std_timed_sustained_count,-0.012215166687841662,0.012215166687841662
customer_mean_dist_window_excess_fraction,-0.012146006687934752,0.012146006687934752
customer_max_stat_ramp99,0.011718248372968134,0.011718248372968134
customer_mean_stat_q50,0.011674115913399575,0.011674115913399575
customer_top3_multi_neg_q95_30m,0.011662239702707302,0.011662239702707302
customer_std_multi_abs_mean_30m,-0.011449049819510405,0.011449049819510405
customer_std_stat_ramp99,0.011422202207252407,0.011422202207252407
customer_mean_dist_window_high_fraction,-0.011318480480685194,0.011318480480685194
customer_std_multi_pos_q95_15m,-0.01129718603646619,0.01129718603646619
customer_max_dist_active_days,-0.011221677995163696,0.011221677995163696
customer_max_timed_start_concentration,0.011172802560926008,0.011172802560926008
customer_mean_stat_hours_above_3,-0.01098758422338029,0.01098758422338029
customer_max_dist_peak_time_cos,0.010908419657736956,0.010908419657736956
customer_mean_dist_level_entropy,0.010871078641430287,0.010871078641430287
customer_top3_stat_ramp99,0.010789682561453413,0.010789682561453413
customer_mean_timed_sustained_count,-0.010311672041925034,0.010311672041925034
customer_top3_timed_sustained_count,-0.01015268997075304,0.01015268997075304
customer_std_dist_all_excess_kwh,-0.010044947887780663,0.010044947887780663
customer_max_stat_q25,0.00995941050081208,0.00995941050081208
customer_top3_stat_hours_above_7,0.009910999919452223,0.009910999919452223
customer_top3_multi_neg_q95_15m,0.009508104535827023,0.009508104535827023
customer_max_dist_tail_mean_kw,0.00950248836667911,0.00950248836667911
customer_top3_stat_q25,0.009404148239941765,0.009404148239941765
customer_top3_dist_window_high_hours,0.009378163095592256,0.009378163095592256
customer_std_multi_abs_mean_60m,-0.009024453428984607,0.009024453428984607
customer_top3_multi_pos_q95_15m,0.008936610579620105,0.008936610579620105
customer_mean_dist_peak_time_cos,0.008932358944086035,0.008932358944086035
customer_max_dist_midday_negative_share,0.008907818819245496,0.008907818819245496
customer_max_stat_q50,-0.008798656255995753,0.008798656255995753
customer_mean_multi_pos_q95_60m,0.008688207408718998,0.008688207408718998
customer_std_multi_energy_120m,-0.008546512521200584,0.008546512521200584
customer_max_timed_active_days,-0.008499395484752807,0.008499395484752807
customer_max_stat_hours_above_7,0.008457767522220008,0.008457767522220008
customer_top3_stat_ramp95,0.008144943082510245,0.008144943082510245
customer_mean_timed_active_days,0.00812770583736497,0.00812770583736497
customer_std_dist_active_days,-0.008126545567232123,0.008126545567232123
customer_std_dist_midday_negative_share,-0.007976447202341379,0.007976447202341379
customer_max_multi_neg_q95_30m,0.007970008299779617,0.007970008299779617
customer_max_dist_window_high_hours,0.007863304535742412,0.007863304535742412
customer_max_stat_weekend_daily_kwh,0.007845619449258764,0.007845619449258764
customer_max_multi_energy_120m,-0.007830746683168166,0.007830746683168166
customer_mean_multi_energy_120m,-0.007820710332422348,0.007820710332422348
customer_std_dist_window_excess_kwh,-0.007808874399790793,0.007808874399790793
customer_max_dist_tail_area_kwh,0.007807026562394443,0.007807026562394443
customer_top3_multi_energy_120m,-0.007766660942603825,0.007766660942603825
customer_mean_dist_midday_negative_share,0.0075903030579956175,0.0075903030579956175
customer_mean_stat_ramp99,0.007570408283830234,0.007570408283830234
customer_std_multi_neg_q95_15m,-0.0074115667443707895,0.0074115667443707895
customer_std_multi_energy_15m,-0.007388879513833194,0.007388879513833194
customer_top3_stat_weekend_daily_kwh,0.0073758121541825546,0.0073758121541825546
customer_max_timed_mean_edge_symmetry,-0.007329185756132845,0.007329185756132845
customer_std_stat_weekend_daily_kwh,0.007295425395684727,0.007295425395684727
customer_std_multi_energy_60m,-0.007247459310361564,0.007247459310361564
customer_mean_stat_q75,-0.00715861028391018,0.00715861028391018
customer_max_multi_energy_60m,-0.007152238426810903,0.007152238426810903
customer_max_multi_pos_q95_30m,0.0068968747073560235,0.0068968747073560235
customer_max_dist_window_excess_kwh,-0.006896478775184832,0.006896478775184832
customer_std_multi_energy_30m,-0.006883048505893894,0.006883048505893894
customer_std_stat_weekday_daily_kwh,-0.006821101018614871,0.006821101018614871
customer_max_stat_ramp95,0.006812148883647655,0.006812148883647655
customer_top3_dist_tail_area_kwh,0.006717806942131,0.006717806942131
customer_top3_stat_hours_above_5,0.006540929426388789,0.006540929426388789
customer_std_timed_mean_edge_symmetry,-0.006488099967031818,0.006488099967031818
customer_max_stat_hours_above_5,0.006476700108717955,0.006476700108717955
customer_max_multi_energy_15m,-0.006461076473361322,0.006461076473361322
customer_top3_dist_all_high_hours,0.006457900555664482,0.006457900555664482
customer_max_dist_all_high_hours,0.00641916620162519,0.00641916620162519
customer_top3_multi_neg_q95_60m,0.006372169327419278,0.006372169327419278
customer_mean_stat_load_factor,-0.006342499401741927,0.006342499401741927
customer_mean_dist_level_mode_count,0.006319875095250631,0.006319875095250631
customer_mean_stat_hours_above_1.5,-0.006186812557614724,0.006186812557614724
customer_std_dist_tail_area_kwh,-0.006156361432544189,0.006156361432544189
customer_top3_timed_ramp_count,-0.006123008072144827,0.006123008072144827
customer_top3_multi_energy_60m,-0.006064019746945471,0.006064019746945471
customer_std_multi_abs_mean_15m,-0.005993254384420736,0.005993254384420736
customer_mean_multi_abs_mean_30m,0.005913360638539139,0.005913360638539139
customer_top3_dist_active_days,-0.005851101195960138,0.005851101195960138
customer_top3_multi_neg_q95_120m,0.005841583356403958,0.005841583356403958
customer_std_stat_q95,-0.005822019373355286,0.005822019373355286
customer_top3_dist_midday_negative_share,0.005777730148387196,0.005777730148387196
customer_top3_stat_load_factor,-0.005773715496671285,0.005773715496671285
customer_max_stat_q5,0.005747557193233255,0.005747557193233255
customer_max_stat_hours_above_1.5,-0.00574359041289438,0.00574359041289438
customer_std_dist_window_high_hours,0.005707400216061995,0.005707400216061995
customer_mean_multi_energy_60m,-0.0057027087974610285,0.0057027087974610285
customer_top3_stat_q99,0.005655824821077768,0.005655824821077768
customer_std_timed_active_days,0.005591260680055839,0.005591260680055839
customer_mean_multi_pos_q95_120m,0.0055875781890552725,0.0055875781890552725
customer_std_stat_night_kwh,-0.00557927283613573,0.00557927283613573
customer_mean_stat_q25,0.0054541840979110716,0.0054541840979110716
customer_std_dist_peak_time_cos,0.005283961774770543,0.005283961774770543
customer_max_multi_energy_30m,-0.005238480477013903,0.005238480477013903
customer_mean_dist_active_days,-0.005187843613590894,0.005187843613590894
customer_std_stat_mean,-0.0051387261504564075,0.0051387261504564075
customer_mean_multi_abs_mean_15m,0.004983930243461061,0.004983930243461061
customer_mean_timed_all_ramp_count,0.004952578464242483,0.004952578464242483
customer_mean_stat_weekend_daily_kwh,0.004806322314287659,0.004806322314287659
customer_std_timed_all_ramp_count,0.004775205357299409,0.004775205357299409
customer_max_timed_all_ramp_count,-0.0047483841653686775,0.0047483841653686775
customer_std_stat_range,-0.004564593083734358,0.004564593083734358
customer_max_multi_abs_mean_60m,-0.004528469097968667,0.004528469097968667
customer_std_stat_day_kwh,-0.0044110275813103615,0.0044110275813103615
customer_top3_timed_all_ramp_count,0.004407039425171499,0.004407039425171499
customer_std_stat_hours_above_1.5,0.004367214636526172,0.004367214636526172
customer_top3_multi_energy_15m,-0.004328048752096713,0.004328048752096713
customer_std_dist_all_high_hours,-0.004300878032887469,0.004300878032887469
customer_std_stat_hours_above_5,-0.004238554339144016,0.004238554339144016
customer_mean_dist_tail_mean_kw,0.004237535606028878,0.004237535606028878
customer_top3_stat_night_kwh,-0.003979360134919204,0.003979360134919204
customer_top3_dist_day_profile_consistency,-0.0037186130410573593,0.0037186130410573593
customer_max_multi_abs_mean_30m,-0.003718248365212252,0.003718248365212252
customer_max_multi_neg_q95_60m,0.003659620627562581,0.003659620627562581
customer_top3_multi_energy_30m,-0.0036152262036571806,0.0036152262036571806
customer_mean_dist_peak_time_concentration,-0.0035193484822107187,0.0035193484822107187
customer_top3_dist_window_excess_kwh,-0.0035156906539106653,0.0035156906539106653
customer_top3_stat_q95,-0.003442957007815353,0.003442957007815353
customer_max_multi_pos_q95_15m,0.0033926649707494987,0.0033926649707494987
customer_max_multi_neg_q95_120m,0.0032357531459670705,0.0032357531459670705
customer_max_multi_neg_q95_15m,0.0032064797520296225,0.0032064797520296225
customer_mean_dist_window_excess_kwh,0.0031693031874240746,0.0031693031874240746
customer_max_dist_all_excess_kwh,-0.0029679041810415376,0.0029679041810415376
customer_mean_multi_abs_mean_60m,0.002932332011024589,0.002932332011024589
customer_max_stat_q95,0.00292436438999564,0.00292436438999564
customer_std_stat_load_factor,0.002897217915936168,0.002897217915936168
customer_std_stat_hours_above_7,-0.0028693161140560045,0.0028693161140560045
customer_mean_timed_mean_level_kw,0.002856443518581191,0.002856443518581191
customer_max_dist_day_profile_consistency,-0.0028528568757196717,0.0028528568757196717
customer_max_multi_abs_mean_15m,-0.002840618392345608,0.002840618392345608
customer_top3_stat_day_kwh,0.002785384742955988,0.002785384742955988
customer_mean_multi_energy_15m,-0.0027052835432168163,0.0027052835432168163
customer_max_multi_abs_mean_120m,-0.0026765243443219954,0.0026765243443219954
customer_max_multi_pos_q95_60m,0.0026022439274892674,0.0026022439274892674
customer_max_multi_pos_q95_120m,-0.0025958995510085925,0.0025958995510085925
customer_mean_stat_day_kwh,0.0023516806461452806,0.0023516806461452806
customer_mean_stat_mean,0.0022844326845730682,0.0022844326845730682
customer_mean_timed_start_concentration,-0.002131027291213938,0.002131027291213938
customer_top3_multi_pos_q95_60m,0.002114021080354733,0.002114021080354733
customer_std_dist_tail_mean_kw,0.0021112047018230413,0.0021112047018230413
customer_std_stat_ramp95,-0.0020443187906776144,0.0020443187906776144
customer_top3_stat_mean,0.002033440629362654,0.002033440629362654
customer_top3_dist_all_excess_kwh,-0.0019101717637012268,0.0019101717637012268
customer_mean_multi_energy_30m,-0.0018884654169735481,0.0018884654169735481
customer_mean_stat_range,0.0018262862874691684,0.0018262862874691684
customer_top3_timed_mean_edge_symmetry,0.001818509062271086,0.001818509062271086
customer_std_stat_q25,-0.001809158859332969,0.001809158859332969
customer_mean_timed_mean_edge_symmetry,-0.0017577115401890483,0.0017577115401890483
customer_max_stat_load_factor,-0.0017554802226781511,0.0017554802226781511
customer_mean_stat_q5,-0.0016903803200330606,0.0016903803200330606
customer_top3_stat_q5,0.0016794516699943955,0.0016794516699943955
customer_std_multi_abs_mean_120m,-0.0016274398413539232,0.0016274398413539232
customer_max_stat_range,0.001596693923950895,0.001596693923950895
customer_mean_multi_abs_mean_120m,0.0015277028027340521,0.0015277028027340521
customer_max_stat_night_kwh,-0.0015066875042466005,0.0015066875042466005
customer_top3_multi_abs_mean_30m,0.0013408697542825294,0.0013408697542825294
customer_top3_multi_abs_mean_15m,0.0012882346851274065,0.0012882346851274065
customer_top3_stat_hours_above_1.5,-0.001238408421265871,0.001238408421265871
customer_top3_dist_tail_mean_kw,0.0011704065682089568,0.0011704065682089568
customer_mean_stat_weekday_daily_kwh,0.0011378918491799265,0.0011378918491799265
customer_top3_multi_pos_q95_120m,-0.0010463060291781418,0.0010463060291781418
customer_max_dist_peak_time_concentration,0.0007794702847570596,0.0007794702847570596
customer_mean_stat_q95,0.000732026619175005,0.000732026619175005
customer_mean_stat_q99,0.000675081701261295,0.000675081701261295
customer_max_stat_mean,0.0006378645665876176,0.0006378645665876176
customer_top3_multi_abs_mean_60m,0.0005524470557139081,0.0005524470557139081
customer_top3_stat_q50,0.0005236268415643541,0.0005236268415643541
customer_mean_stat_night_kwh,-0.0005134387694541949,0.0005134387694541949
customer_top3_multi_abs_mean_120m,0.00047856089542811295,0.00047856089542811295
customer_max_stat_weekday_daily_kwh,0.00033635435714057116,0.00033635435714057116
customer_mean_timed_ramp_count,0.00030301905709908844,0.00030301905709908844
customer_mean_dist_day_profile_consistency,-0.0002911248322771056,0.0002911248322771056
customer_top3_stat_range,0.00020786589579482274,0.00020786589579482274
customer_mean_timed_max_rise_kw,-8.497033542614325e-05,8.497033542614325e-05
customer_max_stat_day_kwh,-4.411933538348767e-05,4.411933538348767e-05
customer_top3_stat_weekday_daily_kwh,-2.270769830155504e-05,2.270769830155504e-05
